{"type":"FeatureCollection","features":[{"type":"Feature","properties":{"name":"Tokyo","pop":35676000,"rank":14,"scalerank":0,"minzoom":1.7,"capital":1,"nation":"jpn"},"geometry":{"type":"Point","coordinates":[139.749,35.687]}},{"type":"Feature","properties":{"name":"New York","pop":19040000,"rank":14,"scalerank":0,"minzoom":1.7,"capital":0,"nation":"usa"},"geometry":{"type":"Point","coordinates":[-73.996,40.722]}},{"type":"Feature","properties":{"name":"Mexico","pop":19028000,"rank":14,"scalerank":0,"minzoom":2.1,"capital":1,"nation":"mex"},"geometry":{"type":"Point","coordinates":[-99.133,19.444]}},{"type":"Feature","properties":{"name":"Bombay","pop":18978000,"rank":14,"scalerank":0,"minzoom":1.7,"capital":0,"nation":"ind"},"geometry":{"type":"Point","coordinates":[72.876,19.068]}},{"type":"Feature","properties":{"name":"São Paulo","pop":18845000,"rank":14,"scalerank":0,"minzoom":3,"capital":0,"nation":"bra"},"geometry":{"type":"Point","coordinates":[-46.627,-23.557]}},{"type":"Feature","properties":{"name":"Delhi","pop":15926000,"rank":14,"scalerank":2,"minzoom":4,"capital":0,"nation":"ind"},"geometry":{"type":"Point","coordinates":[77.228,28.672]}},{"type":"Feature","properties":{"name":"Shanghai","pop":14987000,"rank":14,"scalerank":0,"minzoom":2,"capital":0,"nation":"chn"},"geometry":{"type":"Point","coordinates":[121.435,31.218]}},{"type":"Feature","properties":{"name":"Calcutta","pop":14787000,"rank":14,"scalerank":0,"minzoom":3.7,"capital":0,"nation":"ind"},"geometry":{"type":"Point","coordinates":[88.369,22.57]}},{"type":"Feature","properties":{"name":"Dacca","pop":12797394,"rank":14,"scalerank":2,"minzoom":4,"capital":1,"nation":"bgd"},"geometry":{"type":"Point","coordinates":[90.407,23.725]}},{"type":"Feature","properties":{"name":"Buenos Aires","pop":12795000,"rank":14,"scalerank":1,"minzoom":2.1,"capital":1,"nation":"arg"},"geometry":{"type":"Point","coordinates":[-58.433,-34.611]}},{"type":"Feature","properties":{"name":"Los Angeles","pop":12500000,"rank":14,"scalerank":0,"minzoom":2,"capital":0,"nation":"usa"},"geometry":{"type":"Point","coordinates":[-118.232,34.049]}},{"type":"Feature","properties":{"name":"Karachi","pop":12130000,"rank":14,"scalerank":2,"minzoom":4,"capital":0,"nation":"pak"},"geometry":{"type":"Point","coordinates":[66.988,24.872]}},{"type":"Feature","properties":{"name":"Le Caire","pop":11893000,"rank":14,"scalerank":0,"minzoom":1.7,"capital":1,"nation":"egy"},"geometry":{"type":"Point","coordinates":[31.248,30.052]}},{"type":"Feature","properties":{"name":"Rio de Janeiro","pop":11748000,"rank":14,"scalerank":0,"minzoom":1.7,"capital":0,"nation":"bra"},"geometry":{"type":"Point","coordinates":[-43.212,-22.907]}},{"type":"Feature","properties":{"name":"Osaka","pop":11294000,"rank":14,"scalerank":1,"minzoom":3,"capital":0,"nation":"jpn"},"geometry":{"type":"Point","coordinates":[135.504,34.691]}},{"type":"Feature","properties":{"name":"Pékin","pop":11106000,"rank":14,"scalerank":0,"minzoom":1.7,"capital":1,"nation":"chn"},"geometry":{"type":"Point","coordinates":[116.394,39.902]}},{"type":"Feature","properties":{"name":"Manille","pop":11100000,"rank":14,"scalerank":1,"minzoom":2.7,"capital":1,"nation":"phl"},"geometry":{"type":"Point","coordinates":[120.98,14.606]}},{"type":"Feature","properties":{"name":"Moscou","pop":10452000,"rank":14,"scalerank":0,"minzoom":1.7,"capital":1,"nation":"rus"},"geometry":{"type":"Point","coordinates":[37.614,55.754]}},{"type":"Feature","properties":{"name":"Istanbul","pop":10061000,"rank":14,"scalerank":0,"minzoom":3,"capital":0,"nation":"tur"},"geometry":{"type":"Point","coordinates":[28.974,41.018]}},{"type":"Feature","properties":{"name":"Paris","pop":9904000,"rank":13,"scalerank":0,"minzoom":1.7,"capital":1,"nation":"fra"},"geometry":{"type":"Point","coordinates":[2.353,48.858]}},{"type":"Feature","properties":{"name":"Séoul","pop":9796000,"rank":13,"scalerank":1,"minzoom":3,"capital":1,"nation":"kor"},"geometry":{"type":"Point","coordinates":[126.998,37.568]}},{"type":"Feature","properties":{"name":"Lagos","pop":9466000,"rank":13,"scalerank":0,"minzoom":2,"capital":0,"nation":"nga"},"geometry":{"type":"Point","coordinates":[3.39,6.445]}},{"type":"Feature","properties":{"name":"Jakarta","pop":9125000,"rank":13,"scalerank":0,"minzoom":2.1,"capital":1,"nation":"idn"},"geometry":{"type":"Point","coordinates":[106.827,-6.172]}},{"type":"Feature","properties":{"name":"Chicago","pop":8990000,"rank":13,"scalerank":1,"minzoom":3,"capital":0,"nation":"usa"},"geometry":{"type":"Point","coordinates":[-87.635,41.848]}},{"type":"Feature","properties":{"name":"Canton","pop":8829000,"rank":13,"scalerank":2,"minzoom":4,"capital":0,"nation":"chn"},"geometry":{"type":"Point","coordinates":[113.262,23.125]}},{"type":"Feature","properties":{"name":"Londres","pop":8567000,"rank":13,"scalerank":0,"minzoom":1.7,"capital":1,"nation":"gbr"},"geometry":{"type":"Point","coordinates":[-0.119,51.502]}},{"type":"Feature","properties":{"name":"Lima","pop":8012000,"rank":13,"scalerank":1,"minzoom":3,"capital":1,"nation":"per"},"geometry":{"type":"Point","coordinates":[-77.052,-12.046]}},{"type":"Feature","properties":{"name":"Téhéran","pop":7873000,"rank":13,"scalerank":1,"minzoom":3,"capital":1,"nation":"irn"},"geometry":{"type":"Point","coordinates":[51.422,35.674]}},{"type":"Feature","properties":{"name":"Kinshasa","pop":7843000,"rank":13,"scalerank":1,"minzoom":3,"capital":1,"nation":"cod"},"geometry":{"type":"Point","coordinates":[15.313,-4.328]}},{"type":"Feature","properties":{"name":"Bogota","pop":7772000,"rank":13,"scalerank":0,"minzoom":2.1,"capital":1,"nation":"col"},"geometry":{"type":"Point","coordinates":[-74.085,4.598]}},{"type":"Feature","properties":{"name":"Shenzhen","pop":7581000,"rank":13,"scalerank":2,"minzoom":4.7,"capital":0,"nation":"chn"},"geometry":{"type":"Point","coordinates":[114.061,22.548]}},{"type":"Feature","properties":{"name":"Wuhan","pop":7243000,"rank":13,"scalerank":2,"minzoom":4,"capital":0,"nation":"chn"},"geometry":{"type":"Point","coordinates":[114.268,30.582]}},{"type":"Feature","properties":{"name":"Hong Kong","pop":7206000,"rank":13,"scalerank":0,"minzoom":3,"capital":0,"nation":"chn"},"geometry":{"type":"Point","coordinates":[114.183,22.307]}},{"type":"Feature","properties":{"name":"Tianjin","pop":7180000,"rank":13,"scalerank":2,"minzoom":4,"capital":0,"nation":"chn"},"geometry":{"type":"Point","coordinates":[117.197,39.083]}},{"type":"Feature","properties":{"name":"Chennai","pop":7163000,"rank":13,"scalerank":2,"minzoom":4,"capital":0,"nation":"ind"},"geometry":{"type":"Point","coordinates":[80.278,13.092]}},{"type":"Feature","properties":{"name":"Taipei","pop":6900273,"rank":13,"scalerank":1,"minzoom":3.7,"capital":1,"nation":"twn"},"geometry":{"type":"Point","coordinates":[121.568,25.036]}},{"type":"Feature","properties":{"name":"Bangalore","pop":6787000,"rank":13,"scalerank":1,"minzoom":3.7,"capital":0,"nation":"ind"},"geometry":{"type":"Point","coordinates":[77.558,12.972]}},{"type":"Feature","properties":{"name":"Bangkok","pop":6704000,"rank":13,"scalerank":1,"minzoom":3,"capital":1,"nation":"tha"},"geometry":{"type":"Point","coordinates":[100.515,13.752]}},{"type":"Feature","properties":{"name":"Lahore","pop":6577000,"rank":13,"scalerank":2,"minzoom":4,"capital":0,"nation":"pak"},"geometry":{"type":"Point","coordinates":[74.348,31.562]}},{"type":"Feature","properties":{"name":"Chongqing","pop":6461000,"rank":13,"scalerank":2,"minzoom":4,"capital":0,"nation":"chn"},"geometry":{"type":"Point","coordinates":[106.593,29.567]}},{"type":"Feature","properties":{"name":"Hyderabad","pop":6376000,"rank":13,"scalerank":2,"minzoom":4,"capital":0,"nation":"ind"},"geometry":{"type":"Point","coordinates":[78.478,17.402]}},{"type":"Feature","properties":{"name":"Amaravati","pop":5800000,"rank":13,"scalerank":4,"minzoom":5.6,"capital":0,"nation":"ind"},"geometry":{"type":"Point","coordinates":[80.524,16.534]}},{"type":"Feature","properties":{"name":"Santiago","pop":5720000,"rank":13,"scalerank":0,"minzoom":2,"capital":1,"nation":"chl"},"geometry":{"type":"Point","coordinates":[-70.651,-33.44]}},{"type":"Feature","properties":{"name":"Miami","pop":5585000,"rank":13,"scalerank":1,"minzoom":2.1,"capital":0,"nation":"usa"},"geometry":{"type":"Point","coordinates":[-80.226,25.79]}},{"type":"Feature","properties":{"name":"Belo Horizonte","pop":5575000,"rank":13,"scalerank":4,"minzoom":5.1,"capital":0,"nation":"bra"},"geometry":{"type":"Point","coordinates":[-43.917,-19.913]}},{"type":"Feature","properties":{"name":"Madrid","pop":5567000,"rank":13,"scalerank":1,"minzoom":3,"capital":1,"nation":"esp"},"geometry":{"type":"Point","coordinates":[-3.685,40.402]}},{"type":"Feature","properties":{"name":"Philadelphie","pop":5492000,"rank":13,"scalerank":2,"minzoom":5,"capital":0,"nation":"usa"},"geometry":{"type":"Point","coordinates":[-75.18,39.946]}},{"type":"Feature","properties":{"name":"Ahmedabad","pop":5375000,"rank":13,"scalerank":2,"minzoom":4.7,"capital":0,"nation":"ind"},"geometry":{"type":"Point","coordinates":[72.578,23.032]}},{"type":"Feature","properties":{"name":"Hô Chi Minh-Ville","pop":5314000,"rank":13,"scalerank":2,"minzoom":4,"capital":0,"nation":"vnm"},"geometry":{"type":"Point","coordinates":[106.703,10.762]}},{"type":"Feature","properties":{"name":"Toronto","pop":5213000,"rank":13,"scalerank":1,"minzoom":2.1,"capital":0,"nation":"can"},"geometry":{"type":"Point","coordinates":[-79.389,43.665]}},{"type":"Feature","properties":{"name":"Singapour","pop":5183700,"rank":13,"scalerank":0,"minzoom":2.1,"capital":1,"nation":"sgp"},"geometry":{"type":"Point","coordinates":[103.854,1.295]}},{"type":"Feature","properties":{"name":"Luanda","pop":5172900,"rank":13,"scalerank":2,"minzoom":4,"capital":1,"nation":"ago"},"geometry":{"type":"Point","coordinates":[13.232,-8.836]}},{"type":"Feature","properties":{"name":"Bagdad","pop":5054000,"rank":13,"scalerank":1,"minzoom":3.7,"capital":1,"nation":"irq"},"geometry":{"type":"Point","coordinates":[44.392,33.341]}},{"type":"Feature","properties":{"name":"Barcelone","pop":4920000,"rank":12,"scalerank":2,"minzoom":4,"capital":0,"nation":"esp"},"geometry":{"type":"Point","coordinates":[2.181,41.385]}},{"type":"Feature","properties":{"name":"Howrah","pop":4841638,"rank":12,"scalerank":7,"minzoom":6.7,"capital":0,"nation":"ind"},"geometry":{"type":"Point","coordinates":[88.319,22.585]}},{"type":"Feature","properties":{"name":"Dallas","pop":4798000,"rank":12,"scalerank":2,"minzoom":4,"capital":0,"nation":"usa"},"geometry":{"type":"Point","coordinates":[-96.795,32.772]}},{"type":"Feature","properties":{"name":"Shenyang","pop":4787000,"rank":12,"scalerank":2,"minzoom":4,"capital":0,"nation":"chn"},"geometry":{"type":"Point","coordinates":[123.448,41.807]}},{"type":"Feature","properties":{"name":"Khartoum","pop":4754000,"rank":12,"scalerank":2,"minzoom":4,"capital":1,"nation":"sdn"},"geometry":{"type":"Point","coordinates":[32.532,15.59]}},{"type":"Feature","properties":{"name":"Pune","pop":4672000,"rank":12,"scalerank":2,"minzoom":4,"capital":0,"nation":"ind"},"geometry":{"type":"Point","coordinates":[73.852,18.516]}},{"type":"Feature","properties":{"name":"Sydney","pop":4630000,"rank":12,"scalerank":0,"minzoom":1.7,"capital":0,"nation":"aus"},"geometry":{"type":"Point","coordinates":[151.213,-33.871]}},{"type":"Feature","properties":{"name":"Saint-Pétersbourg","pop":4553000,"rank":12,"scalerank":2,"minzoom":3.7,"capital":0,"nation":"rus"},"geometry":{"type":"Point","coordinates":[30.314,59.941]}},{"type":"Feature","properties":{"name":"Chittagong","pop":4529000,"rank":12,"scalerank":2,"minzoom":4,"capital":0,"nation":"bgd"},"geometry":{"type":"Point","coordinates":[91.798,22.332]}},{"type":"Feature","properties":{"name":"Dongguan","pop":4528000,"rank":12,"scalerank":2,"minzoom":5.6,"capital":0,"nation":"chn"},"geometry":{"type":"Point","coordinates":[113.75,23.022]}},{"type":"Feature","properties":{"name":"Atlanta","pop":4506000,"rank":12,"scalerank":1,"minzoom":3,"capital":0,"nation":"usa"},"geometry":{"type":"Point","coordinates":[-84.368,33.739]}},{"type":"Feature","properties":{"name":"Boston","pop":4467000,"rank":12,"scalerank":2,"minzoom":4,"capital":0,"nation":"usa"},"geometry":{"type":"Point","coordinates":[-71.072,42.332]}},{"type":"Feature","properties":{"name":"Riyad","pop":4465000,"rank":12,"scalerank":0,"minzoom":3.7,"capital":1,"nation":"sau"},"geometry":{"type":"Point","coordinates":[46.72,24.634]}},{"type":"Feature","properties":{"name":"Houston","pop":4459000,"rank":12,"scalerank":1,"minzoom":3,"capital":0,"nation":"usa"},"geometry":{"type":"Point","coordinates":[-95.348,29.741]}},{"type":"Feature","properties":{"name":"Hanoï","pop":4378000,"rank":12,"scalerank":2,"minzoom":4,"capital":1,"nation":"vnm"},"geometry":{"type":"Point","coordinates":[105.848,21.035]}},{"type":"Feature","properties":{"name":"Washington","pop":4338000,"rank":12,"scalerank":0,"minzoom":2.1,"capital":1,"nation":"usa"},"geometry":{"type":"Point","coordinates":[-77.011,38.901]}},{"type":"Feature","properties":{"name":"Guadalajara","pop":4198000,"rank":12,"scalerank":2,"minzoom":4,"capital":0,"nation":"mex"},"geometry":{"type":"Point","coordinates":[-103.332,20.672]}},{"type":"Feature","properties":{"name":"Melbourne","pop":4170000,"rank":12,"scalerank":1,"minzoom":3,"capital":0,"nation":"aus"},"geometry":{"type":"Point","coordinates":[144.973,-37.818]}},{"type":"Feature","properties":{"name":"Alexandrie","pop":4165000,"rank":12,"scalerank":2,"minzoom":4,"capital":0,"nation":"egy"},"geometry":{"type":"Point","coordinates":[29.948,31.202]}},{"type":"Feature","properties":{"name":"Chengdu","pop":4123000,"rank":12,"scalerank":1,"minzoom":3,"capital":0,"nation":"chn"},"geometry":{"type":"Point","coordinates":[104.068,30.672]}},{"type":"Feature","properties":{"name":"Détroit","pop":4101000,"rank":12,"scalerank":2,"minzoom":4,"capital":0,"nation":"usa"},"geometry":{"type":"Point","coordinates":[-83.051,42.334]}},{"type":"Feature","properties":{"name":"Rangoun","pop":4088000,"rank":12,"scalerank":2,"minzoom":4,"capital":0,"nation":"mmr"},"geometry":{"type":"Point","coordinates":[96.165,16.785]}},{"type":"Feature","properties":{"name":"Xi'an","pop":4009000,"rank":12,"scalerank":2,"minzoom":3.7,"capital":0,"nation":"chn"},"geometry":{"type":"Point","coordinates":[108.893,34.277]}},{"type":"Feature","properties":{"name":"Porto Alegre","pop":3917000,"rank":12,"scalerank":2,"minzoom":4,"capital":0,"nation":"bra"},"geometry":{"type":"Point","coordinates":[-51.202,-30.048]}},{"type":"Feature","properties":{"name":"Nouveau Taipei","pop":3893740,"rank":12,"scalerank":5,"minzoom":5.7,"capital":0,"nation":"twn"},"geometry":{"type":"Point","coordinates":[121.465,25.013]}},{"type":"Feature","properties":{"name":"Surate","pop":3842000,"rank":12,"scalerank":2,"minzoom":4,"capital":0,"nation":"ind"},"geometry":{"type":"Point","coordinates":[72.838,21.202]}},{"type":"Feature","properties":{"name":"Hechi","pop":3830000,"rank":12,"scalerank":7,"minzoom":6.7,"capital":0,"nation":"chn"},"geometry":{"type":"Point","coordinates":[108.083,24.695]}},{"type":"Feature","properties":{"name":"Abidjan","pop":3802000,"rank":12,"scalerank":2,"minzoom":4,"capital":1,"nation":"civ"},"geometry":{"type":"Point","coordinates":[-4.02,5.323]}},{"type":"Feature","properties":{"name":"Brasilia","pop":3716996,"rank":12,"scalerank":2,"minzoom":3.7,"capital":1,"nation":"bra"},"geometry":{"type":"Point","coordinates":[-47.918,-15.781]}},{"type":"Feature","properties":{"name":"Ankara","pop":3716000,"rank":12,"scalerank":2,"minzoom":4,"capital":1,"nation":"tur"},"geometry":{"type":"Point","coordinates":[32.862,39.929]}},{"type":"Feature","properties":{"name":"Monterrey","pop":3712000,"rank":12,"scalerank":1,"minzoom":3.7,"capital":0,"nation":"mex"},"geometry":{"type":"Point","coordinates":[-100.332,25.672]}},{"type":"Feature","properties":{"name":"Yokohama","pop":3697894,"rank":12,"scalerank":6,"minzoom":6,"capital":0,"nation":"jpn"},"geometry":{"type":"Point","coordinates":[139.602,35.431]}},{"type":"Feature","properties":{"name":"Nankin","pop":3679000,"rank":12,"scalerank":2,"minzoom":4,"capital":0,"nation":"chn"},"geometry":{"type":"Point","coordinates":[118.778,32.052]}},{"type":"Feature","properties":{"name":"Montréal","pop":3678000,"rank":12,"scalerank":2,"minzoom":4,"capital":0,"nation":"can"},"geometry":{"type":"Point","coordinates":[-73.585,45.502]}},{"type":"Feature","properties":{"name":"Guiyang","pop":3662000,"rank":12,"scalerank":2,"minzoom":4.7,"capital":0,"nation":"chn"},"geometry":{"type":"Point","coordinates":[106.718,26.582]}},{"type":"Feature","properties":{"name":"Recife","pop":3651000,"rank":12,"scalerank":2,"minzoom":3.7,"capital":0,"nation":"bra"},"geometry":{"type":"Point","coordinates":[-34.909,-8.061]}},{"type":"Feature","properties":{"name":"Harbin","pop":3621000,"rank":12,"scalerank":2,"minzoom":3.7,"capital":0,"nation":"chn"},"geometry":{"type":"Point","coordinates":[126.648,45.752]}},{"type":"Feature","properties":{"name":"Fortaleza","pop":3602319,"rank":12,"scalerank":2,"minzoom":4,"capital":0,"nation":"bra"},"geometry":{"type":"Point","coordinates":[-38.582,-3.748]}},{"type":"Feature","properties":{"name":"Ürümqi","pop":3575000,"rank":12,"scalerank":1,"minzoom":3.7,"capital":0,"nation":"chn"},"geometry":{"type":"Point","coordinates":[87.573,43.807]}},{"type":"Feature","properties":{"name":"Phoenix","pop":3551000,"rank":12,"scalerank":2,"minzoom":4,"capital":0,"nation":"usa"},"geometry":{"type":"Point","coordinates":[-112.067,33.448]}},{"type":"Feature","properties":{"name":"Zhangzhou","pop":3531147,"rank":12,"scalerank":7,"minzoom":6.7,"capital":0,"nation":"chn"},"geometry":{"type":"Point","coordinates":[117.67,24.52]}},{"type":"Feature","properties":{"name":"Salvador","pop":3484000,"rank":12,"scalerank":2,"minzoom":3.7,"capital":0,"nation":"bra"},"geometry":{"type":"Point","coordinates":[-38.482,-12.968]}},{"type":"Feature","properties":{"name":"Pusan","pop":3480000,"rank":12,"scalerank":4,"minzoom":5.6,"capital":0,"nation":"kor"},"geometry":{"type":"Point","coordinates":[129.008,35.097]}},{"type":"Feature","properties":{"name":"San Francisco","pop":3450000,"rank":12,"scalerank":1,"minzoom":2.7,"capital":0,"nation":"usa"},"geometry":{"type":"Point","coordinates":[-122.4,37.784]}},{"type":"Feature","properties":{"name":"Johannesbourg","pop":3435000,"rank":12,"scalerank":1,"minzoom":3,"capital":0,"nation":"zaf"},"geometry":{"type":"Point","coordinates":[28.028,-26.168]}},{"type":"Feature","properties":{"name":"Berlin","pop":3406000,"rank":12,"scalerank":1,"minzoom":2.7,"capital":1,"nation":"deu"},"geometry":{"type":"Point","coordinates":[13.4,52.524]}},{"type":"Feature","properties":{"name":"Alger","pop":3354000,"rank":12,"scalerank":2,"minzoom":4,"capital":1,"nation":"dza"},"geometry":{"type":"Point","coordinates":[3.049,36.765]}},{"type":"Feature","properties":{"name":"Rome","pop":3339000,"rank":12,"scalerank":0,"minzoom":2.7,"capital":1,"nation":"ita"},"geometry":{"type":"Point","coordinates":[12.481,41.898]}},{"type":"Feature","properties":{"name":"Pyongyang","pop":3300000,"rank":12,"scalerank":2,"minzoom":4.7,"capital":1,"nation":"prk"},"geometry":{"type":"Point","coordinates":[125.753,39.021]}},{"type":"Feature","properties":{"name":"Medellín","pop":3297000,"rank":12,"scalerank":2,"minzoom":4,"capital":0,"nation":"col"},"geometry":{"type":"Point","coordinates":[-75.577,6.277]}},{"type":"Feature","properties":{"name":"Kaboul","pop":3277000,"rank":12,"scalerank":1,"minzoom":3.7,"capital":1,"nation":"afg"},"geometry":{"type":"Point","coordinates":[69.181,34.519]}},{"type":"Feature","properties":{"name":"Athènes","pop":3242000,"rank":12,"scalerank":1,"minzoom":3.7,"capital":1,"nation":"grc"},"geometry":{"type":"Point","coordinates":[23.731,37.985]}},{"type":"Feature","properties":{"name":"Nagoya","pop":3230000,"rank":12,"scalerank":4,"minzoom":5.1,"capital":0,"nation":"jpn"},"geometry":{"type":"Point","coordinates":[136.913,35.157]}},{"type":"Feature","properties":{"name":"Le Cap","pop":3215000,"rank":12,"scalerank":0,"minzoom":1.7,"capital":1,"nation":"zaf"},"geometry":{"type":"Point","coordinates":[18.433,-33.918]}},{"type":"Feature","properties":{"name":"Changchun","pop":3183000,"rank":12,"scalerank":2,"minzoom":4,"capital":0,"nation":"chn"},"geometry":{"type":"Point","coordinates":[125.338,43.867]}},{"type":"Feature","properties":{"name":"Casablanca","pop":3181000,"rank":12,"scalerank":1,"minzoom":3.7,"capital":0,"nation":"mar"},"geometry":{"type":"Point","coordinates":[-7.618,33.602]}},{"type":"Feature","properties":{"name":"Dalian","pop":3167000,"rank":12,"scalerank":4,"minzoom":5.1,"capital":0,"nation":"chn"},"geometry":{"type":"Point","coordinates":[121.628,38.925]}},{"type":"Feature","properties":{"name":"Kanpur","pop":3162000,"rank":12,"scalerank":2,"minzoom":4,"capital":0,"nation":"ind"},"geometry":{"type":"Point","coordinates":[80.318,26.462]}},{"type":"Feature","properties":{"name":"Kano","pop":3140000,"rank":12,"scalerank":2,"minzoom":4.7,"capital":0,"nation":"nga"},"geometry":{"type":"Point","coordinates":[8.518,12.002]}},{"type":"Feature","properties":{"name":"Tel Aviv","pop":3112000,"rank":12,"scalerank":2,"minzoom":4,"capital":0,"nation":"isr"},"geometry":{"type":"Point","coordinates":[34.768,32.082]}},{"type":"Feature","properties":{"name":"Addis-Abeba","pop":3100000,"rank":12,"scalerank":1,"minzoom":3,"capital":1,"nation":"eth"},"geometry":{"type":"Point","coordinates":[38.698,9.035]}},{"type":"Feature","properties":{"name":"Curitiba","pop":3084000,"rank":12,"scalerank":2,"minzoom":4,"capital":0,"nation":"bra"},"geometry":{"type":"Point","coordinates":[-49.322,-25.418]}},{"type":"Feature","properties":{"name":"Seattle","pop":3074000,"rank":12,"scalerank":2,"minzoom":4,"capital":0,"nation":"usa"},"geometry":{"type":"Point","coordinates":[-122.315,47.6]}},{"type":"Feature","properties":{"name":"Zibo","pop":3061000,"rank":12,"scalerank":2,"minzoom":4.7,"capital":0,"nation":"chn"},"geometry":{"type":"Point","coordinates":[117.996,36.821]}},{"type":"Feature","properties":{"name":"Djeddah","pop":3012000,"rank":12,"scalerank":2,"minzoom":4,"capital":0,"nation":"sau"},"geometry":{"type":"Point","coordinates":[39.217,21.519]}},{"type":"Feature","properties":{"name":"Irvine","pop":3010232,"rank":12,"scalerank":7,"minzoom":6.7,"capital":0,"nation":"usa"},"geometry":{"type":"Point","coordinates":[-117.83,33.68]}},{"type":"Feature","properties":{"name":"Nairobi","pop":3010000,"rank":12,"scalerank":0,"minzoom":2,"capital":1,"nation":"ken"},"geometry":{"type":"Point","coordinates":[36.815,-1.281]}},{"type":"Feature","properties":{"name":"Hangzhou","pop":3007000,"rank":12,"scalerank":2,"minzoom":4,"capital":0,"nation":"chn"},"geometry":{"type":"Point","coordinates":[120.168,30.252]}},{"type":"Feature","properties":{"name":"Benoni","pop":2986000,"rank":12,"scalerank":6,"minzoom":6,"capital":0,"nation":"zaf"},"geometry":{"type":"Point","coordinates":[28.328,-26.148]}},{"type":"Feature","properties":{"name":"Caracas","pop":2985000,"rank":12,"scalerank":1,"minzoom":3,"capital":1,"nation":"ven"},"geometry":{"type":"Point","coordinates":[-66.919,10.503]}},{"type":"Feature","properties":{"name":"Milan","pop":2945000,"rank":12,"scalerank":2,"minzoom":4.7,"capital":0,"nation":"ita"},"geometry":{"type":"Point","coordinates":[9.203,45.472]}},{"type":"Feature","properties":{"name":"Stuttgart","pop":2944700,"rank":12,"scalerank":6,"minzoom":6,"capital":0,"nation":"deu"},"geometry":{"type":"Point","coordinates":[9.2,48.78]}},{"type":"Feature","properties":{"name":"Kunming","pop":2931000,"rank":12,"scalerank":2,"minzoom":4,"capital":0,"nation":"chn"},"geometry":{"type":"Point","coordinates":[102.697,25.043]}},{"type":"Feature","properties":{"name":"Dar es Salam","pop":2930000,"rank":12,"scalerank":2,"minzoom":4,"capital":1,"nation":"tza"},"geometry":{"type":"Point","coordinates":[39.266,-6.798]}},{"type":"Feature","properties":{"name":"Jaipur","pop":2917000,"rank":12,"scalerank":2,"minzoom":4,"capital":0,"nation":"ind"},"geometry":{"type":"Point","coordinates":[75.808,26.923]}},{"type":"Feature","properties":{"name":"San Diego","pop":2916000,"rank":12,"scalerank":2,"minzoom":4,"capital":0,"nation":"usa"},"geometry":{"type":"Point","coordinates":[-117.151,32.719]}},{"type":"Feature","properties":{"name":"Taiyuan","pop":2913000,"rank":12,"scalerank":2,"minzoom":4,"capital":0,"nation":"chn"},"geometry":{"type":"Point","coordinates":[112.543,37.877]}},{"type":"Feature","properties":{"name":"Francfort","pop":2895000,"rank":12,"scalerank":2,"minzoom":4,"capital":0,"nation":"deu"},"geometry":{"type":"Point","coordinates":[8.675,50.1]}},{"type":"Feature","properties":{"name":"Qingdao","pop":2866000,"rank":12,"scalerank":4,"minzoom":5,"capital":0,"nation":"chn"},"geometry":{"type":"Point","coordinates":[120.328,36.092]}},{"type":"Feature","properties":{"name":"Surabaya","pop":2845000,"rank":12,"scalerank":2,"minzoom":4,"capital":0,"nation":"idn"},"geometry":{"type":"Point","coordinates":[112.749,-7.247]}},{"type":"Feature","properties":{"name":"Lisbonne","pop":2812000,"rank":12,"scalerank":2,"minzoom":4,"capital":1,"nation":"prt"},"geometry":{"type":"Point","coordinates":[-9.147,38.725]}},{"type":"Feature","properties":{"name":"Jinan","pop":2798000,"rank":12,"scalerank":2,"minzoom":4,"capital":0,"nation":"chn"},"geometry":{"type":"Point","coordinates":[116.993,36.677]}},{"type":"Feature","properties":{"name":"Fukuoka","pop":2792000,"rank":12,"scalerank":4,"minzoom":5.6,"capital":0,"nation":"jpn"},"geometry":{"type":"Point","coordinates":[130.408,33.597]}},{"type":"Feature","properties":{"name":"Campinas","pop":2791000,"rank":12,"scalerank":4,"minzoom":5.6,"capital":0,"nation":"bra"},"geometry":{"type":"Point","coordinates":[-47.056,-22.908]}},{"type":"Feature","properties":{"name":"Kaohsiung","pop":2769072,"rank":12,"scalerank":3,"minzoom":5,"capital":0,"nation":"twn"},"geometry":{"type":"Point","coordinates":[120.267,22.633]}},{"type":"Feature","properties":{"name":"Quezon City","pop":2761720,"rank":12,"scalerank":7,"minzoom":6.7,"capital":0,"nation":"phl"},"geometry":{"type":"Point","coordinates":[121.03,14.65]}},{"type":"Feature","properties":{"name":"Katowice","pop":2746000,"rank":12,"scalerank":7,"minzoom":6.1,"capital":0,"nation":"pol"},"geometry":{"type":"Point","coordinates":[19.02,50.26]}},{"type":"Feature","properties":{"name":"Alep","pop":2738000,"rank":12,"scalerank":2,"minzoom":4.7,"capital":0,"nation":"syr"},"geometry":{"type":"Point","coordinates":[37.168,36.232]}},{"type":"Feature","properties":{"name":"Durban","pop":2729000,"rank":12,"scalerank":2,"minzoom":4,"capital":0,"nation":"zaf"},"geometry":{"type":"Point","coordinates":[31.011,-29.861]}},{"type":"Feature","properties":{"name":"Kiev","pop":2709000,"rank":12,"scalerank":1,"minzoom":3.7,"capital":1,"nation":"ukr"},"geometry":{"type":"Point","coordinates":[30.515,50.435]}},{"type":"Feature","properties":{"name":"Lucknow","pop":2695000,"rank":12,"scalerank":4,"minzoom":5.6,"capital":0,"nation":"ind"},"geometry":{"type":"Point","coordinates":[80.913,26.857]}},{"type":"Feature","properties":{"name":"Gizeh","pop":2681863,"rank":12,"scalerank":6,"minzoom":6,"capital":0,"nation":"egy"},"geometry":{"type":"Point","coordinates":[31.19,30.01]}},{"type":"Feature","properties":{"name":"Zhengzhou","pop":2636000,"rank":12,"scalerank":2,"minzoom":4,"capital":0,"nation":"chn"},"geometry":{"type":"Point","coordinates":[113.663,34.757]}},{"type":"Feature","properties":{"name":"Taichung","pop":2629323,"rank":12,"scalerank":4,"minzoom":5.6,"capital":0,"nation":"twn"},"geometry":{"type":"Point","coordinates":[120.682,24.152]}},{"type":"Feature","properties":{"name":"Ibadan","pop":2628000,"rank":12,"scalerank":4,"minzoom":5.1,"capital":0,"nation":"nga"},"geometry":{"type":"Point","coordinates":[3.928,7.382]}},{"type":"Feature","properties":{"name":"Faisalabad","pop":2617000,"rank":12,"scalerank":6,"minzoom":6,"capital":0,"nation":"pak"},"geometry":{"type":"Point","coordinates":[73.108,31.412]}},{"type":"Feature","properties":{"name":"Minneapolis","pop":2616000,"rank":12,"scalerank":2,"minzoom":4,"capital":0,"nation":"usa"},"geometry":{"type":"Point","coordinates":[-93.254,44.982]}},{"type":"Feature","properties":{"name":"Fuzhou","pop":2606000,"rank":12,"scalerank":2,"minzoom":4.7,"capital":0,"nation":"chn"},"geometry":{"type":"Point","coordinates":[119.298,26.082]}},{"type":"Feature","properties":{"name":"Changsha","pop":2604000,"rank":12,"scalerank":2,"minzoom":4.7,"capital":0,"nation":"chn"},"geometry":{"type":"Point","coordinates":[112.968,28.202]}},{"type":"Feature","properties":{"name":"Dakar","pop":2604000,"rank":12,"scalerank":1,"minzoom":3,"capital":1,"nation":"sen"},"geometry":{"type":"Point","coordinates":[-17.475,14.718]}},{"type":"Feature","properties":{"name":"Izmir","pop":2587000,"rank":12,"scalerank":4,"minzoom":5.1,"capital":0,"nation":"tur"},"geometry":{"type":"Point","coordinates":[27.15,38.438]}},{"type":"Feature","properties":{"name":"Xiangtan","pop":2586948,"rank":12,"scalerank":7,"minzoom":6.7,"capital":0,"nation":"chn"},"geometry":{"type":"Point","coordinates":[112.9,27.85]}},{"type":"Feature","properties":{"name":"Lanzhou","pop":2561000,"rank":12,"scalerank":2,"minzoom":4,"capital":0,"nation":"chn"},"geometry":{"type":"Point","coordinates":[103.79,36.058]}},{"type":"Feature","properties":{"name":"Incheon","pop":2550000,"rank":12,"scalerank":4,"minzoom":5.6,"capital":0,"nation":"kor"},"geometry":{"type":"Point","coordinates":[126.64,37.478]}},{"type":"Feature","properties":{"name":"Sapporo","pop":2544000,"rank":12,"scalerank":2,"minzoom":4,"capital":0,"nation":"jpn"},"geometry":{"type":"Point","coordinates":[141.338,43.077]}},{"type":"Feature","properties":{"name":"Xiamen","pop":2519000,"rank":12,"scalerank":4,"minzoom":5.6,"capital":0,"nation":"chn"},"geometry":{"type":"Point","coordinates":[118.078,24.452]}},{"type":"Feature","properties":{"name":"Guayaquil","pop":2514000,"rank":12,"scalerank":2,"minzoom":4.7,"capital":0,"nation":"ecu"},"geometry":{"type":"Point","coordinates":[-79.922,-2.218]}},{"type":"Feature","properties":{"name":"George Town","pop":2500000,"rank":12,"scalerank":4,"minzoom":5.1,"capital":0,"nation":"mys"},"geometry":{"type":"Point","coordinates":[100.329,5.414]}},{"type":"Feature","properties":{"name":"San Juan","pop":2478905,"rank":12,"scalerank":3,"minzoom":5,"capital":0,"nation":"usa"},"geometry":{"type":"Point","coordinates":[-66.13,18.44]}},{"type":"Feature","properties":{"name":"Mechhed","pop":2469000,"rank":12,"scalerank":2,"minzoom":4,"capital":0,"nation":"irn"},"geometry":{"type":"Point","coordinates":[59.568,36.272]}},{"type":"Feature","properties":{"name":"Damas","pop":2466000,"rank":12,"scalerank":2,"minzoom":4.7,"capital":1,"nation":"syr"},"geometry":{"type":"Point","coordinates":[36.298,33.502]}},{"type":"Feature","properties":{"name":"Daegu","pop":2460000,"rank":12,"scalerank":6,"minzoom":6,"capital":0,"nation":"kor"},"geometry":{"type":"Point","coordinates":[128.605,35.869]}},{"type":"Feature","properties":{"name":"Nagpur","pop":2454000,"rank":12,"scalerank":2,"minzoom":4,"capital":0,"nation":"ind"},"geometry":{"type":"Point","coordinates":[79.088,21.172]}},{"type":"Feature","properties":{"name":"Lianshan","pop":2426000,"rank":12,"scalerank":4,"minzoom":5.6,"capital":0,"nation":"chn"},"geometry":{"type":"Point","coordinates":[120.828,40.752]}},{"type":"Feature","properties":{"name":"Shijiazhuang","pop":2417000,"rank":12,"scalerank":4,"minzoom":5.6,"capital":0,"nation":"chn"},"geometry":{"type":"Point","coordinates":[114.478,38.052]}},{"type":"Feature","properties":{"name":"Tunis","pop":2412500,"rank":12,"scalerank":3,"minzoom":5,"capital":1,"nation":"tun"},"geometry":{"type":"Point","coordinates":[10.18,36.803]}},{"type":"Feature","properties":{"name":"Vienne","pop":2400000,"rank":12,"scalerank":1,"minzoom":3.7,"capital":1,"nation":"aut"},"geometry":{"type":"Point","coordinates":[16.365,48.202]}},{"type":"Feature","properties":{"name":"Jilin","pop":2396000,"rank":12,"scalerank":4,"minzoom":5.6,"capital":0,"nation":"chn"},"geometry":{"type":"Point","coordinates":[126.548,43.852]}},{"type":"Feature","properties":{"name":"Omdourman","pop":2395159,"rank":12,"scalerank":4,"minzoom":5.6,"capital":0,"nation":"sdn"},"geometry":{"type":"Point","coordinates":[32.48,15.617]}},{"type":"Feature","properties":{"name":"Bandung","pop":2394000,"rank":12,"scalerank":2,"minzoom":4.7,"capital":0,"nation":"idn"},"geometry":{"type":"Point","coordinates":[107.568,-6.948]}},{"type":"Feature","properties":{"name":"Bekasi","pop":2378211,"rank":12,"scalerank":7,"minzoom":6.7,"capital":0,"nation":"idn"},"geometry":{"type":"Point","coordinates":[106.972,-6.217]}},{"type":"Feature","properties":{"name":"Mannheim","pop":2362000,"rank":12,"scalerank":7,"minzoom":6.1,"capital":0,"nation":"deu"},"geometry":{"type":"Point","coordinates":[8.47,49.5]}},{"type":"Feature","properties":{"name":"Nanchang","pop":2350000,"rank":12,"scalerank":2,"minzoom":4.7,"capital":0,"nation":"chn"},"geometry":{"type":"Point","coordinates":[115.878,28.682]}},{"type":"Feature","properties":{"name":"Wenzhou","pop":2350000,"rank":12,"scalerank":4,"minzoom":5.1,"capital":0,"nation":"chn"},"geometry":{"type":"Point","coordinates":[120.648,28.022]}},{"type":"Feature","properties":{"name":"Tampa","pop":2314000,"rank":12,"scalerank":2,"minzoom":5,"capital":0,"nation":"usa"},"geometry":{"type":"Point","coordinates":[-82.461,27.949]}},{"type":"Feature","properties":{"name":"Vancouver","pop":2313328,"rank":12,"scalerank":1,"minzoom":2.1,"capital":0,"nation":"can"},"geometry":{"type":"Point","coordinates":[-123.124,49.275]}},{"type":"Feature","properties":{"name":"Denver","pop":2313000,"rank":12,"scalerank":1,"minzoom":3.7,"capital":0,"nation":"usa"},"geometry":{"type":"Point","coordinates":[-104.986,39.741]}},{"type":"Feature","properties":{"name":"Birmingham","pop":2285000,"rank":12,"scalerank":4,"minzoom":5,"capital":0,"nation":"gbr"},"geometry":{"type":"Point","coordinates":[-1.922,52.477]}},{"type":"Feature","properties":{"name":"Baltimore","pop":2255000,"rank":12,"scalerank":4,"minzoom":5.6,"capital":0,"nation":"usa"},"geometry":{"type":"Point","coordinates":[-76.615,39.282]}},{"type":"Feature","properties":{"name":"Cali","pop":2254000,"rank":12,"scalerank":2,"minzoom":4,"capital":0,"nation":"col"},"geometry":{"type":"Point","coordinates":[-76.502,3.402]}},{"type":"Feature","properties":{"name":"Naples","pop":2250000,"rank":12,"scalerank":2,"minzoom":4.7,"capital":0,"nation":"ita"},"geometry":{"type":"Point","coordinates":[14.243,40.842]}},{"type":"Feature","properties":{"name":"Sendai","pop":2250000,"rank":12,"scalerank":4,"minzoom":5.1,"capital":0,"nation":"jpn"},"geometry":{"type":"Point","coordinates":[140.87,38.268]}},{"type":"Feature","properties":{"name":"Manchester","pop":2230000,"rank":12,"scalerank":4,"minzoom":5,"capital":0,"nation":"gbr"},"geometry":{"type":"Point","coordinates":[-2.249,53.475]}},{"type":"Feature","properties":{"name":"Saint-Louis","pop":2199000,"rank":12,"scalerank":2,"minzoom":4,"capital":0,"nation":"usa"},"geometry":{"type":"Point","coordinates":[-90.242,38.637]}},{"type":"Feature","properties":{"name":"Puebla","pop":2195000,"rank":12,"scalerank":2,"minzoom":4,"capital":0,"nation":"mex"},"geometry":{"type":"Point","coordinates":[-98.204,19.033]}},{"type":"Feature","properties":{"name":"Tripoli","pop":2189000,"rank":12,"scalerank":2,"minzoom":4,"capital":1,"nation":"lby"},"geometry":{"type":"Point","coordinates":[13.18,32.893]}},{"type":"Feature","properties":{"name":"Tachkent","pop":2184000,"rank":12,"scalerank":1,"minzoom":3.7,"capital":1,"nation":"uzb"},"geometry":{"type":"Point","coordinates":[69.269,41.304]}},{"type":"Feature","properties":{"name":"La Havane","pop":2174000,"rank":12,"scalerank":2,"minzoom":4,"capital":1,"nation":"cub"},"geometry":{"type":"Point","coordinates":[-82.366,23.134]}},{"type":"Feature","properties":{"name":"Nanchong","pop":2174000,"rank":12,"scalerank":4,"minzoom":5.6,"capital":0,"nation":"chn"},"geometry":{"type":"Point","coordinates":[106.128,30.782]}},{"type":"Feature","properties":{"name":"Belém","pop":2167000,"rank":12,"scalerank":2,"minzoom":4,"capital":0,"nation":"bra"},"geometry":{"type":"Point","coordinates":[-48.482,-1.448]}},{"type":"Feature","properties":{"name":"Nanning","pop":2167000,"rank":12,"scalerank":2,"minzoom":4,"capital":0,"nation":"chn"},"geometry":{"type":"Point","coordinates":[108.318,22.822]}},{"type":"Feature","properties":{"name":"Patna","pop":2158000,"rank":12,"scalerank":2,"minzoom":4.7,"capital":0,"nation":"ind"},"geometry":{"type":"Point","coordinates":[85.128,25.627]}},{"type":"Feature","properties":{"name":"Saint-Domingue","pop":2154000,"rank":12,"scalerank":2,"minzoom":4,"capital":1,"nation":"dom"},"geometry":{"type":"Point","coordinates":[-69.93,18.471]}},{"type":"Feature","properties":{"name":"Zaozhuang","pop":2145000,"rank":12,"scalerank":4,"minzoom":5.1,"capital":0,"nation":"chn"},"geometry":{"type":"Point","coordinates":[117.568,34.882]}},{"type":"Feature","properties":{"name":"Bakou","pop":2122300,"rank":12,"scalerank":3,"minzoom":5,"capital":1,"nation":"aze"},"geometry":{"type":"Point","coordinates":[49.86,40.397]}},{"type":"Feature","properties":{"name":"Accra","pop":2121000,"rank":12,"scalerank":2,"minzoom":4,"capital":1,"nation":"gha"},"geometry":{"type":"Point","coordinates":[-0.219,5.552]}},{"type":"Feature","properties":{"name":"Yantai","pop":2116000,"rank":12,"scalerank":4,"minzoom":5.6,"capital":0,"nation":"chn"},"geometry":{"type":"Point","coordinates":[121.398,37.532]}},{"type":"Feature","properties":{"name":"Medan","pop":2115000,"rank":12,"scalerank":2,"minzoom":4,"capital":0,"nation":"idn"},"geometry":{"type":"Point","coordinates":[98.648,3.582]}},{"type":"Feature","properties":{"name":"Santa Cruz de la Sierra","pop":2102998,"rank":12,"scalerank":3,"minzoom":5,"capital":0,"nation":"bol"},"geometry":{"type":"Point","coordinates":[-63.228,-17.752]}},{"type":"Feature","properties":{"name":"Xuzhou","pop":2091000,"rank":12,"scalerank":4,"minzoom":5.6,"capital":0,"nation":"chn"},"geometry":{"type":"Point","coordinates":[117.178,34.282]}},{"type":"Feature","properties":{"name":"Linyi","pop":2082000,"rank":12,"scalerank":4,"minzoom":5.6,"capital":0,"nation":"chn"},"geometry":{"type":"Point","coordinates":[118.328,35.082]}},{"type":"Feature","properties":{"name":"Maracaibo","pop":2072000,"rank":12,"scalerank":2,"minzoom":4,"capital":0,"nation":"ven"},"geometry":{"type":"Point","coordinates":[-71.662,10.732]}},{"type":"Feature","properties":{"name":"Koweït","pop":2063000,"rank":12,"scalerank":2,"minzoom":4,"capital":1,"nation":"kwt"},"geometry":{"type":"Point","coordinates":[47.976,29.372]}},{"type":"Feature","properties":{"name":"Dammam","pop":2054710,"rank":12,"scalerank":7,"minzoom":6.7,"capital":0,"nation":"sau"},"geometry":{"type":"Point","coordinates":[50.098,26.43]}},{"type":"Feature","properties":{"name":"Haikou","pop":2046189,"rank":12,"scalerank":6,"minzoom":6,"capital":0,"nation":"chn"},"geometry":{"type":"Point","coordinates":[110.32,20.05]}},{"type":"Feature","properties":{"name":"Hiroshima","pop":2045000,"rank":12,"scalerank":2,"minzoom":4,"capital":0,"nation":"jpn"},"geometry":{"type":"Point","coordinates":[132.441,34.39]}},{"type":"Feature","properties":{"name":"Fort Lauderdale","pop":2042042,"rank":12,"scalerank":7,"minzoom":6.1,"capital":0,"nation":"usa"},"geometry":{"type":"Point","coordinates":[-80.142,26.136]}},{"type":"Feature","properties":{"name":"Long Beach","pop":2036134,"rank":12,"scalerank":6,"minzoom":6,"capital":0,"nation":"usa"},"geometry":{"type":"Point","coordinates":[-118.2,33.777]}},{"type":"Feature","properties":{"name":"Baotou","pop":2036000,"rank":12,"scalerank":2,"minzoom":4,"capital":0,"nation":"chn"},"geometry":{"type":"Point","coordinates":[109.82,40.654]}},{"type":"Feature","properties":{"name":"Hefei","pop":2035000,"rank":12,"scalerank":4,"minzoom":5.6,"capital":0,"nation":"chn"},"geometry":{"type":"Point","coordinates":[117.278,31.852]}},{"type":"Feature","properties":{"name":"Indore","pop":2026000,"rank":12,"scalerank":4,"minzoom":5.6,"capital":0,"nation":"ind"},"geometry":{"type":"Point","coordinates":[75.863,22.717]}},{"type":"Feature","properties":{"name":"Goiânia","pop":2022000,"rank":12,"scalerank":2,"minzoom":4.7,"capital":0,"nation":"bra"},"geometry":{"type":"Point","coordinates":[-49.302,-16.718]}},{"type":"Feature","properties":{"name":"Sanaa","pop":2008000,"rank":12,"scalerank":2,"minzoom":4,"capital":1,"nation":"yem"},"geometry":{"type":"Point","coordinates":[44.205,15.357]}},{"type":"Feature","properties":{"name":"Port-au-Prince","pop":1998000,"rank":12,"scalerank":3,"minzoom":5,"capital":1,"nation":"hti"},"geometry":{"type":"Point","coordinates":[-72.338,18.543]}},{"type":"Feature","properties":{"name":"Haïphong","pop":1969000,"rank":12,"scalerank":4,"minzoom":5.6,"capital":0,"nation":"vnm"},"geometry":{"type":"Point","coordinates":[106.678,20.832]}},{"type":"Feature","properties":{"name":"Suzhou","pop":1964000,"rank":12,"scalerank":4,"minzoom":5.6,"capital":0,"nation":"chn"},"geometry":{"type":"Point","coordinates":[116.977,33.638]}},{"type":"Feature","properties":{"name":"Nanyang","pop":1944000,"rank":12,"scalerank":4,"minzoom":5.6,"capital":0,"nation":"chn"},"geometry":{"type":"Point","coordinates":[112.528,33.002]}},{"type":"Feature","properties":{"name":"Bucarest","pop":1942000,"rank":12,"scalerank":2,"minzoom":4,"capital":1,"nation":"rou"},"geometry":{"type":"Point","coordinates":[26.098,44.435]}},{"type":"Feature","properties":{"name":"Ningbo","pop":1923000,"rank":12,"scalerank":4,"minzoom":5.1,"capital":0,"nation":"chn"},"geometry":{"type":"Point","coordinates":[121.548,29.882]}},{"type":"Feature","properties":{"name":"Douala","pop":1906000,"rank":12,"scalerank":4,"minzoom":5.6,"capital":0,"nation":"cmr"},"geometry":{"type":"Point","coordinates":[9.708,4.062]}},{"type":"Feature","properties":{"name":"Cleveland","pop":1890000,"rank":12,"scalerank":3,"minzoom":5,"capital":0,"nation":"usa"},"geometry":{"type":"Point","coordinates":[-81.697,41.472]}},{"type":"Feature","properties":{"name":"Tangshan","pop":1879000,"rank":12,"scalerank":6,"minzoom":6,"capital":0,"nation":"chn"},"geometry":{"type":"Point","coordinates":[118.192,39.626]}},{"type":"Feature","properties":{"name":"Tainan","pop":1876312,"rank":12,"scalerank":6,"minzoom":6,"capital":0,"nation":"twn"},"geometry":{"type":"Point","coordinates":[120.2,23]}},{"type":"Feature","properties":{"name":"Portland","pop":1875000,"rank":12,"scalerank":3,"minzoom":4,"capital":0,"nation":"usa"},"geometry":{"type":"Point","coordinates":[-122.682,45.522]}},{"type":"Feature","properties":{"name":"Datong","pop":1873000,"rank":12,"scalerank":6,"minzoom":6,"capital":0,"nation":"chn"},"geometry":{"type":"Point","coordinates":[113.298,40.082]}},{"type":"Feature","properties":{"name":"Asuncion","pop":1870000,"rank":12,"scalerank":3,"minzoom":4,"capital":1,"nation":"pry"},"geometry":{"type":"Point","coordinates":[-57.626,-25.291]}},{"type":"Feature","properties":{"name":"Saidu Sharif","pop":1860310,"rank":12,"scalerank":6,"minzoom":6,"capital":0,"nation":"pak"},"geometry":{"type":"Point","coordinates":[72.35,34.75]}},{"type":"Feature","properties":{"name":"Brisbane","pop":1860000,"rank":12,"scalerank":3,"minzoom":4,"capital":0,"nation":"aus"},"geometry":{"type":"Point","coordinates":[153.033,-27.453]}},{"type":"Feature","properties":{"name":"Rawalpindi","pop":1858000,"rank":12,"scalerank":6,"minzoom":6,"capital":0,"nation":"pak"},"geometry":{"type":"Point","coordinates":[73.068,33.591]}},{"type":"Feature","properties":{"name":"Beyrouth","pop":1846000,"rank":12,"scalerank":3,"minzoom":5,"capital":1,"nation":"lbn"},"geometry":{"type":"Point","coordinates":[35.508,33.874]}},{"type":"Feature","properties":{"name":"Pittsburgh","pop":1838000,"rank":12,"scalerank":3,"minzoom":5,"capital":0,"nation":"usa"},"geometry":{"type":"Point","coordinates":[-80.002,40.432]}},{"type":"Feature","properties":{"name":"Las Vegas","pop":1823000,"rank":12,"scalerank":3,"minzoom":5,"capital":0,"nation":"usa"},"geometry":{"type":"Point","coordinates":[-115.151,36.165]}},{"type":"Feature","properties":{"name":"Kyoto","pop":1805000,"rank":12,"scalerank":4,"minzoom":5.1,"capital":0,"nation":"jpn"},"geometry":{"type":"Point","coordinates":[135.748,35.032]}},{"type":"Feature","properties":{"name":"Minsk","pop":1805000,"rank":12,"scalerank":3,"minzoom":5,"capital":1,"nation":"blr"},"geometry":{"type":"Point","coordinates":[27.565,53.902]}},{"type":"Feature","properties":{"name":"Barranquilla","pop":1798000,"rank":12,"scalerank":4,"minzoom":5.6,"capital":0,"nation":"col"},"geometry":{"type":"Point","coordinates":[-74.802,10.962]}},{"type":"Feature","properties":{"name":"Shuyang","pop":1770000,"rank":12,"scalerank":7,"minzoom":6.7,"capital":0,"nation":"chn"},"geometry":{"type":"Point","coordinates":[118.773,34.13]}},{"type":"Feature","properties":{"name":"Valencia","pop":1770000,"rank":12,"scalerank":3,"minzoom":5,"capital":0,"nation":"ven"},"geometry":{"type":"Point","coordinates":[-67.982,10.232]}},{"type":"Feature","properties":{"name":"Hambourg","pop":1757000,"rank":12,"scalerank":2,"minzoom":5,"capital":0,"nation":"deu"},"geometry":{"type":"Point","coordinates":[9.998,53.552]}},{"type":"Feature","properties":{"name":"Vadodara","pop":1756000,"rank":12,"scalerank":4,"minzoom":5.6,"capital":0,"nation":"ind"},"geometry":{"type":"Point","coordinates":[73.178,22.312]}},{"type":"Feature","properties":{"name":"Manaus","pop":1753000,"rank":12,"scalerank":3,"minzoom":4,"capital":0,"nation":"bra"},"geometry":{"type":"Point","coordinates":[-60.002,-3.098]}},{"type":"Feature","properties":{"name":"Shangqiu","pop":1753000,"rank":12,"scalerank":6,"minzoom":6,"capital":0,"nation":"chn"},"geometry":{"type":"Point","coordinates":[115.65,34.413]}},{"type":"Feature","properties":{"name":"Palembang","pop":1749000,"rank":12,"scalerank":3,"minzoom":5,"capital":0,"nation":"idn"},"geometry":{"type":"Point","coordinates":[104.748,-2.978]}},{"type":"Feature","properties":{"name":"Wuxi","pop":1749000,"rank":12,"scalerank":4,"minzoom":5.6,"capital":0,"nation":"chn"},"geometry":{"type":"Point","coordinates":[120.298,31.582]}},{"type":"Feature","properties":{"name":"San Bernardino","pop":1745000,"rank":12,"scalerank":4,"minzoom":5.6,"capital":0,"nation":"usa"},"geometry":{"type":"Point","coordinates":[-117.302,34.122]}},{"type":"Feature","properties":{"name":"Bruxelles","pop":1743000,"rank":12,"scalerank":2,"minzoom":4.7,"capital":1,"nation":"bel"},"geometry":{"type":"Point","coordinates":[4.331,50.835]}},{"type":"Feature","properties":{"name":"Essen","pop":1742135,"rank":12,"scalerank":8,"minzoom":6.1,"capital":0,"nation":"deu"},"geometry":{"type":"Point","coordinates":[7.017,51.45]}},{"type":"Feature","properties":{"name":"Bhopal","pop":1727000,"rank":12,"scalerank":3,"minzoom":5,"capital":0,"nation":"ind"},"geometry":{"type":"Point","coordinates":[77.408,23.252]}},{"type":"Feature","properties":{"name":"Hohhot","pop":1726000,"rank":12,"scalerank":4,"minzoom":5.1,"capital":0,"nation":"chn"},"geometry":{"type":"Point","coordinates":[111.658,40.822]}},{"type":"Feature","properties":{"name":"Luoyang","pop":1715000,"rank":12,"scalerank":6,"minzoom":6,"capital":0,"nation":"chn"},"geometry":{"type":"Point","coordinates":[112.444,34.644]}},{"type":"Feature","properties":{"name":"Santos","pop":1709000,"rank":12,"scalerank":6,"minzoom":6,"capital":0,"nation":"bra"},"geometry":{"type":"Point","coordinates":[-46.328,-23.962]}},{"type":"Feature","properties":{"name":"Jingmen","pop":1708000,"rank":12,"scalerank":6,"minzoom":6,"capital":0,"nation":"chn"},"geometry":{"type":"Point","coordinates":[113.158,30.652]}},{"type":"Feature","properties":{"name":"Varsovie","pop":1707000,"rank":12,"scalerank":2,"minzoom":4,"capital":1,"nation":"pol"},"geometry":{"type":"Point","coordinates":[21.005,52.231]}},{"type":"Feature","properties":{"name":"Rabat","pop":1705000,"rank":12,"scalerank":3,"minzoom":5,"capital":1,"nation":"mar"},"geometry":{"type":"Point","coordinates":[-6.836,34.025]}},{"type":"Feature","properties":{"name":"Vitória","pop":1704000,"rank":12,"scalerank":6,"minzoom":6,"capital":0,"nation":"bra"},"geometry":{"type":"Point","coordinates":[-40.354,-20.332]}},{"type":"Feature","properties":{"name":"Quito","pop":1701000,"rank":12,"scalerank":3,"minzoom":4,"capital":1,"nation":"ecu"},"geometry":{"type":"Point","coordinates":[-78.502,-0.213]}},{"type":"Feature","properties":{"name":"Antananarivo","pop":1697000,"rank":12,"scalerank":3,"minzoom":5,"capital":1,"nation":"mdg"},"geometry":{"type":"Point","coordinates":[47.515,-18.915]}},{"type":"Feature","properties":{"name":"Coimbatore","pop":1696000,"rank":12,"scalerank":3,"minzoom":5,"capital":0,"nation":"ind"},"geometry":{"type":"Point","coordinates":[76.948,11.002]}},{"type":"Feature","properties":{"name":"Daqing","pop":1693000,"rank":12,"scalerank":4,"minzoom":5.1,"capital":0,"nation":"chn"},"geometry":{"type":"Point","coordinates":[124.998,46.582]}},{"type":"Feature","properties":{"name":"Lu'an","pop":1690000,"rank":12,"scalerank":6,"minzoom":6,"capital":0,"nation":"chn"},"geometry":{"type":"Point","coordinates":[116.478,31.752]}},{"type":"Feature","properties":{"name":"Wanzhou","pop":1680000,"rank":12,"scalerank":6,"minzoom":6,"capital":0,"nation":"chn"},"geometry":{"type":"Point","coordinates":[108.4,30.82]}},{"type":"Feature","properties":{"name":"Budapest","pop":1679000,"rank":12,"scalerank":2,"minzoom":4.7,"capital":1,"nation":"hun"},"geometry":{"type":"Point","coordinates":[19.081,47.502]}},{"type":"Feature","properties":{"name":"San José","pop":1668000,"rank":12,"scalerank":3,"minzoom":5,"capital":0,"nation":"usa"},"geometry":{"type":"Point","coordinates":[-121.888,37.331]}},{"type":"Feature","properties":{"name":"Turin","pop":1652000,"rank":12,"scalerank":6,"minzoom":6,"capital":0,"nation":"ita"},"geometry":{"type":"Point","coordinates":[7.668,45.072]}},{"type":"Feature","properties":{"name":"Suzhou","pop":1650000,"rank":12,"scalerank":4,"minzoom":5.6,"capital":0,"nation":"chn"},"geometry":{"type":"Point","coordinates":[120.618,31.302]}},{"type":"Feature","properties":{"name":"Ludhiana","pop":1649000,"rank":12,"scalerank":4,"minzoom":5.6,"capital":0,"nation":"ind"},"geometry":{"type":"Point","coordinates":[75.87,30.93]}},{"type":"Feature","properties":{"name":"Kumasi","pop":1646000,"rank":12,"scalerank":6,"minzoom":6,"capital":0,"nation":"gha"},"geometry":{"type":"Point","coordinates":[-1.632,6.692]}},{"type":"Feature","properties":{"name":"Qiqihar","pop":1641000,"rank":12,"scalerank":3,"minzoom":4,"capital":0,"nation":"chn"},"geometry":{"type":"Point","coordinates":[123.988,47.347]}},{"type":"Feature","properties":{"name":"Anshan","pop":1639000,"rank":12,"scalerank":4,"minzoom":5.6,"capital":0,"nation":"chn"},"geometry":{"type":"Point","coordinates":[122.938,41.117]}},{"type":"Feature","properties":{"name":"Cincinnati","pop":1636000,"rank":12,"scalerank":3,"minzoom":5,"capital":0,"nation":"usa"},"geometry":{"type":"Point","coordinates":[-84.459,39.164]}},{"type":"Feature","properties":{"name":"Zhongli","pop":1632616,"rank":12,"scalerank":7,"minzoom":6.7,"capital":0,"nation":"twn"},"geometry":{"type":"Point","coordinates":[121.217,24.965]}},{"type":"Feature","properties":{"name":"Handan","pop":1631000,"rank":12,"scalerank":4,"minzoom":5.1,"capital":0,"nation":"chn"},"geometry":{"type":"Point","coordinates":[114.478,36.582]}},{"type":"Feature","properties":{"name":"Tai'an","pop":1629000,"rank":12,"scalerank":6,"minzoom":6,"capital":0,"nation":"chn"},"geometry":{"type":"Point","coordinates":[117.118,36.202]}},{"type":"Feature","properties":{"name":"Ispahan","pop":1628000,"rank":12,"scalerank":3,"minzoom":5,"capital":0,"nation":"irn"},"geometry":{"type":"Point","coordinates":[51.698,32.702]}},{"type":"Feature","properties":{"name":"Yaoundé","pop":1611000,"rank":12,"scalerank":3,"minzoom":5,"capital":1,"nation":"cmr"},"geometry":{"type":"Point","coordinates":[11.515,3.869]}},{"type":"Feature","properties":{"name":"Sacramento","pop":1604000,"rank":12,"scalerank":3,"minzoom":5,"capital":0,"nation":"usa"},"geometry":{"type":"Point","coordinates":[-121.472,38.577]}},{"type":"Feature","properties":{"name":"Shantou","pop":1601000,"rank":12,"scalerank":3,"minzoom":5,"capital":0,"nation":"chn"},"geometry":{"type":"Point","coordinates":[116.668,23.372]}},{"type":"Feature","properties":{"name":"Āgrā","pop":1592000,"rank":12,"scalerank":4,"minzoom":5.6,"capital":0,"nation":"ind"},"geometry":{"type":"Point","coordinates":[78.013,27.172]}},{"type":"Feature","properties":{"name":"La Paz","pop":1590000,"rank":12,"scalerank":3,"minzoom":4,"capital":1,"nation":"bol"},"geometry":{"type":"Point","coordinates":[-68.152,-16.496]}},{"type":"Feature","properties":{"name":"Zhanjiang","pop":1590000,"rank":12,"scalerank":4,"minzoom":5.6,"capital":0,"nation":"chn"},"geometry":{"type":"Point","coordinates":[110.378,21.202]}},{"type":"Feature","properties":{"name":"Kalyan","pop":1576614,"rank":12,"scalerank":8,"minzoom":7,"capital":0,"nation":"ind"},"geometry":{"type":"Point","coordinates":[73.16,19.25]}},{"type":"Feature","properties":{"name":"Abuja","pop":1576000,"rank":12,"scalerank":3,"minzoom":4,"capital":1,"nation":"nga"},"geometry":{"type":"Point","coordinates":[7.49,9.055]}},{"type":"Feature","properties":{"name":"Harare","pop":1572000,"rank":12,"scalerank":3,"minzoom":4,"capital":1,"nation":"zwe"},"geometry":{"type":"Point","coordinates":[31.043,-17.816]}},{"type":"Feature","properties":{"name":"Xiantao","pop":1556000,"rank":12,"scalerank":6,"minzoom":6,"capital":0,"nation":"chn"},"geometry":{"type":"Point","coordinates":[113.438,30.372]}},{"type":"Feature","properties":{"name":"Khulnâ","pop":1553000,"rank":12,"scalerank":4,"minzoom":5.6,"capital":0,"nation":"bgd"},"geometry":{"type":"Point","coordinates":[89.558,22.842]}},{"type":"Feature","properties":{"name":"Tijuana","pop":1553000,"rank":12,"scalerank":3,"minzoom":5,"capital":0,"nation":"mex"},"geometry":{"type":"Point","coordinates":[-117.082,32.502]}},{"type":"Feature","properties":{"name":"Weifang","pop":1553000,"rank":12,"scalerank":6,"minzoom":6,"capital":0,"nation":"chn"},"geometry":{"type":"Point","coordinates":[119.156,36.702]}},{"type":"Feature","properties":{"name":"Santiago de los Caballeros","pop":1550753,"rank":12,"scalerank":4,"minzoom":5.6,"capital":0,"nation":"dom"},"geometry":{"type":"Point","coordinates":[-70.67,19.5]}},{"type":"Feature","properties":{"name":"Xinyang","pop":1541000,"rank":12,"scalerank":6,"minzoom":6,"capital":0,"nation":"chn"},"geometry":{"type":"Point","coordinates":[114.068,32.132]}},{"type":"Feature","properties":{"name":"Luzhou","pop":1537000,"rank":12,"scalerank":6,"minzoom":6,"capital":0,"nation":"chn"},"geometry":{"type":"Point","coordinates":[105.378,28.882]}},{"type":"Feature","properties":{"name":"Perth","pop":1532000,"rank":12,"scalerank":2,"minzoom":3.7,"capital":0,"nation":"aus"},"geometry":{"type":"Point","coordinates":[115.838,-31.953]}},{"type":"Feature","properties":{"name":"Toluca","pop":1531000,"rank":12,"scalerank":7,"minzoom":6.7,"capital":0,"nation":"mex"},"geometry":{"type":"Point","coordinates":[-99.653,19.289]}},{"type":"Feature","properties":{"name":"Leeds","pop":1529000,"rank":12,"scalerank":6,"minzoom":5.6,"capital":0,"nation":"gbr"},"geometry":{"type":"Point","coordinates":[-1.551,53.79]}},{"type":"Feature","properties":{"name":"Visakhapatnam","pop":1529000,"rank":12,"scalerank":3,"minzoom":5,"capital":0,"nation":"ind"},"geometry":{"type":"Point","coordinates":[83.22,17.683]}},{"type":"Feature","properties":{"name":"Kōbe","pop":1528478,"rank":12,"scalerank":6,"minzoom":6,"capital":0,"nation":"jpn"},"geometry":{"type":"Point","coordinates":[135.17,34.68]}},{"type":"Feature","properties":{"name":"Multan","pop":1522000,"rank":12,"scalerank":3,"minzoom":5,"capital":0,"nation":"pak"},"geometry":{"type":"Point","coordinates":[71.453,30.202]}},{"type":"Feature","properties":{"name":"Kochi","pop":1519000,"rank":12,"scalerank":4,"minzoom":5.6,"capital":0,"nation":"ind"},"geometry":{"type":"Point","coordinates":[76.222,10.017]}},{"type":"Feature","properties":{"name":"Gujranwala","pop":1513000,"rank":12,"scalerank":4,"minzoom":5.6,"capital":0,"nation":"pak"},"geometry":{"type":"Point","coordinates":[74.183,32.162]}},{"type":"Feature","properties":{"name":"Montevideo","pop":1513000,"rank":12,"scalerank":3,"minzoom":4,"capital":1,"nation":"ury"},"geometry":{"type":"Point","coordinates":[-56.187,-34.905]}},{"type":"Feature","properties":{"name":"Oakland","pop":1510271,"rank":12,"scalerank":6,"minzoom":6,"capital":0,"nation":"usa"},"geometry":{"type":"Point","coordinates":[-122.278,37.805]}},{"type":"Feature","properties":{"name":"Niterói","pop":1500513,"rank":12,"scalerank":8,"minzoom":7,"capital":0,"nation":"bra"},"geometry":{"type":"Point","coordinates":[-43.106,-22.883]}},{"type":"Feature","properties":{"name":"Florence","pop":1500000,"rank":12,"scalerank":4,"minzoom":5.6,"capital":0,"nation":"ita"},"geometry":{"type":"Point","coordinates":[11.25,43.78]}},{"type":"Feature","properties":{"name":"Ganzhou","pop":1500000,"rank":12,"scalerank":6,"minzoom":6,"capital":0,"nation":"chn"},"geometry":{"type":"Point","coordinates":[114.95,25.92]}},{"type":"Feature","properties":{"name":"Liuzhou","pop":1497000,"rank":12,"scalerank":6,"minzoom":6,"capital":0,"nation":"chn"},"geometry":{"type":"Point","coordinates":[109.414,24.321]}},{"type":"Feature","properties":{"name":"Bamako","pop":1494000,"rank":12,"scalerank":3,"minzoom":4,"capital":1,"nation":"mli"},"geometry":{"type":"Point","coordinates":[-8.002,12.652]}},{"type":"Feature","properties":{"name":"Conakry","pop":1494000,"rank":12,"scalerank":3,"minzoom":5,"capital":1,"nation":"gin"},"geometry":{"type":"Point","coordinates":[-13.682,9.533]}},{"type":"Feature","properties":{"name":"Bursa","pop":1492000,"rank":12,"scalerank":4,"minzoom":5.1,"capital":0,"nation":"tur"},"geometry":{"type":"Point","coordinates":[29.068,40.202]}},{"type":"Feature","properties":{"name":"Virginia Beach","pop":1491000,"rank":12,"scalerank":6,"minzoom":6.7,"capital":0,"nation":"usa"},"geometry":{"type":"Point","coordinates":[-75.98,36.855]}},{"type":"Feature","properties":{"name":"León","pop":1488000,"rank":12,"scalerank":4,"minzoom":5.6,"capital":0,"nation":"mex"},"geometry":{"type":"Point","coordinates":[-101.702,21.152]}},{"type":"Feature","properties":{"name":"Nasik","pop":1473000,"rank":12,"scalerank":4,"minzoom":5.6,"capital":0,"nation":"ind"},"geometry":{"type":"Point","coordinates":[73.778,20.002]}},{"type":"Feature","properties":{"name":"San Antonio","pop":1473000,"rank":12,"scalerank":3,"minzoom":5,"capital":0,"nation":"usa"},"geometry":{"type":"Point","coordinates":[-98.493,29.42]}},{"type":"Feature","properties":{"name":"Fushun","pop":1470000,"rank":12,"scalerank":6,"minzoom":6,"capital":0,"nation":"chn"},"geometry":{"type":"Point","coordinates":[123.868,41.867]}},{"type":"Feature","properties":{"name":"Changde","pop":1469000,"rank":12,"scalerank":6,"minzoom":6,"capital":0,"nation":"chn"},"geometry":{"type":"Point","coordinates":[111.678,29.032]}},{"type":"Feature","properties":{"name":"Kansas City","pop":1469000,"rank":12,"scalerank":4,"minzoom":5.1,"capital":0,"nation":"usa"},"geometry":{"type":"Point","coordinates":[-94.606,39.109]}},{"type":"Feature","properties":{"name":"Daejeon","pop":1468000,"rank":12,"scalerank":4,"minzoom":5.1,"capital":0,"nation":"kor"},"geometry":{"type":"Point","coordinates":[127.423,36.337]}},{"type":"Feature","properties":{"name":"Neijiang","pop":1466000,"rank":12,"scalerank":4,"minzoom":5.6,"capital":0,"nation":"chn"},"geometry":{"type":"Point","coordinates":[105.048,29.582]}},{"type":"Feature","properties":{"name":"Phnom Penh","pop":1466000,"rank":12,"scalerank":3,"minzoom":5,"capital":1,"nation":"khm"},"geometry":{"type":"Point","coordinates":[104.915,11.552]}},{"type":"Feature","properties":{"name":"Quanzhou","pop":1463000,"rank":12,"scalerank":4,"minzoom":5.6,"capital":0,"nation":"chn"},"geometry":{"type":"Point","coordinates":[118.578,24.902]}},{"type":"Feature","properties":{"name":"Kharkiv","pop":1461000,"rank":12,"scalerank":4,"minzoom":5.1,"capital":0,"nation":"ukr"},"geometry":{"type":"Point","coordinates":[36.248,50.002]}},{"type":"Feature","properties":{"name":"Hyderâbâd","pop":1459000,"rank":12,"scalerank":3,"minzoom":5,"capital":0,"nation":"pak"},"geometry":{"type":"Point","coordinates":[68.373,25.382]}},{"type":"Feature","properties":{"name":"Córdoba","pop":1452000,"rank":12,"scalerank":3,"minzoom":4,"capital":0,"nation":"arg"},"geometry":{"type":"Point","coordinates":[-64.184,-31.398]}},{"type":"Feature","properties":{"name":"Lomé","pop":1452000,"rank":12,"scalerank":3,"minzoom":5,"capital":1,"nation":"tgo"},"geometry":{"type":"Point","coordinates":[1.221,6.134]}},{"type":"Feature","properties":{"name":"Huainan","pop":1451000,"rank":12,"scalerank":3,"minzoom":5,"capital":0,"nation":"chn"},"geometry":{"type":"Point","coordinates":[116.978,32.632]}},{"type":"Feature","properties":{"name":"Doha","pop":1450000,"rank":12,"scalerank":4,"minzoom":5.6,"capital":1,"nation":"qat"},"geometry":{"type":"Point","coordinates":[51.533,25.287]}},{"type":"Feature","properties":{"name":"Kuala Lumpur","pop":1448000,"rank":12,"scalerank":2,"minzoom":4,"capital":1,"nation":"mys"},"geometry":{"type":"Point","coordinates":[101.689,3.14]}},{"type":"Feature","properties":{"name":"Maputo","pop":1446000,"rank":12,"scalerank":3,"minzoom":5,"capital":1,"nation":"moz"},"geometry":{"type":"Point","coordinates":[32.587,-25.953]}},{"type":"Feature","properties":{"name":"Kaduna","pop":1442000,"rank":12,"scalerank":4,"minzoom":5.6,"capital":0,"nation":"nga"},"geometry":{"type":"Point","coordinates":[7.438,10.522]}},{"type":"Feature","properties":{"name":"Fort Worth","pop":1440454,"rank":12,"scalerank":4,"minzoom":5.1,"capital":0,"nation":"usa"},"geometry":{"type":"Point","coordinates":[-97.34,32.74]}},{"type":"Feature","properties":{"name":"Gwangju","pop":1440000,"rank":12,"scalerank":4,"minzoom":5.6,"capital":0,"nation":"kor"},"geometry":{"type":"Point","coordinates":[126.908,35.173]}},{"type":"Feature","properties":{"name":"Kawasaki","pop":1437266,"rank":12,"scalerank":8,"minzoom":7,"capital":0,"nation":"jpn"},"geometry":{"type":"Point","coordinates":[139.705,35.53]}},{"type":"Feature","properties":{"name":"Indianapolis","pop":1436000,"rank":12,"scalerank":4,"minzoom":5.1,"capital":0,"nation":"usa"},"geometry":{"type":"Point","coordinates":[-86.172,39.752]}},{"type":"Feature","properties":{"name":"San Salvador","pop":1433000,"rank":12,"scalerank":3,"minzoom":5,"capital":1,"nation":"slv"},"geometry":{"type":"Point","coordinates":[-89.216,13.703]}},{"type":"Feature","properties":{"name":"Suining","pop":1425000,"rank":12,"scalerank":6,"minzoom":6,"capital":0,"nation":"chn"},"geometry":{"type":"Point","coordinates":[105.531,30.535]}},{"type":"Feature","properties":{"name":"Karadj","pop":1423000,"rank":12,"scalerank":7,"minzoom":6.1,"capital":0,"nation":"irn"},"geometry":{"type":"Point","coordinates":[50.968,35.802]}},{"type":"Feature","properties":{"name":"Lyon","pop":1423000,"rank":12,"scalerank":3,"minzoom":4.7,"capital":0,"nation":"fra"},"geometry":{"type":"Point","coordinates":[4.828,45.772]}},{"type":"Feature","properties":{"name":"Kampala","pop":1420000,"rank":12,"scalerank":3,"minzoom":5,"capital":1,"nation":"uga"},"geometry":{"type":"Point","coordinates":[32.581,0.319]}},{"type":"Feature","properties":{"name":"Tabriz","pop":1413000,"rank":12,"scalerank":4,"minzoom":5.1,"capital":0,"nation":"irn"},"geometry":{"type":"Point","coordinates":[46.299,38.088]}},{"type":"Feature","properties":{"name":"La Haye","pop":1406000,"rank":12,"scalerank":4,"minzoom":5.6,"capital":0,"nation":"nld"},"geometry":{"type":"Point","coordinates":[4.27,52.08]}},{"type":"Feature","properties":{"name":"Davao","pop":1402000,"rank":12,"scalerank":3,"minzoom":5,"capital":0,"nation":"phl"},"geometry":{"type":"Point","coordinates":[125.628,7.112]}},{"type":"Feature","properties":{"name":"Marseille","pop":1400000,"rank":12,"scalerank":4,"minzoom":5,"capital":0,"nation":"fra"},"geometry":{"type":"Point","coordinates":[5.373,43.292]}},{"type":"Feature","properties":{"name":"Meerut","pop":1398000,"rank":12,"scalerank":4,"minzoom":5.6,"capital":0,"nation":"ind"},"geometry":{"type":"Point","coordinates":[77.698,29.002]}},{"type":"Feature","properties":{"name":"Mianyang","pop":1396000,"rank":12,"scalerank":4,"minzoom":5.6,"capital":0,"nation":"chn"},"geometry":{"type":"Point","coordinates":[104.69,31.465]}},{"type":"Feature","properties":{"name":"Semarang","pop":1396000,"rank":12,"scalerank":3,"minzoom":5,"capital":0,"nation":"idn"},"geometry":{"type":"Point","coordinates":[110.418,-6.965]}},{"type":"Feature","properties":{"name":"Faridabad","pop":1394000,"rank":12,"scalerank":4,"minzoom":5.6,"capital":0,"nation":"ind"},"geometry":{"type":"Point","coordinates":[77.315,28.435]}},{"type":"Feature","properties":{"name":"Novossibirsk","pop":1389000,"rank":12,"scalerank":3,"minzoom":5,"capital":0,"nation":"rus"},"geometry":{"type":"Point","coordinates":[82.958,55.032]}},{"type":"Feature","properties":{"name":"Milwaukee","pop":1388000,"rank":12,"scalerank":3,"minzoom":5,"capital":0,"nation":"usa"},"geometry":{"type":"Point","coordinates":[-87.917,43.03]}},{"type":"Feature","properties":{"name":"La Mecque","pop":1385000,"rank":12,"scalerank":2,"minzoom":3.7,"capital":0,"nation":"sau"},"geometry":{"type":"Point","coordinates":[39.818,21.432]}},{"type":"Feature","properties":{"name":"Dubaï","pop":1379000,"rank":12,"scalerank":1,"minzoom":3.7,"capital":0,"nation":"are"},"geometry":{"type":"Point","coordinates":[55.287,25.215]}},{"type":"Feature","properties":{"name":"Auckland","pop":1377200,"rank":12,"scalerank":1,"minzoom":3,"capital":0,"nation":"nzl"},"geometry":{"type":"Point","coordinates":[174.763,-36.848]}},{"type":"Feature","properties":{"name":"Ma'anshan","pop":1366302,"rank":12,"scalerank":7,"minzoom":6.7,"capital":0,"nation":"chn"},"geometry":{"type":"Point","coordinates":[118.485,31.673]}},{"type":"Feature","properties":{"name":"Brazzaville","pop":1355000,"rank":12,"scalerank":3,"minzoom":5,"capital":1,"nation":"cog"},"geometry":{"type":"Point","coordinates":[15.283,-4.257]}},{"type":"Feature","properties":{"name":"Lubumbashi","pop":1352000,"rank":12,"scalerank":3,"minzoom":5,"capital":0,"nation":"cod"},"geometry":{"type":"Point","coordinates":[27.478,-11.678]}},{"type":"Feature","properties":{"name":"Bénarès","pop":1352000,"rank":12,"scalerank":3,"minzoom":5,"capital":0,"nation":"ind"},"geometry":{"type":"Point","coordinates":[82.998,25.332]}},{"type":"Feature","properties":{"name":"Yiyang","pop":1352000,"rank":12,"scalerank":6,"minzoom":6,"capital":0,"nation":"chn"},"geometry":{"type":"Point","coordinates":[112.328,28.602]}},{"type":"Feature","properties":{"name":"Orlando","pop":1350000,"rank":12,"scalerank":4,"minzoom":5.1,"capital":0,"nation":"usa"},"geometry":{"type":"Point","coordinates":[-81.382,28.512]}},{"type":"Feature","properties":{"name":"Ciudad Juárez","pop":1343000,"rank":12,"scalerank":6,"minzoom":6,"capital":0,"nation":"mex"},"geometry":{"type":"Point","coordinates":[-106.492,31.692]}},{"type":"Feature","properties":{"name":"Ghaziabad","pop":1341000,"rank":12,"scalerank":4,"minzoom":5.6,"capital":0,"nation":"ind"},"geometry":{"type":"Point","coordinates":[77.406,28.662]}},{"type":"Feature","properties":{"name":"Heze","pop":1338000,"rank":12,"scalerank":6,"minzoom":6,"capital":0,"nation":"chn"},"geometry":{"type":"Point","coordinates":[115.448,35.232]}},{"type":"Feature","properties":{"name":"Pretoria","pop":1338000,"rank":12,"scalerank":3,"minzoom":5,"capital":1,"nation":"zaf"},"geometry":{"type":"Point","coordinates":[28.227,-25.705]}},{"type":"Feature","properties":{"name":"Porto","pop":1337000,"rank":12,"scalerank":6,"minzoom":5.1,"capital":0,"nation":"prt"},"geometry":{"type":"Point","coordinates":[-8.622,41.152]}},{"type":"Feature","properties":{"name":"Asansol","pop":1328000,"rank":12,"scalerank":3,"minzoom":5,"capital":0,"nation":"ind"},"geometry":{"type":"Point","coordinates":[86.981,23.685]}},{"type":"Feature","properties":{"name":"Lusaka","pop":1328000,"rank":12,"scalerank":3,"minzoom":4,"capital":1,"nation":"zmb"},"geometry":{"type":"Point","coordinates":[28.281,-15.415]}},{"type":"Feature","properties":{"name":"Changzhou","pop":1327000,"rank":12,"scalerank":6,"minzoom":6,"capital":0,"nation":"chn"},"geometry":{"type":"Point","coordinates":[119.968,31.782]}},{"type":"Feature","properties":{"name":"Mossoul","pop":1316000,"rank":12,"scalerank":4,"minzoom":5.6,"capital":0,"nation":"irq"},"geometry":{"type":"Point","coordinates":[43.143,36.347]}},{"type":"Feature","properties":{"name":"Iekaterinbourg","pop":1313000,"rank":12,"scalerank":3,"minzoom":5,"capital":0,"nation":"rus"},"geometry":{"type":"Point","coordinates":[60.598,56.852]}},{"type":"Feature","properties":{"name":"Peshawar","pop":1303000,"rank":12,"scalerank":3,"minzoom":5,"capital":0,"nation":"pak"},"geometry":{"type":"Point","coordinates":[71.533,34.007]}},{"type":"Feature","properties":{"name":"Jamshedpur","pop":1300000,"rank":12,"scalerank":3,"minzoom":5,"capital":0,"nation":"ind"},"geometry":{"type":"Point","coordinates":[86.196,22.789]}},{"type":"Feature","properties":{"name":"Mandalay","pop":1300000,"rank":12,"scalerank":4,"minzoom":5.6,"capital":0,"nation":"mmr"},"geometry":{"type":"Point","coordinates":[96.083,21.972]}},{"type":"Feature","properties":{"name":"Mbujimayi","pop":1295000,"rank":12,"scalerank":4,"minzoom":5.6,"capital":0,"nation":"cod"},"geometry":{"type":"Point","coordinates":[23.598,-6.148]}},{"type":"Feature","properties":{"name":"Madurai","pop":1294000,"rank":12,"scalerank":3,"minzoom":5,"capital":0,"nation":"ind"},"geometry":{"type":"Point","coordinates":[78.118,9.922]}},{"type":"Feature","properties":{"name":"Adana","pop":1293000,"rank":12,"scalerank":4,"minzoom":5.1,"capital":0,"nation":"tur"},"geometry":{"type":"Point","coordinates":[35.318,36.997]}},{"type":"Feature","properties":{"name":"Sheffield","pop":1292900,"rank":12,"scalerank":8,"minzoom":7,"capital":0,"nation":"gbr"},"geometry":{"type":"Point","coordinates":[-1.5,53.367]}},{"type":"Feature","properties":{"name":"Jabalpur","pop":1285000,"rank":12,"scalerank":4,"minzoom":5.6,"capital":0,"nation":"ind"},"geometry":{"type":"Point","coordinates":[79.953,23.177]}},{"type":"Feature","properties":{"name":"San José","pop":1284000,"rank":12,"scalerank":3,"minzoom":5,"capital":1,"nation":"cri"},"geometry":{"type":"Point","coordinates":[-84.079,9.93]}},{"type":"Feature","properties":{"name":"Panama","pop":1281000,"rank":12,"scalerank":3,"minzoom":5,"capital":1,"nation":"pan"},"geometry":{"type":"Point","coordinates":[-79.535,8.97]}},{"type":"Feature","properties":{"name":"Nijni Novgorod","pop":1278000,"rank":12,"scalerank":3,"minzoom":5,"capital":0,"nation":"rus"},"geometry":{"type":"Point","coordinates":[43.998,56.335]}},{"type":"Feature","properties":{"name":"Chifeng","pop":1277000,"rank":12,"scalerank":4,"minzoom":5.6,"capital":0,"nation":"chn"},"geometry":{"type":"Point","coordinates":[118.948,42.272]}},{"type":"Feature","properties":{"name":"Providence","pop":1277000,"rank":12,"scalerank":6,"minzoom":6,"capital":0,"nation":"usa"},"geometry":{"type":"Point","coordinates":[-71.417,41.823]}},{"type":"Feature","properties":{"name":"Duisbourg","pop":1276757,"rank":12,"scalerank":8,"minzoom":7,"capital":0,"nation":"deu"},"geometry":{"type":"Point","coordinates":[6.75,51.43]}},{"type":"Feature","properties":{"name":"Munich","pop":1275000,"rank":12,"scalerank":2,"minzoom":4.7,"capital":0,"nation":"deu"},"geometry":{"type":"Point","coordinates":[11.573,48.132]}},{"type":"Feature","properties":{"name":"Columbus","pop":1270000,"rank":12,"scalerank":6,"minzoom":5.1,"capital":0,"nation":"usa"},"geometry":{"type":"Point","coordinates":[-82.992,39.982]}},{"type":"Feature","properties":{"name":"Huai'an","pop":1264000,"rank":12,"scalerank":4,"minzoom":5.6,"capital":0,"nation":"chn"},"geometry":{"type":"Point","coordinates":[119.066,33.585]}},{"type":"Feature","properties":{"name":"Stockholm","pop":1264000,"rank":12,"scalerank":1,"minzoom":3,"capital":1,"nation":"swe"},"geometry":{"type":"Point","coordinates":[18.066,59.324]}},{"type":"Feature","properties":{"name":"Makassar","pop":1262000,"rank":12,"scalerank":3,"minzoom":5,"capital":0,"nation":"idn"},"geometry":{"type":"Point","coordinates":[119.43,-5.138]}},{"type":"Feature","properties":{"name":"Rajkot","pop":1260000,"rank":12,"scalerank":4,"minzoom":5.6,"capital":0,"nation":"ind"},"geometry":{"type":"Point","coordinates":[70.798,22.312]}},{"type":"Feature","properties":{"name":"West Palm Beach","pop":1250000,"rank":12,"scalerank":6,"minzoom":6,"capital":0,"nation":"usa"},"geometry":{"type":"Point","coordinates":[-80.124,26.745]}},{"type":"Feature","properties":{"name":"Dhanbad","pop":1246000,"rank":12,"scalerank":4,"minzoom":5.6,"capital":0,"nation":"ind"},"geometry":{"type":"Point","coordinates":[86.418,23.802]}},{"type":"Feature","properties":{"name":"Mudanjiang","pop":1244000,"rank":12,"scalerank":6,"minzoom":6,"capital":0,"nation":"chn"},"geometry":{"type":"Point","coordinates":[129.588,44.577]}},{"type":"Feature","properties":{"name":"Genève","pop":1240000,"rank":12,"scalerank":1,"minzoom":3.7,"capital":0,"nation":"che"},"geometry":{"type":"Point","coordinates":[6.14,46.21]}},{"type":"Feature","properties":{"name":"Chiraz","pop":1240000,"rank":12,"scalerank":3,"minzoom":5,"capital":0,"nation":"irn"},"geometry":{"type":"Point","coordinates":[52.568,29.632]}},{"type":"Feature","properties":{"name":"Huzhou","pop":1231000,"rank":12,"scalerank":6,"minzoom":6,"capital":0,"nation":"chn"},"geometry":{"type":"Point","coordinates":[120.098,30.872]}},{"type":"Feature","properties":{"name":"Tianshui","pop":1225000,"rank":12,"scalerank":4,"minzoom":5.6,"capital":0,"nation":"chn"},"geometry":{"type":"Point","coordinates":[105.918,34.602]}},{"type":"Feature","properties":{"name":"Liupanshui","pop":1221000,"rank":12,"scalerank":4,"minzoom":5.6,"capital":0,"nation":"chn"},"geometry":{"type":"Point","coordinates":[104.831,26.596]}},{"type":"Feature","properties":{"name":"Düsseldorf","pop":1220000,"rank":12,"scalerank":7,"minzoom":5.6,"capital":0,"nation":"deu"},"geometry":{"type":"Point","coordinates":[6.78,51.22]}},{"type":"Feature","properties":{"name":"Maoming","pop":1217715,"rank":12,"scalerank":7,"minzoom":6.1,"capital":0,"nation":"chn"},"geometry":{"type":"Point","coordinates":[110.87,21.92]}},{"type":"Feature","properties":{"name":"Séville","pop":1212045,"rank":12,"scalerank":3,"minzoom":5,"capital":0,"nation":"esp"},"geometry":{"type":"Point","coordinates":[-5.98,37.405]}},{"type":"Feature","properties":{"name":"Amritsar","pop":1212000,"rank":12,"scalerank":3,"minzoom":5,"capital":0,"nation":"ind"},"geometry":{"type":"Point","coordinates":[74.868,31.642]}},{"type":"Feature","properties":{"name":"Vila Velha","pop":1209091,"rank":12,"scalerank":6,"minzoom":6,"capital":0,"nation":"bra"},"geometry":{"type":"Point","coordinates":[-51.217,3.217]}},{"type":"Feature","properties":{"name":"Vila Velha","pop":1209091,"rank":12,"scalerank":4,"minzoom":5.6,"capital":0,"nation":"bra"},"geometry":{"type":"Point","coordinates":[-40.29,-20.338]}},{"type":"Feature","properties":{"name":"Almaty","pop":1209000,"rank":12,"scalerank":3,"minzoom":5,"capital":0,"nation":"kaz"},"geometry":{"type":"Point","coordinates":[76.913,43.327]}},{"type":"Feature","properties":{"name":"Varangal","pop":1203853,"rank":12,"scalerank":6,"minzoom":6,"capital":0,"nation":"ind"},"geometry":{"type":"Point","coordinates":[79.58,18.01]}},{"type":"Feature","properties":{"name":"Rosario","pop":1203000,"rank":12,"scalerank":4,"minzoom":5.1,"capital":0,"nation":"arg"},"geometry":{"type":"Point","coordinates":[-60.668,-32.949]}},{"type":"Feature","properties":{"name":"Prayagraj","pop":1201000,"rank":12,"scalerank":4,"minzoom":5.6,"capital":0,"nation":"ind"},"geometry":{"type":"Point","coordinates":[81.838,25.457]}},{"type":"Feature","properties":{"name":"Benin City","pop":1190000,"rank":12,"scalerank":4,"minzoom":5.6,"capital":0,"nation":"nga"},"geometry":{"type":"Point","coordinates":[5.618,6.342]}},{"type":"Feature","properties":{"name":"Jining","pop":1186000,"rank":12,"scalerank":6,"minzoom":6,"capital":0,"nation":"chn"},"geometry":{"type":"Point","coordinates":[116.548,35.402]}},{"type":"Feature","properties":{"name":"Maceió","pop":1186000,"rank":12,"scalerank":4,"minzoom":5.6,"capital":0,"nation":"bra"},"geometry":{"type":"Point","coordinates":[-35.732,-9.618]}},{"type":"Feature","properties":{"name":"Sofia","pop":1185000,"rank":12,"scalerank":3,"minzoom":5,"capital":1,"nation":"bgr"},"geometry":{"type":"Point","coordinates":[23.315,42.685]}},{"type":"Feature","properties":{"name":"Abbottabad","pop":1183647,"rank":12,"scalerank":8,"minzoom":7,"capital":0,"nation":"pak"},"geometry":{"type":"Point","coordinates":[73.2,34.15]}},{"type":"Feature","properties":{"name":"Benghazi","pop":1180000,"rank":12,"scalerank":3,"minzoom":4.7,"capital":0,"nation":"lby"},"geometry":{"type":"Point","coordinates":[20.065,32.119]}},{"type":"Feature","properties":{"name":"Cilacap","pop":1174964,"rank":12,"scalerank":7,"minzoom":6.7,"capital":0,"nation":"idn"},"geometry":{"type":"Point","coordinates":[109.015,-7.719]}},{"type":"Feature","properties":{"name":"Raleigh","pop":1163515,"rank":12,"scalerank":3,"minzoom":5,"capital":0,"nation":"usa"},"geometry":{"type":"Point","coordinates":[-78.647,35.773]}},{"type":"Feature","properties":{"name":"Prague","pop":1162000,"rank":12,"scalerank":2,"minzoom":4.7,"capital":1,"nation":"cze"},"geometry":{"type":"Point","coordinates":[14.423,50.087]}},{"type":"Feature","properties":{"name":"Austin","pop":1161000,"rank":12,"scalerank":4,"minzoom":5.1,"capital":0,"nation":"usa"},"geometry":{"type":"Point","coordinates":[-97.745,30.269]}},{"type":"Feature","properties":{"name":"Glasgow","pop":1160000,"rank":12,"scalerank":3,"minzoom":4,"capital":0,"nation":"gbr"},"geometry":{"type":"Point","coordinates":[-4.239,55.862]}},{"type":"Feature","properties":{"name":"Leshan","pop":1157000,"rank":12,"scalerank":6,"minzoom":6,"capital":0,"nation":"chn"},"geometry":{"type":"Point","coordinates":[103.731,29.569]}},{"type":"Feature","properties":{"name":"Ouagadougou","pop":1149000,"rank":12,"scalerank":3,"minzoom":5,"capital":1,"nation":"bfa"},"geometry":{"type":"Point","coordinates":[-1.527,12.372]}},{"type":"Feature","properties":{"name":"Adélaïde","pop":1145000,"rank":12,"scalerank":3,"minzoom":3.7,"capital":0,"nation":"aus"},"geometry":{"type":"Point","coordinates":[138.598,-34.933]}},{"type":"Feature","properties":{"name":"Ottawa","pop":1145000,"rank":12,"scalerank":3,"minzoom":3,"capital":1,"nation":"can"},"geometry":{"type":"Point","coordinates":[-75.702,45.419]}},{"type":"Feature","properties":{"name":"Shangrao","pop":1144577,"rank":12,"scalerank":7,"minzoom":6.1,"capital":0,"nation":"chn"},"geometry":{"type":"Point","coordinates":[117.97,28.47]}},{"type":"Feature","properties":{"name":"Torreón","pop":1144000,"rank":12,"scalerank":4,"minzoom":5.6,"capital":0,"nation":"mex"},"geometry":{"type":"Point","coordinates":[-103.422,25.572]}},{"type":"Feature","properties":{"name":"Srinagar","pop":1140000,"rank":12,"scalerank":4,"minzoom":5.6,"capital":0,"nation":"ind"},"geometry":{"type":"Point","coordinates":[74.828,34.069]}},{"type":"Feature","properties":{"name":"Samara","pop":1137000,"rank":12,"scalerank":3,"minzoom":3.7,"capital":0,"nation":"rus"},"geometry":{"type":"Point","coordinates":[50.149,53.197]}},{"type":"Feature","properties":{"name":"Vijayawada","pop":1137000,"rank":12,"scalerank":4,"minzoom":5.6,"capital":0,"nation":"ind"},"geometry":{"type":"Point","coordinates":[80.628,16.522]}},{"type":"Feature","properties":{"name":"Omsk","pop":1135000,"rank":12,"scalerank":4,"minzoom":3.7,"capital":0,"nation":"rus"},"geometry":{"type":"Point","coordinates":[73.398,54.992]}},{"type":"Feature","properties":{"name":"Birmingham","pop":1128047,"rank":12,"scalerank":6,"minzoom":5.1,"capital":0,"nation":"usa"},"geometry":{"type":"Point","coordinates":[-86.825,33.53]}},{"type":"Feature","properties":{"name":"Nampo","pop":1127000,"rank":12,"scalerank":6,"minzoom":6,"capital":0,"nation":"prk"},"geometry":{"type":"Point","coordinates":[125.45,38.769]}},{"type":"Feature","properties":{"name":"Yulin","pop":1127000,"rank":12,"scalerank":4,"minzoom":5.6,"capital":0,"nation":"chn"},"geometry":{"type":"Point","coordinates":[110.148,22.632]}},{"type":"Feature","properties":{"name":"Xianyang","pop":1126000,"rank":12,"scalerank":6,"minzoom":6,"capital":0,"nation":"chn"},"geometry":{"type":"Point","coordinates":[108.713,34.348]}},{"type":"Feature","properties":{"name":"Cagayán de Oro","pop":1121561,"rank":12,"scalerank":6,"minzoom":6,"capital":0,"nation":"phl"},"geometry":{"type":"Point","coordinates":[124.685,8.451]}},{"type":"Feature","properties":{"name":"Cần Thơ","pop":1121000,"rank":12,"scalerank":6,"minzoom":6,"capital":0,"nation":"vnm"},"geometry":{"type":"Point","coordinates":[105.77,10.05]}},{"type":"Feature","properties":{"name":"Barquisimeto","pop":1116000,"rank":12,"scalerank":6,"minzoom":6,"capital":0,"nation":"ven"},"geometry":{"type":"Point","coordinates":[-69.302,10.052]}},{"type":"Feature","properties":{"name":"Helsinki","pop":1115000,"rank":12,"scalerank":2,"minzoom":4,"capital":1,"nation":"fin"},"geometry":{"type":"Point","coordinates":[24.932,60.164]}},{"type":"Feature","properties":{"name":"Kazan","pop":1115000,"rank":12,"scalerank":3,"minzoom":5,"capital":0,"nation":"rus"},"geometry":{"type":"Point","coordinates":[49.124,55.752]}},{"type":"Feature","properties":{"name":"Aurangābād","pop":1113000,"rank":12,"scalerank":4,"minzoom":5.6,"capital":0,"nation":"ind"},"geometry":{"type":"Point","coordinates":[75.329,19.862]}},{"type":"Feature","properties":{"name":"Calgary","pop":1110000,"rank":12,"scalerank":3,"minzoom":4,"capital":0,"nation":"can"},"geometry":{"type":"Point","coordinates":[-114.082,51.085]}},{"type":"Feature","properties":{"name":"Nezahualcóyotl","pop":1109363,"rank":12,"scalerank":8,"minzoom":7,"capital":0,"nation":"mex"},"geometry":{"type":"Point","coordinates":[-99.03,19.41]}},{"type":"Feature","properties":{"name":"Zurich","pop":1108000,"rank":12,"scalerank":2,"minzoom":4.7,"capital":0,"nation":"che"},"geometry":{"type":"Point","coordinates":[8.548,47.382]}},{"type":"Feature","properties":{"name":"Baoding","pop":1107000,"rank":12,"scalerank":7,"minzoom":6.7,"capital":0,"nation":"chn"},"geometry":{"type":"Point","coordinates":[115.469,38.858]}},{"type":"Feature","properties":{"name":"Zigong","pop":1105000,"rank":12,"scalerank":7,"minzoom":6.7,"capital":0,"nation":"chn"},"geometry":{"type":"Point","coordinates":[104.778,29.402]}},{"type":"Feature","properties":{"name":"Charjah","pop":1103027,"rank":12,"scalerank":8,"minzoom":7.7,"capital":0,"nation":"are"},"geometry":{"type":"Point","coordinates":[55.406,25.371]}},{"type":"Feature","properties":{"name":"Erevan","pop":1102000,"rank":12,"scalerank":3,"minzoom":5,"capital":1,"nation":"arm"},"geometry":{"type":"Point","coordinates":[44.512,40.183]}},{"type":"Feature","properties":{"name":"Ankang","pop":1100000,"rank":12,"scalerank":4,"minzoom":5.6,"capital":0,"nation":"chn"},"geometry":{"type":"Point","coordinates":[109.02,32.68]}},{"type":"Feature","properties":{"name":"Huambo","pop":1100000,"rank":12,"scalerank":3,"minzoom":5,"capital":0,"nation":"ago"},"geometry":{"type":"Point","coordinates":[15.758,-12.748]}},{"type":"Feature","properties":{"name":"Mogadiscio","pop":1100000,"rank":12,"scalerank":3,"minzoom":4,"capital":1,"nation":"som"},"geometry":{"type":"Point","coordinates":[45.365,2.069]}},{"type":"Feature","properties":{"name":"Tbilissi","pop":1100000,"rank":12,"scalerank":3,"minzoom":5,"capital":1,"nation":"geo"},"geometry":{"type":"Point","coordinates":[44.789,41.727]}},{"type":"Feature","properties":{"name":"Ikare-Akoko","pop":1099931,"rank":12,"scalerank":7,"minzoom":6.7,"capital":0,"nation":"nga"},"geometry":{"type":"Point","coordinates":[5.76,7.53]}},{"type":"Feature","properties":{"name":"Belgrade","pop":1099000,"rank":12,"scalerank":3,"minzoom":5,"capital":1,"nation":"srb"},"geometry":{"type":"Point","coordinates":[20.466,44.821]}},{"type":"Feature","properties":{"name":"Bhilai","pop":1097000,"rank":12,"scalerank":3,"minzoom":5,"capital":0,"nation":"ind"},"geometry":{"type":"Point","coordinates":[81.372,21.211]}},{"type":"Feature","properties":{"name":"Jinhua","pop":1092852,"rank":12,"scalerank":6,"minzoom":6,"capital":0,"nation":"chn"},"geometry":{"type":"Point","coordinates":[119.65,29.12]}},{"type":"Feature","properties":{"name":"Tcheliabinsk","pop":1091000,"rank":12,"scalerank":4,"minzoom":5.1,"capital":0,"nation":"rus"},"geometry":{"type":"Point","coordinates":[61.437,55.157]}},{"type":"Feature","properties":{"name":"Natal","pop":1088000,"rank":12,"scalerank":4,"minzoom":5.6,"capital":0,"nation":"bra"},"geometry":{"type":"Point","coordinates":[-35.242,-5.778]}},{"type":"Feature","properties":{"name":"Douchanbé","pop":1086244,"rank":12,"scalerank":3,"minzoom":5,"capital":1,"nation":"tjk"},"geometry":{"type":"Point","coordinates":[68.774,38.56]}},{"type":"Feature","properties":{"name":"Mesa","pop":1085394,"rank":12,"scalerank":8,"minzoom":7,"capital":0,"nation":"usa"},"geometry":{"type":"Point","coordinates":[-111.821,33.415]}},{"type":"Feature","properties":{"name":"Copenhague","pop":1085000,"rank":12,"scalerank":2,"minzoom":4,"capital":1,"nation":"dnk"},"geometry":{"type":"Point","coordinates":[12.562,55.681]}},{"type":"Feature","properties":{"name":"Changwon","pop":1081499,"rank":12,"scalerank":8,"minzoom":7,"capital":0,"nation":"kor"},"geometry":{"type":"Point","coordinates":[128.584,35.219]}},{"type":"Feature","properties":{"name":"Memphis","pop":1081000,"rank":12,"scalerank":3,"minzoom":5,"capital":0,"nation":"usa"},"geometry":{"type":"Point","coordinates":[-90.029,35.145]}},{"type":"Feature","properties":{"name":"Zhuzhou","pop":1080000,"rank":12,"scalerank":6,"minzoom":6,"capital":0,"nation":"chn"},"geometry":{"type":"Point","coordinates":[113.148,27.832]}},{"type":"Feature","properties":{"name":"Suwon","pop":1078000,"rank":12,"scalerank":6,"minzoom":6,"capital":0,"nation":"kor"},"geometry":{"type":"Point","coordinates":[127.009,37.26]}},{"type":"Feature","properties":{"name":"Vereeniging","pop":1074000,"rank":12,"scalerank":6,"minzoom":6,"capital":0,"nation":"zaf"},"geometry":{"type":"Point","coordinates":[27.958,-26.648]}},{"type":"Feature","properties":{"name":"Xiangfan","pop":1069000,"rank":12,"scalerank":6,"minzoom":6,"capital":0,"nation":"chn"},"geometry":{"type":"Point","coordinates":[112.128,32.022]}},{"type":"Feature","properties":{"name":"Ulsan","pop":1061000,"rank":12,"scalerank":6,"minzoom":6,"capital":0,"nation":"kor"},"geometry":{"type":"Point","coordinates":[129.315,35.549]}},{"type":"Feature","properties":{"name":"Amman","pop":1060000,"rank":12,"scalerank":3,"minzoom":5,"capital":1,"nation":"jor"},"geometry":{"type":"Point","coordinates":[35.931,31.952]}},{"type":"Feature","properties":{"name":"Zhucheng","pop":1060000,"rank":12,"scalerank":8,"minzoom":7,"capital":0,"nation":"chn"},"geometry":{"type":"Point","coordinates":[119.38,35.99]}},{"type":"Feature","properties":{"name":"Dublin","pop":1059000,"rank":12,"scalerank":2,"minzoom":4,"capital":1,"nation":"irl"},"geometry":{"type":"Point","coordinates":[-6.257,53.347]}},{"type":"Feature","properties":{"name":"Edmonton","pop":1058000,"rank":12,"scalerank":2,"minzoom":4,"capital":0,"nation":"can"},"geometry":{"type":"Point","coordinates":[-113.502,53.552]}},{"type":"Feature","properties":{"name":"Solapur","pop":1057000,"rank":12,"scalerank":4,"minzoom":5.6,"capital":0,"nation":"ind"},"geometry":{"type":"Point","coordinates":[75.898,17.672]}},{"type":"Feature","properties":{"name":"Rostov-sur-le-Don","pop":1052000,"rank":12,"scalerank":4,"minzoom":5.1,"capital":0,"nation":"rus"},"geometry":{"type":"Point","coordinates":[39.711,47.237]}},{"type":"Feature","properties":{"name":"Dnipro","pop":1050000,"rank":12,"scalerank":4,"minzoom":5.1,"capital":0,"nation":"ukr"},"geometry":{"type":"Point","coordinates":[34.998,48.482]}},{"type":"Feature","properties":{"name":"Xining","pop":1048000,"rank":12,"scalerank":3,"minzoom":4.7,"capital":0,"nation":"chn"},"geometry":{"type":"Point","coordinates":[101.768,36.622]}},{"type":"Feature","properties":{"name":"Norfolk","pop":1047869,"rank":12,"scalerank":3,"minzoom":5.7,"capital":0,"nation":"usa"},"geometry":{"type":"Point","coordinates":[-76.28,36.85]}},{"type":"Feature","properties":{"name":"Zhangjiakou","pop":1046000,"rank":12,"scalerank":6,"minzoom":6,"capital":0,"nation":"chn"},"geometry":{"type":"Point","coordinates":[114.852,40.805]}},{"type":"Feature","properties":{"name":"Gaziantep","pop":1044000,"rank":12,"scalerank":6,"minzoom":6,"capital":0,"nation":"tur"},"geometry":{"type":"Point","coordinates":[37.383,37.077]}},{"type":"Feature","properties":{"name":"Lille","pop":1044000,"rank":12,"scalerank":6,"minzoom":6,"capital":0,"nation":"fra"},"geometry":{"type":"Point","coordinates":[3.078,50.652]}},{"type":"Feature","properties":{"name":"Ranchi","pop":1044000,"rank":12,"scalerank":4,"minzoom":5.6,"capital":0,"nation":"ind"},"geometry":{"type":"Point","coordinates":[85.328,23.372]}},{"type":"Feature","properties":{"name":"Monrovia","pop":1041000,"rank":12,"scalerank":2,"minzoom":4,"capital":1,"nation":"lbr"},"geometry":{"type":"Point","coordinates":[-10.8,6.315]}},{"type":"Feature","properties":{"name":"São Luís","pop":1038000,"rank":12,"scalerank":4,"minzoom":5.6,"capital":0,"nation":"bra"},"geometry":{"type":"Point","coordinates":[-44.268,-2.514]}},{"type":"Feature","properties":{"name":"Amsterdam","pop":1031000,"rank":12,"scalerank":1,"minzoom":3.7,"capital":1,"nation":"nld"},"geometry":{"type":"Point","coordinates":[4.915,52.352]}},{"type":"Feature","properties":{"name":"Jérusalem","pop":1029300,"rank":12,"scalerank":3,"minzoom":3.7,"capital":1,"nation":"isr"},"geometry":{"type":"Point","coordinates":[35.207,31.778]}},{"type":"Feature","properties":{"name":"Guatemala-Ville","pop":1024000,"rank":12,"scalerank":3,"minzoom":5,"capital":1,"nation":"gtm"},"geometry":{"type":"Point","coordinates":[-90.529,14.623]}},{"type":"Feature","properties":{"name":"Florianópolis","pop":1023000,"rank":12,"scalerank":3,"minzoom":5,"capital":0,"nation":"bra"},"geometry":{"type":"Point","coordinates":[-48.522,-27.578]}},{"type":"Feature","properties":{"name":"Zhuhai","pop":1023000,"rank":12,"scalerank":6,"minzoom":6,"capital":0,"nation":"chn"},"geometry":{"type":"Point","coordinates":[113.566,22.279]}},{"type":"Feature","properties":{"name":"Port Elizabeth","pop":1021000,"rank":12,"scalerank":3,"minzoom":5,"capital":0,"nation":"zaf"},"geometry":{"type":"Point","coordinates":[25.598,-33.968]}},{"type":"Feature","properties":{"name":"Jiamusi","pop":1020000,"rank":12,"scalerank":4,"minzoom":5.1,"capital":0,"nation":"chn"},"geometry":{"type":"Point","coordinates":[130.348,46.832]}},{"type":"Feature","properties":{"name":"Port Harcourt","pop":1020000,"rank":12,"scalerank":4,"minzoom":5.6,"capital":0,"nation":"nga"},"geometry":{"type":"Point","coordinates":[7.008,4.812]}},{"type":"Feature","properties":{"name":"Bridgeport","pop":1018000,"rank":12,"scalerank":4,"minzoom":5.6,"capital":0,"nation":"usa"},"geometry":{"type":"Point","coordinates":[-73.202,41.182]}},{"type":"Feature","properties":{"name":"Oufa","pop":1018000,"rank":12,"scalerank":3,"minzoom":5,"capital":0,"nation":"rus"},"geometry":{"type":"Point","coordinates":[56.038,54.792]}},{"type":"Feature","properties":{"name":"Buffalo","pop":1016000,"rank":12,"scalerank":3,"minzoom":5,"capital":0,"nation":"usa"},"geometry":{"type":"Point","coordinates":[-78.882,42.882]}},{"type":"Feature","properties":{"name":"Hengyang","pop":1016000,"rank":12,"scalerank":4,"minzoom":5.6,"capital":0,"nation":"chn"},"geometry":{"type":"Point","coordinates":[112.588,26.882]}},{"type":"Feature","properties":{"name":"Benxi","pop":1012000,"rank":12,"scalerank":6,"minzoom":6,"capital":0,"nation":"chn"},"geometry":{"type":"Point","coordinates":[123.748,41.332]}},{"type":"Feature","properties":{"name":"Haïfa","pop":1011000,"rank":12,"scalerank":7,"minzoom":6.1,"capital":0,"nation":"isr"},"geometry":{"type":"Point","coordinates":[34.978,32.822]}},{"type":"Feature","properties":{"name":"Médine","pop":1010000,"rank":12,"scalerank":4,"minzoom":5.1,"capital":0,"nation":"sau"},"geometry":{"type":"Point","coordinates":[39.578,24.502]}},{"type":"Feature","properties":{"name":"Bucaramanga","pop":1009000,"rank":12,"scalerank":6,"minzoom":6,"capital":0,"nation":"col"},"geometry":{"type":"Point","coordinates":[-73.128,7.132]}},{"type":"Feature","properties":{"name":"Maracay","pop":1007000,"rank":12,"scalerank":6,"minzoom":6,"capital":0,"nation":"ven"},"geometry":{"type":"Point","coordinates":[-67.598,10.249]}},{"type":"Feature","properties":{"name":"Homs","pop":1005000,"rank":12,"scalerank":6,"minzoom":6,"capital":0,"nation":"syr"},"geometry":{"type":"Point","coordinates":[36.718,34.732]}},{"type":"Feature","properties":{"name":"Rotterdam","pop":1005000,"rank":12,"scalerank":6,"minzoom":6,"capital":0,"nation":"nld"},"geometry":{"type":"Point","coordinates":[4.478,51.922]}},{"type":"Feature","properties":{"name":"Cologne","pop":1004000,"rank":12,"scalerank":6,"minzoom":5,"capital":0,"nation":"deu"},"geometry":{"type":"Point","coordinates":[6.948,50.932]}},{"type":"Feature","properties":{"name":"Qinhuangdao","pop":1003000,"rank":12,"scalerank":6,"minzoom":6,"capital":0,"nation":"chn"},"geometry":{"type":"Point","coordinates":[119.618,39.932]}},{"type":"Feature","properties":{"name":"Fès","pop":1002000,"rank":12,"scalerank":3,"minzoom":5,"capital":0,"nation":"mar"},"geometry":{"type":"Point","coordinates":[-5.002,34.057]}},{"type":"Feature","properties":{"name":"Aden","pop":1000000,"rank":11,"scalerank":3,"minzoom":5,"capital":0,"nation":"yem"},"geometry":{"type":"Point","coordinates":[45.009,12.78]}},{"type":"Feature","properties":{"name":"Baoshan","pop":1000000,"rank":11,"scalerank":4,"minzoom":5.6,"capital":0,"nation":"chn"},"geometry":{"type":"Point","coordinates":[99.15,25.12]}},{"type":"Feature","properties":{"name":"Cochabamba","pop":1000000,"rank":11,"scalerank":6,"minzoom":6,"capital":0,"nation":"bol"},"geometry":{"type":"Point","coordinates":[-66.17,-17.41]}},{"type":"Feature","properties":{"name":"Đà Nẵng","pop":1000000,"rank":11,"scalerank":4,"minzoom":5.6,"capital":0,"nation":"vnm"},"geometry":{"type":"Point","coordinates":[108.25,16.06]}},{"type":"Feature","properties":{"name":"Yongzhou","pop":1000000,"rank":11,"scalerank":6,"minzoom":6,"capital":0,"nation":"chn"},"geometry":{"type":"Point","coordinates":[111.609,26.418]}},{"type":"Feature","properties":{"name":"Kitakyūshū","pop":997536,"rank":11,"scalerank":7,"minzoom":6.7,"capital":0,"nation":"jpn"},"geometry":{"type":"Point","coordinates":[130.82,33.87]}},{"type":"Feature","properties":{"name":"Perm","pop":997000,"rank":11,"scalerank":3,"minzoom":4,"capital":0,"nation":"rus"},"geometry":{"type":"Point","coordinates":[56.248,58.002]}},{"type":"Feature","properties":{"name":"Ahvaz","pop":996000,"rank":11,"scalerank":4,"minzoom":5.1,"capital":0,"nation":"irn"},"geometry":{"type":"Point","coordinates":[48.718,31.282]}},{"type":"Feature","properties":{"name":"Charlotte","pop":995000,"rank":11,"scalerank":6,"minzoom":5.1,"capital":0,"nation":"usa"},"geometry":{"type":"Point","coordinates":[-80.832,35.207]}},{"type":"Feature","properties":{"name":"Jodhpur","pop":995000,"rank":11,"scalerank":4,"minzoom":5.6,"capital":0,"nation":"ind"},"geometry":{"type":"Point","coordinates":[73.015,26.294]}},{"type":"Feature","properties":{"name":"San Luis Potosí","pop":992000,"rank":11,"scalerank":4,"minzoom":5.6,"capital":0,"nation":"mex"},"geometry":{"type":"Point","coordinates":[-101.002,22.172]}},{"type":"Feature","properties":{"name":"Odessa","pop":991000,"rank":11,"scalerank":4,"minzoom":5.1,"capital":0,"nation":"ukr"},"geometry":{"type":"Point","coordinates":[30.708,46.492]}},{"type":"Feature","properties":{"name":"Yinchuan","pop":991000,"rank":11,"scalerank":3,"minzoom":5,"capital":0,"nation":"chn"},"geometry":{"type":"Point","coordinates":[106.271,38.47]}},{"type":"Feature","properties":{"name":"N'Djaména","pop":989000,"rank":11,"scalerank":3,"minzoom":5,"capital":1,"nation":"tcd"},"geometry":{"type":"Point","coordinates":[15.047,12.115]}},{"type":"Feature","properties":{"name":"Donetsk","pop":988000,"rank":11,"scalerank":4,"minzoom":5,"capital":0,"nation":"ukr"},"geometry":{"type":"Point","coordinates":[37.828,48.002]}},{"type":"Feature","properties":{"name":"Jacksonville","pop":988000,"rank":11,"scalerank":4,"minzoom":5.1,"capital":0,"nation":"usa"},"geometry":{"type":"Point","coordinates":[-81.672,30.332]}},{"type":"Feature","properties":{"name":"Jiaxing","pop":988000,"rank":11,"scalerank":6,"minzoom":6,"capital":0,"nation":"chn"},"geometry":{"type":"Point","coordinates":[120.748,30.772]}},{"type":"Feature","properties":{"name":"Joinville","pop":988000,"rank":11,"scalerank":6,"minzoom":6,"capital":0,"nation":"bra"},"geometry":{"type":"Point","coordinates":[-48.842,-26.318]}},{"type":"Feature","properties":{"name":"Guilin","pop":987000,"rank":11,"scalerank":3,"minzoom":5,"capital":0,"nation":"chn"},"geometry":{"type":"Point","coordinates":[110.278,25.282]}},{"type":"Feature","properties":{"name":"Dahuk","pop":986000,"rank":11,"scalerank":9,"minzoom":6,"capital":0,"nation":"irq"},"geometry":{"type":"Point","coordinates":[43,36.867]}},{"type":"Feature","properties":{"name":"Volgograd","pop":984000,"rank":11,"scalerank":3,"minzoom":4,"capital":0,"nation":"rus"},"geometry":{"type":"Point","coordinates":[44.498,48.712]}},{"type":"Feature","properties":{"name":"Guwahati","pop":983000,"rank":11,"scalerank":4,"minzoom":5.6,"capital":0,"nation":"ind"},"geometry":{"type":"Point","coordinates":[91.768,26.162]}},{"type":"Feature","properties":{"name":"Yichun","pop":982000,"rank":11,"scalerank":6,"minzoom":6,"capital":0,"nation":"chn"},"geometry":{"type":"Point","coordinates":[114.398,27.835]}},{"type":"Feature","properties":{"name":"Yangquan","pop":981448,"rank":11,"scalerank":8,"minzoom":7,"capital":0,"nation":"chn"},"geometry":{"type":"Point","coordinates":[113.57,37.87]}},{"type":"Feature","properties":{"name":"Natal","pop":980588,"rank":11,"scalerank":6,"minzoom":6,"capital":0,"nation":"bra"},"geometry":{"type":"Point","coordinates":[-60.27,-6.984]}},{"type":"Feature","properties":{"name":"Chandigarh","pop":979000,"rank":11,"scalerank":4,"minzoom":5.6,"capital":0,"nation":"ind"},"geometry":{"type":"Point","coordinates":[76.778,30.722]}},{"type":"Feature","properties":{"name":"Gwâlior","pop":978000,"rank":11,"scalerank":4,"minzoom":5.6,"capital":0,"nation":"ind"},"geometry":{"type":"Point","coordinates":[78.169,26.2]}},{"type":"Feature","properties":{"name":"Hamamatsu","pop":977023,"rank":11,"scalerank":7,"minzoom":6.1,"capital":0,"nation":"jpn"},"geometry":{"type":"Point","coordinates":[137.733,34.718]}},{"type":"Feature","properties":{"name":"Qom","pop":973000,"rank":11,"scalerank":6,"minzoom":6,"capital":0,"nation":"irn"},"geometry":{"type":"Point","coordinates":[50.948,34.652]}},{"type":"Feature","properties":{"name":"Salt Lake City","pop":966000,"rank":11,"scalerank":3,"minzoom":4,"capital":0,"nation":"usa"},"geometry":{"type":"Point","coordinates":[-111.932,40.777]}},{"type":"Feature","properties":{"name":"Jixi","pop":965000,"rank":11,"scalerank":4,"minzoom":5.6,"capital":0,"nation":"chn"},"geometry":{"type":"Point","coordinates":[130.968,45.302]}},{"type":"Feature","properties":{"name":"Mérida","pop":965000,"rank":11,"scalerank":3,"minzoom":5,"capital":0,"nation":"mex"},"geometry":{"type":"Point","coordinates":[-89.619,20.969]}},{"type":"Feature","properties":{"name":"Xinyi","pop":962656,"rank":11,"scalerank":8,"minzoom":7,"capital":0,"nation":"chn"},"geometry":{"type":"Point","coordinates":[118.35,34.38]}},{"type":"Feature","properties":{"name":"Pingxiang","pop":961000,"rank":11,"scalerank":3,"minzoom":5,"capital":0,"nation":"chn"},"geometry":{"type":"Point","coordinates":[113.848,27.622]}},{"type":"Feature","properties":{"name":"Santiago de Querétaro","pop":961000,"rank":11,"scalerank":6,"minzoom":6,"capital":0,"nation":"mex"},"geometry":{"type":"Point","coordinates":[-100.387,20.578]}},{"type":"Feature","properties":{"name":"Jinzhou","pop":956000,"rank":11,"scalerank":6,"minzoom":6,"capital":0,"nation":"chn"},"geometry":{"type":"Point","coordinates":[121.098,41.122]}},{"type":"Feature","properties":{"name":"João Pessoa","pop":956000,"rank":11,"scalerank":6,"minzoom":6,"capital":0,"nation":"bra"},"geometry":{"type":"Point","coordinates":[-34.878,-7.099]}},{"type":"Feature","properties":{"name":"Kelang","pop":956000,"rank":11,"scalerank":6,"minzoom":6,"capital":0,"nation":"mys"},"geometry":{"type":"Point","coordinates":[101.447,3.043]}},{"type":"Feature","properties":{"name":"Salerne","pop":954265,"rank":11,"scalerank":7,"minzoom":6.7,"capital":0,"nation":"ita"},"geometry":{"type":"Point","coordinates":[14.77,40.68]}},{"type":"Feature","properties":{"name":"Thiruvananthapuram","pop":954000,"rank":11,"scalerank":4,"minzoom":5.6,"capital":0,"nation":"ind"},"geometry":{"type":"Point","coordinates":[76.925,8.516]}},{"type":"Feature","properties":{"name":"Kozhikode","pop":953000,"rank":11,"scalerank":3,"minzoom":5,"capital":0,"nation":"ind"},"geometry":{"type":"Point","coordinates":[75.768,11.252]}},{"type":"Feature","properties":{"name":"Ogbomoso","pop":951000,"rank":11,"scalerank":4,"minzoom":5.6,"capital":0,"nation":"nga"},"geometry":{"type":"Point","coordinates":[4.238,8.132]}},{"type":"Feature","properties":{"name":"Tiruchirappalli","pop":951000,"rank":11,"scalerank":4,"minzoom":5.6,"capital":0,"nation":"ind"},"geometry":{"type":"Point","coordinates":[78.688,10.801]}},{"type":"Feature","properties":{"name":"General Santos","pop":950530,"rank":11,"scalerank":4,"minzoom":5.6,"capital":0,"nation":"phl"},"geometry":{"type":"Point","coordinates":[125.175,6.111]}},{"type":"Feature","properties":{"name":"Hué","pop":950000,"rank":11,"scalerank":6,"minzoom":6,"capital":0,"nation":"vnm"},"geometry":{"type":"Point","coordinates":[107.58,16.47]}},{"type":"Feature","properties":{"name":"Bacolod","pop":949354,"rank":11,"scalerank":6,"minzoom":6,"capital":0,"nation":"phl"},"geometry":{"type":"Point","coordinates":[122.982,10.632]}},{"type":"Feature","properties":{"name":"Louisville","pop":948000,"rank":11,"scalerank":6,"minzoom":5.1,"capital":0,"nation":"usa"},"geometry":{"type":"Point","coordinates":[-85.751,38.227]}},{"type":"Feature","properties":{"name":"Nantong","pop":947000,"rank":11,"scalerank":6,"minzoom":6,"capital":0,"nation":"chn"},"geometry":{"type":"Point","coordinates":[120.925,31.982]}},{"type":"Feature","properties":{"name":"Tulsa","pop":946962,"rank":11,"scalerank":4,"minzoom":5.6,"capital":0,"nation":"usa"},"geometry":{"type":"Point","coordinates":[-95.93,36.12]}},{"type":"Feature","properties":{"name":"Tegucigalpa","pop":946000,"rank":11,"scalerank":3,"minzoom":5,"capital":1,"nation":"hnd"},"geometry":{"type":"Point","coordinates":[-87.219,14.104]}},{"type":"Feature","properties":{"name":"Foshan","pop":943000,"rank":11,"scalerank":6,"minzoom":6,"capital":0,"nation":"chn"},"geometry":{"type":"Point","coordinates":[113.114,23.01]}},{"type":"Feature","properties":{"name":"Seongnam","pop":942000,"rank":11,"scalerank":7,"minzoom":6.7,"capital":0,"nation":"kor"},"geometry":{"type":"Point","coordinates":[127.136,37.441]}},{"type":"Feature","properties":{"name":"Kingston","pop":937700,"rank":11,"scalerank":3,"minzoom":5,"capital":1,"nation":"jam"},"geometry":{"type":"Point","coordinates":[-76.767,17.977]}},{"type":"Feature","properties":{"name":"Naypyidaw","pop":930000,"rank":11,"scalerank":3,"minzoom":5,"capital":1,"nation":"mmr"},"geometry":{"type":"Point","coordinates":[96.117,19.769]}},{"type":"Feature","properties":{"name":"Nice","pop":927000,"rank":11,"scalerank":6,"minzoom":5.1,"capital":0,"nation":"fra"},"geometry":{"type":"Point","coordinates":[7.263,43.717]}},{"type":"Feature","properties":{"name":"Erbil","pop":926000,"rank":11,"scalerank":6,"minzoom":6,"capital":0,"nation":"irq"},"geometry":{"type":"Point","coordinates":[44.007,36.181]}},{"type":"Feature","properties":{"name":"Krasnoïarsk","pop":925000,"rank":11,"scalerank":3,"minzoom":5,"capital":0,"nation":"rus"},"geometry":{"type":"Point","coordinates":[92.864,56.016]}},{"type":"Feature","properties":{"name":"Djibouti","pop":923000,"rank":11,"scalerank":4,"minzoom":5.6,"capital":1,"nation":"dji"},"geometry":{"type":"Point","coordinates":[43.148,11.595]}},{"type":"Feature","properties":{"name":"Olinda","pop":921840,"rank":11,"scalerank":8,"minzoom":7,"capital":0,"nation":"bra"},"geometry":{"type":"Point","coordinates":[-34.85,-8]}},{"type":"Feature","properties":{"name":"Anvers","pop":920000,"rank":11,"scalerank":6,"minzoom":6,"capital":0,"nation":"bel"},"geometry":{"type":"Point","coordinates":[4.413,51.222]}},{"type":"Feature","properties":{"name":"Managua","pop":920000,"rank":11,"scalerank":3,"minzoom":5,"capital":1,"nation":"nic"},"geometry":{"type":"Point","coordinates":[-86.27,12.155]}},{"type":"Feature","properties":{"name":"Konya","pop":919000,"rank":11,"scalerank":4,"minzoom":5.6,"capital":0,"nation":"tur"},"geometry":{"type":"Point","coordinates":[32.473,37.877]}},{"type":"Feature","properties":{"name":"Bogor","pop":918000,"rank":11,"scalerank":6,"minzoom":6,"capital":0,"nation":"idn"},"geometry":{"type":"Point","coordinates":[106.748,-6.568]}},{"type":"Feature","properties":{"name":"Niamey","pop":915000,"rank":11,"scalerank":3,"minzoom":5,"capital":1,"nation":"ner"},"geometry":{"type":"Point","coordinates":[2.115,13.519]}},{"type":"Feature","properties":{"name":"Hartford","pop":913000,"rank":11,"scalerank":6,"minzoom":6,"capital":0,"nation":"usa"},"geometry":{"type":"Point","coordinates":[-72.682,41.772]}},{"type":"Feature","properties":{"name":"Huaibei","pop":913000,"rank":11,"scalerank":6,"minzoom":6,"capital":0,"nation":"chn"},"geometry":{"type":"Point","coordinates":[116.748,33.952]}},{"type":"Feature","properties":{"name":"Xinyu","pop":913000,"rank":11,"scalerank":6,"minzoom":6,"capital":0,"nation":"chn"},"geometry":{"type":"Point","coordinates":[114.928,27.802]}},{"type":"Feature","properties":{"name":"Richmond","pop":912000,"rank":11,"scalerank":4,"minzoom":5,"capital":0,"nation":"usa"},"geometry":{"type":"Point","coordinates":[-77.452,37.552]}},{"type":"Feature","properties":{"name":"Teresina","pop":907000,"rank":11,"scalerank":4,"minzoom":5.6,"capital":0,"nation":"bra"},"geometry":{"type":"Point","coordinates":[-42.782,-5.093]}},{"type":"Feature","properties":{"name":"Naha","pop":905238,"rank":11,"scalerank":4,"minzoom":5.1,"capital":0,"nation":"jpn"},"geometry":{"type":"Point","coordinates":[127.673,26.207]}},{"type":"Feature","properties":{"name":"Goyang","pop":903000,"rank":11,"scalerank":7,"minzoom":6.7,"capital":0,"nation":"kor"},"geometry":{"type":"Point","coordinates":[126.835,37.655]}},{"type":"Feature","properties":{"name":"Xinxiang","pop":903000,"rank":11,"scalerank":6,"minzoom":6,"capital":0,"nation":"chn"},"geometry":{"type":"Point","coordinates":[113.909,35.302]}},{"type":"Feature","properties":{"name":"Yibin","pop":902000,"rank":11,"scalerank":6,"minzoom":6,"capital":0,"nation":"chn"},"geometry":{"type":"Point","coordinates":[104.568,28.772]}},{"type":"Feature","properties":{"name":"Albuquerque","pop":898642,"rank":11,"scalerank":4,"minzoom":5.1,"capital":0,"nation":"usa"},"geometry":{"type":"Point","coordinates":[-106.641,35.105]}},{"type":"Feature","properties":{"name":"Aba","pop":897560,"rank":11,"scalerank":7,"minzoom":6.1,"capital":0,"nation":"nga"},"geometry":{"type":"Point","coordinates":[7.35,5.1]}},{"type":"Feature","properties":{"name":"Maiduguri","pop":896000,"rank":11,"scalerank":4,"minzoom":5.6,"capital":0,"nation":"nga"},"geometry":{"type":"Point","coordinates":[13.158,11.852]}},{"type":"Feature","properties":{"name":"Tirana","pop":895350,"rank":11,"scalerank":3,"minzoom":5,"capital":1,"nation":"alb"},"geometry":{"type":"Point","coordinates":[19.819,41.328]}},{"type":"Feature","properties":{"name":"Katmandou","pop":895000,"rank":11,"scalerank":3,"minzoom":5,"capital":1,"nation":"npl"},"geometry":{"type":"Point","coordinates":[85.315,27.719]}},{"type":"Feature","properties":{"name":"Zarka","pop":894691,"rank":11,"scalerank":8,"minzoom":8,"capital":0,"nation":"jor"},"geometry":{"type":"Point","coordinates":[36.1,32.07]}},{"type":"Feature","properties":{"name":"Tarse","pop":894318,"rank":11,"scalerank":7,"minzoom":6.7,"capital":0,"nation":"tur"},"geometry":{"type":"Point","coordinates":[34.88,36.92]}},{"type":"Feature","properties":{"name":"Bengbu","pop":894000,"rank":11,"scalerank":6,"minzoom":6,"capital":0,"nation":"chn"},"geometry":{"type":"Point","coordinates":[117.328,32.952]}},{"type":"Feature","properties":{"name":"Mendoza","pop":893000,"rank":11,"scalerank":3,"minzoom":5,"capital":0,"nation":"arg"},"geometry":{"type":"Point","coordinates":[-68.819,-32.881]}},{"type":"Feature","properties":{"name":"Hubli-Dharwad","pop":890000,"rank":11,"scalerank":4,"minzoom":5.6,"capital":0,"nation":"ind"},"geometry":{"type":"Point","coordinates":[75.123,15.362]}},{"type":"Feature","properties":{"name":"Concepción","pop":889725,"rank":11,"scalerank":3,"minzoom":5,"capital":0,"nation":"chl"},"geometry":{"type":"Point","coordinates":[-73.05,-36.83]}},{"type":"Feature","properties":{"name":"Zaria","pop":889000,"rank":11,"scalerank":6,"minzoom":6,"capital":0,"nation":"nga"},"geometry":{"type":"Point","coordinates":[7.708,11.082]}},{"type":"Feature","properties":{"name":"Anyang","pop":887000,"rank":11,"scalerank":6,"minzoom":6,"capital":0,"nation":"chn"},"geometry":{"type":"Point","coordinates":[114.348,36.082]}},{"type":"Feature","properties":{"name":"Carthagène des Indes","pop":887000,"rank":11,"scalerank":3,"minzoom":5,"capital":0,"nation":"col"},"geometry":{"type":"Point","coordinates":[-75.516,10.402]}},{"type":"Feature","properties":{"name":"Mysore","pop":887000,"rank":11,"scalerank":4,"minzoom":5.6,"capital":0,"nation":"ind"},"geometry":{"type":"Point","coordinates":[76.658,12.312]}},{"type":"Feature","properties":{"name":"Mexicali","pop":885000,"rank":11,"scalerank":4,"minzoom":5.6,"capital":0,"nation":"mex"},"geometry":{"type":"Point","coordinates":[-115.482,32.652]}},{"type":"Feature","properties":{"name":"Oulan-Bator","pop":885000,"rank":11,"scalerank":3,"minzoom":4,"capital":1,"nation":"mng"},"geometry":{"type":"Point","coordinates":[106.915,47.919]}},{"type":"Feature","properties":{"name":"Tongliao","pop":884000,"rank":11,"scalerank":4,"minzoom":5.6,"capital":0,"nation":"chn"},"geometry":{"type":"Point","coordinates":[122.268,43.622]}},{"type":"Feature","properties":{"name":"Mombasa","pop":882000,"rank":11,"scalerank":3,"minzoom":5,"capital":0,"nation":"ken"},"geometry":{"type":"Point","coordinates":[39.688,-4.038]}},{"type":"Feature","properties":{"name":"Newcastle upon Tyne","pop":882000,"rank":11,"scalerank":6,"minzoom":5.1,"capital":0,"nation":"gbr"},"geometry":{"type":"Point","coordinates":[-1.612,54.99]}},{"type":"Feature","properties":{"name":"Bandar Lampung","pop":881801,"rank":11,"scalerank":7,"minzoom":6.7,"capital":0,"nation":"idn"},"geometry":{"type":"Point","coordinates":[105.3,-5.45]}},{"type":"Feature","properties":{"name":"Omaha","pop":877110,"rank":11,"scalerank":3,"minzoom":5,"capital":0,"nation":"usa"},"geometry":{"type":"Point","coordinates":[-96.01,41.24]}},{"type":"Feature","properties":{"name":"Nashville","pop":877000,"rank":11,"scalerank":3,"minzoom":5,"capital":0,"nation":"usa"},"geometry":{"type":"Point","coordinates":[-86.782,36.172]}},{"type":"Feature","properties":{"name":"Novo Hamburgo","pop":876990,"rank":11,"scalerank":7,"minzoom":6.7,"capital":0,"nation":"bra"},"geometry":{"type":"Point","coordinates":[-51.14,-29.71]}},{"type":"Feature","properties":{"name":"Callao","pop":876877,"rank":11,"scalerank":6,"minzoom":8,"capital":0,"nation":"per"},"geometry":{"type":"Point","coordinates":[-77.135,-12.07]}},{"type":"Feature","properties":{"name":"Bilbao","pop":875552,"rank":11,"scalerank":4,"minzoom":5,"capital":0,"nation":"esp"},"geometry":{"type":"Point","coordinates":[-2.93,43.25]}},{"type":"Feature","properties":{"name":"Johor Bahru","pop":875000,"rank":11,"scalerank":6,"minzoom":6,"capital":0,"nation":"mys"},"geometry":{"type":"Point","coordinates":[103.728,1.482]}},{"type":"Feature","properties":{"name":"Raipur","pop":875000,"rank":11,"scalerank":4,"minzoom":5.6,"capital":0,"nation":"ind"},"geometry":{"type":"Point","coordinates":[81.633,21.237]}},{"type":"Feature","properties":{"name":"Yichang","pop":875000,"rank":11,"scalerank":6,"minzoom":6,"capital":0,"nation":"chn"},"geometry":{"type":"Point","coordinates":[111.278,30.702]}},{"type":"Feature","properties":{"name":"Salem","pop":873000,"rank":11,"scalerank":4,"minzoom":5.6,"capital":0,"nation":"ind"},"geometry":{"type":"Point","coordinates":[78.178,11.672]}},{"type":"Feature","properties":{"name":"Yangjiang","pop":872363,"rank":11,"scalerank":7,"minzoom":6.7,"capital":0,"nation":"chn"},"geometry":{"type":"Point","coordinates":[111.97,21.85]}},{"type":"Feature","properties":{"name":"Kaifeng","pop":872000,"rank":11,"scalerank":6,"minzoom":6,"capital":0,"nation":"chn"},"geometry":{"type":"Point","coordinates":[114.355,34.794]}},{"type":"Feature","properties":{"name":"Marrakech","pop":872000,"rank":11,"scalerank":3,"minzoom":5,"capital":0,"nation":"mar"},"geometry":{"type":"Point","coordinates":[-8.002,31.632]}},{"type":"Feature","properties":{"name":"Albany","pop":870716,"rank":11,"scalerank":6,"minzoom":5.1,"capital":0,"nation":"usa"},"geometry":{"type":"Point","coordinates":[-73.758,42.654]}},{"type":"Feature","properties":{"name":"Bassorah","pop":870000,"rank":11,"scalerank":4,"minzoom":5.1,"capital":0,"nation":"irq"},"geometry":{"type":"Point","coordinates":[47.812,30.515]}},{"type":"Feature","properties":{"name":"Dandong","pop":870000,"rank":11,"scalerank":6,"minzoom":6,"capital":0,"nation":"chn"},"geometry":{"type":"Point","coordinates":[124.392,40.146]}},{"type":"Feature","properties":{"name":"Aguascalientes","pop":869000,"rank":11,"scalerank":6,"minzoom":6,"capital":0,"nation":"mex"},"geometry":{"type":"Point","coordinates":[-102.292,21.881]}},{"type":"Feature","properties":{"name":"Okayama","pop":866092,"rank":11,"scalerank":8,"minzoom":7,"capital":0,"nation":"jpn"},"geometry":{"type":"Point","coordinates":[133.917,34.672]}},{"type":"Feature","properties":{"name":"Bucheon","pop":866000,"rank":11,"scalerank":7,"minzoom":6.7,"capital":0,"nation":"kor"},"geometry":{"type":"Point","coordinates":[126.781,37.501]}},{"type":"Feature","properties":{"name":"Xuancheng","pop":866000,"rank":11,"scalerank":6,"minzoom":6,"capital":0,"nation":"chn"},"geometry":{"type":"Point","coordinates":[118.753,30.954]}},{"type":"Feature","properties":{"name":"Bandar Lampung","pop":865000,"rank":11,"scalerank":4,"minzoom":5.6,"capital":0,"nation":"idn"},"geometry":{"type":"Point","coordinates":[105.268,-5.428]}},{"type":"Feature","properties":{"name":"Rizhao","pop":865000,"rank":11,"scalerank":7,"minzoom":6.1,"capital":0,"nation":"chn"},"geometry":{"type":"Point","coordinates":[119.45,35.43]}},{"type":"Feature","properties":{"name":"Palerme","pop":863000,"rank":11,"scalerank":3,"minzoom":5,"capital":0,"nation":"ita"},"geometry":{"type":"Point","coordinates":[13.348,38.127]}},{"type":"Feature","properties":{"name":"Cardiff","pop":861400,"rank":11,"scalerank":6,"minzoom":5.1,"capital":0,"nation":"gbr"},"geometry":{"type":"Point","coordinates":[-3.168,51.483]}},{"type":"Feature","properties":{"name":"Kigali","pop":860000,"rank":11,"scalerank":4,"minzoom":5.1,"capital":1,"nation":"rwa"},"geometry":{"type":"Point","coordinates":[30.059,-1.952]}},{"type":"Feature","properties":{"name":"Tampico","pop":859419,"rank":11,"scalerank":3,"minzoom":5,"capital":0,"nation":"mex"},"geometry":{"type":"Point","coordinates":[-97.87,22.3]}},{"type":"Feature","properties":{"name":"Jiaozuo","pop":857000,"rank":11,"scalerank":6,"minzoom":6,"capital":0,"nation":"chn"},"geometry":{"type":"Point","coordinates":[113.26,35.201]}},{"type":"Feature","properties":{"name":"Jalandhar","pop":855000,"rank":11,"scalerank":4,"minzoom":5.6,"capital":0,"nation":"ind"},"geometry":{"type":"Point","coordinates":[75.567,31.337]}},{"type":"Feature","properties":{"name":"Padang","pop":855000,"rank":11,"scalerank":3,"minzoom":5,"capital":0,"nation":"idn"},"geometry":{"type":"Point","coordinates":[100.358,-0.958]}},{"type":"Feature","properties":{"name":"Valparaíso","pop":854000,"rank":11,"scalerank":3,"minzoom":5,"capital":0,"nation":"chl"},"geometry":{"type":"Point","coordinates":[-71.617,-33.048]}},{"type":"Feature","properties":{"name":"Zhenjiang","pop":854000,"rank":11,"scalerank":6,"minzoom":6,"capital":0,"nation":"chn"},"geometry":{"type":"Point","coordinates":[119.43,32.176]}},{"type":"Feature","properties":{"name":"Xian de Yarkand","pop":851374,"rank":11,"scalerank":4,"minzoom":5.6,"capital":0,"nation":"chn"},"geometry":{"type":"Point","coordinates":[77.25,38.426]}},{"type":"Feature","properties":{"name":"Anshun","pop":849000,"rank":11,"scalerank":6,"minzoom":6,"capital":0,"nation":"chn"},"geometry":{"type":"Point","coordinates":[105.928,26.252]}},{"type":"Feature","properties":{"name":"Pingdingshan","pop":849000,"rank":11,"scalerank":6,"minzoom":6,"capital":0,"nation":"chn"},"geometry":{"type":"Point","coordinates":[113.298,33.732]}},{"type":"Feature","properties":{"name":"Zunyi","pop":849000,"rank":11,"scalerank":6,"minzoom":6,"capital":0,"nation":"chn"},"geometry":{"type":"Point","coordinates":[106.918,27.702]}},{"type":"Feature","properties":{"name":"Toulouse","pop":847000,"rank":11,"scalerank":6,"minzoom":6,"capital":0,"nation":"fra"},"geometry":{"type":"Point","coordinates":[1.448,43.622]}},{"type":"Feature","properties":{"name":"New Haven","pop":846766,"rank":11,"scalerank":7,"minzoom":6.7,"capital":0,"nation":"usa"},"geometry":{"type":"Point","coordinates":[-72.9,41.33]}},{"type":"Feature","properties":{"name":"Nova Iguaçu","pop":844583,"rank":11,"scalerank":8,"minzoom":7,"capital":0,"nation":"bra"},"geometry":{"type":"Point","coordinates":[-43.445,-22.755]}},{"type":"Feature","properties":{"name":"Bhubaneswar","pop":844000,"rank":11,"scalerank":3,"minzoom":5,"capital":0,"nation":"ind"},"geometry":{"type":"Point","coordinates":[85.825,20.272]}},{"type":"Feature","properties":{"name":"Voronej","pop":844000,"rank":11,"scalerank":4,"minzoom":5.1,"capital":0,"nation":"rus"},"geometry":{"type":"Point","coordinates":[39.187,51.665]}},{"type":"Feature","properties":{"name":"Saratov","pop":843000,"rank":11,"scalerank":4,"minzoom":5.1,"capital":0,"nation":"rus"},"geometry":{"type":"Point","coordinates":[46.028,51.582]}},{"type":"Feature","properties":{"name":"Duque de Caxias","pop":842890,"rank":11,"scalerank":8,"minzoom":7,"capital":0,"nation":"bra"},"geometry":{"type":"Point","coordinates":[-43.306,-22.796]}},{"type":"Feature","properties":{"name":"Yuci","pop":840000,"rank":11,"scalerank":6,"minzoom":6,"capital":0,"nation":"chn"},"geometry":{"type":"Point","coordinates":[112.728,37.682]}},{"type":"Feature","properties":{"name":"Yancheng","pop":839000,"rank":11,"scalerank":6,"minzoom":6,"capital":0,"nation":"chn"},"geometry":{"type":"Point","coordinates":[120.168,33.338]}},{"type":"Feature","properties":{"name":"Bichkek","pop":837000,"rank":11,"scalerank":3,"minzoom":5,"capital":1,"nation":"kgz"},"geometry":{"type":"Point","coordinates":[74.583,42.875]}},{"type":"Feature","properties":{"name":"Oslo","pop":835000,"rank":11,"scalerank":2,"minzoom":4,"capital":1,"nation":"nor"},"geometry":{"type":"Point","coordinates":[10.748,59.919]}},{"type":"Feature","properties":{"name":"Cuernavaca","pop":834001,"rank":11,"scalerank":6,"minzoom":6,"capital":0,"nation":"mex"},"geometry":{"type":"Point","coordinates":[-99.24,18.921]}},{"type":"Feature","properties":{"name":"Linfen","pop":834000,"rank":11,"scalerank":6,"minzoom":6,"capital":0,"nation":"chn"},"geometry":{"type":"Point","coordinates":[111.518,36.082]}},{"type":"Feature","properties":{"name":"Bangui","pop":831925,"rank":11,"scalerank":3,"minzoom":5,"capital":1,"nation":"caf"},"geometry":{"type":"Point","coordinates":[18.558,4.367]}},{"type":"Feature","properties":{"name":"Warri","pop":830106,"rank":11,"scalerank":4,"minzoom":5.6,"capital":0,"nation":"nga"},"geometry":{"type":"Point","coordinates":[5.76,5.52]}},{"type":"Feature","properties":{"name":"Bâle","pop":830000,"rank":11,"scalerank":7,"minzoom":6.7,"capital":0,"nation":"che"},"geometry":{"type":"Point","coordinates":[7.59,47.58]}},{"type":"Feature","properties":{"name":"San Miguel de Tucumán","pop":830000,"rank":11,"scalerank":4,"minzoom":5.6,"capital":0,"nation":"arg"},"geometry":{"type":"Point","coordinates":[-65.219,-26.814]}},{"type":"Feature","properties":{"name":"Kermanshah","pop":828313,"rank":11,"scalerank":6,"minzoom":6,"capital":0,"nation":"irn"},"geometry":{"type":"Point","coordinates":[47.058,34.382]}},{"type":"Feature","properties":{"name":"Thessalonique","pop":828000,"rank":11,"scalerank":3,"minzoom":5,"capital":0,"nation":"grc"},"geometry":{"type":"Point","coordinates":[22.883,40.698]}},{"type":"Feature","properties":{"name":"Freetown","pop":827000,"rank":11,"scalerank":3,"minzoom":5,"capital":1,"nation":"sle"},"geometry":{"type":"Point","coordinates":[-13.236,8.472]}},{"type":"Feature","properties":{"name":"Kota","pop":827000,"rank":11,"scalerank":4,"minzoom":5.6,"capital":0,"nation":"ind"},"geometry":{"type":"Point","coordinates":[75.833,25.182]}},{"type":"Feature","properties":{"name":"Braga","pop":826833,"rank":11,"scalerank":8,"minzoom":7,"capital":0,"nation":"prt"},"geometry":{"type":"Point","coordinates":[-8.421,41.555]}},{"type":"Feature","properties":{"name":"Jhansi","pop":826494,"rank":11,"scalerank":7,"minzoom":6.1,"capital":0,"nation":"ind"},"geometry":{"type":"Point","coordinates":[78.557,25.453]}},{"type":"Feature","properties":{"name":"Yueyang","pop":826000,"rank":11,"scalerank":4,"minzoom":5.6,"capital":0,"nation":"chn"},"geometry":{"type":"Point","coordinates":[113.098,29.382]}},{"type":"Feature","properties":{"name":"Nottingham","pop":825600,"rank":11,"scalerank":7,"minzoom":5.1,"capital":0,"nation":"gbr"},"geometry":{"type":"Point","coordinates":[-1.166,52.941]}},{"type":"Feature","properties":{"name":"Agadir","pop":825467,"rank":11,"scalerank":6,"minzoom":6,"capital":0,"nation":"mar"},"geometry":{"type":"Point","coordinates":[-9.62,30.44]}},{"type":"Feature","properties":{"name":"Tucson","pop":823000,"rank":11,"scalerank":4,"minzoom":5.1,"capital":0,"nation":"usa"},"geometry":{"type":"Point","coordinates":[-110.892,32.207]}},{"type":"Feature","properties":{"name":"Butterworth","pop":821652,"rank":11,"scalerank":7,"minzoom":6.7,"capital":0,"nation":"mys"},"geometry":{"type":"Point","coordinates":[100.4,5.417]}},{"type":"Feature","properties":{"name":"Bareli","pop":817000,"rank":11,"scalerank":7,"minzoom":6.7,"capital":0,"nation":"ind"},"geometry":{"type":"Point","coordinates":[79.418,28.347]}},{"type":"Feature","properties":{"name":"Jos","pop":816824,"rank":11,"scalerank":6,"minzoom":6,"capital":0,"nation":"nga"},"geometry":{"type":"Point","coordinates":[8.89,9.93]}},{"type":"Feature","properties":{"name":"Xingyi","pop":816000,"rank":11,"scalerank":6,"minzoom":6,"capital":0,"nation":"chn"},"geometry":{"type":"Point","coordinates":[104.888,25.092]}},{"type":"Feature","properties":{"name":"Arequipa","pop":815000,"rank":11,"scalerank":4,"minzoom":5.6,"capital":0,"nation":"per"},"geometry":{"type":"Point","coordinates":[-71.532,-16.418]}},{"type":"Feature","properties":{"name":"Cebu","pop":815000,"rank":11,"scalerank":3,"minzoom":4,"capital":0,"nation":"phl"},"geometry":{"type":"Point","coordinates":[123.898,10.322]}},{"type":"Feature","properties":{"name":"Liverpool","pop":811000,"rank":11,"scalerank":6,"minzoom":6,"capital":0,"nation":"gbr"},"geometry":{"type":"Point","coordinates":[-2.962,53.405]}},{"type":"Feature","properties":{"name":"Langfang","pop":810000,"rank":11,"scalerank":6,"minzoom":6,"capital":0,"nation":"chn"},"geometry":{"type":"Point","coordinates":[116.678,39.522]}},{"type":"Feature","properties":{"name":"Râjshâhî","pop":810000,"rank":11,"scalerank":4,"minzoom":5.6,"capital":0,"nation":"bgd"},"geometry":{"type":"Point","coordinates":[88.603,24.377]}},{"type":"Feature","properties":{"name":"Wuhu","pop":810000,"rank":11,"scalerank":6,"minzoom":6,"capital":0,"nation":"chn"},"geometry":{"type":"Point","coordinates":[118.368,31.352]}},{"type":"Feature","properties":{"name":"Culiacán","pop":809000,"rank":11,"scalerank":4,"minzoom":5.6,"capital":0,"nation":"mex"},"geometry":{"type":"Point","coordinates":[-107.382,24.832]}},{"type":"Feature","properties":{"name":"Zhaotong","pop":809000,"rank":11,"scalerank":6,"minzoom":6,"capital":0,"nation":"chn"},"geometry":{"type":"Point","coordinates":[103.718,27.322]}},{"type":"Feature","properties":{"name":"Valence","pop":808000,"rank":11,"scalerank":3,"minzoom":4.7,"capital":0,"nation":"esp"},"geometry":{"type":"Point","coordinates":[-0.402,39.487]}},{"type":"Feature","properties":{"name":"Cuiabá","pop":806000,"rank":11,"scalerank":4,"minzoom":5.1,"capital":0,"nation":"bra"},"geometry":{"type":"Point","coordinates":[-56.087,-15.568]}},{"type":"Feature","properties":{"name":"Lingyuan","pop":806000,"rank":11,"scalerank":6,"minzoom":6,"capital":0,"nation":"chn"},"geometry":{"type":"Point","coordinates":[119.399,41.242]}},{"type":"Feature","properties":{"name":"Quy Nhơn","pop":805290,"rank":11,"scalerank":6,"minzoom":6,"capital":0,"nation":"vnm"},"geometry":{"type":"Point","coordinates":[109.18,13.78]}},{"type":"Feature","properties":{"name":"Aligarh","pop":805000,"rank":11,"scalerank":4,"minzoom":5.6,"capital":0,"nation":"ind"},"geometry":{"type":"Point","coordinates":[78.06,27.894]}},{"type":"Feature","properties":{"name":"Malang","pop":805000,"rank":11,"scalerank":4,"minzoom":5.6,"capital":0,"nation":"idn"},"geometry":{"type":"Point","coordinates":[112.608,-7.978]}},{"type":"Feature","properties":{"name":"Lviv","pop":803880,"rank":11,"scalerank":4,"minzoom":5.1,"capital":0,"nation":"ukr"},"geometry":{"type":"Point","coordinates":[24.03,49.835]}},{"type":"Feature","properties":{"name":"Bordeaux","pop":803000,"rank":11,"scalerank":4,"minzoom":5,"capital":0,"nation":"fra"},"geometry":{"type":"Point","coordinates":[-0.597,44.852]}},{"type":"Feature","properties":{"name":"St. Petersburg","pop":800313,"rank":11,"scalerank":6,"minzoom":6,"capital":0,"nation":"usa"},"geometry":{"type":"Point","coordinates":[-82.679,27.771]}},{"type":"Feature","properties":{"name":"Baoji","pop":800000,"rank":11,"scalerank":6,"minzoom":6,"capital":0,"nation":"chn"},"geometry":{"type":"Point","coordinates":[107.15,34.38]}},{"type":"Feature","properties":{"name":"Pekanbaru","pop":799000,"rank":11,"scalerank":6,"minzoom":6,"capital":0,"nation":"idn"},"geometry":{"type":"Point","coordinates":[101.423,0.567]}},{"type":"Feature","properties":{"name":"Oran","pop":798000,"rank":11,"scalerank":3,"minzoom":5,"capital":0,"nation":"dza"},"geometry":{"type":"Point","coordinates":[-0.622,35.712]}},{"type":"Feature","properties":{"name":"Bhiwandi","pop":795000,"rank":11,"scalerank":6,"minzoom":6,"capital":0,"nation":"ind"},"geometry":{"type":"Point","coordinates":[73.128,19.352]}},{"type":"Feature","properties":{"name":"Yingkou","pop":795000,"rank":11,"scalerank":6,"minzoom":6,"capital":0,"nation":"chn"},"geometry":{"type":"Point","coordinates":[122.278,40.672]}},{"type":"Feature","properties":{"name":"Liaoyang","pop":794000,"rank":11,"scalerank":6,"minzoom":6,"capital":0,"nation":"chn"},"geometry":{"type":"Point","coordinates":[123.178,41.282]}},{"type":"Feature","properties":{"name":"Chihuahua","pop":793000,"rank":11,"scalerank":3,"minzoom":4,"capital":0,"nation":"mex"},"geometry":{"type":"Point","coordinates":[-106.087,28.647]}},{"type":"Feature","properties":{"name":"Jammu","pop":791000,"rank":11,"scalerank":4,"minzoom":5.6,"capital":0,"nation":"ind"},"geometry":{"type":"Point","coordinates":[74.845,32.714]}},{"type":"Feature","properties":{"name":"Malacca","pop":788706,"rank":11,"scalerank":6,"minzoom":6,"capital":0,"nation":"mys"},"geometry":{"type":"Point","coordinates":[102.246,2.206]}},{"type":"Feature","properties":{"name":"Oklahoma City","pop":788000,"rank":11,"scalerank":3,"minzoom":5,"capital":0,"nation":"usa"},"geometry":{"type":"Point","coordinates":[-97.521,35.472]}},{"type":"Feature","properties":{"name":"Zaporijjia","pop":788000,"rank":11,"scalerank":6,"minzoom":6,"capital":0,"nation":"ukr"},"geometry":{"type":"Point","coordinates":[35.175,47.859]}},{"type":"Feature","properties":{"name":"Moradabad","pop":787000,"rank":11,"scalerank":4,"minzoom":5.6,"capital":0,"nation":"ind"},"geometry":{"type":"Point","coordinates":[78.755,28.844]}},{"type":"Feature","properties":{"name":"Honolulu","pop":786000,"rank":11,"scalerank":2,"minzoom":4,"capital":0,"nation":"usa"},"geometry":{"type":"Point","coordinates":[-157.858,21.303]}},{"type":"Feature","properties":{"name":"La Nouvelle-Orléans","pop":785000,"rank":11,"scalerank":2,"minzoom":4,"capital":0,"nation":"usa"},"geometry":{"type":"Point","coordinates":[-90.088,29.969]}},{"type":"Feature","properties":{"name":"Antalya","pop":783000,"rank":11,"scalerank":6,"minzoom":6,"capital":0,"nation":"tur"},"geometry":{"type":"Point","coordinates":[30.698,36.892]}},{"type":"Feature","properties":{"name":"Al Hudaydah","pop":780000,"rank":11,"scalerank":6,"minzoom":6,"capital":0,"nation":"yem"},"geometry":{"type":"Point","coordinates":[42.951,14.8]}},{"type":"Feature","properties":{"name":"Islamabad","pop":780000,"rank":11,"scalerank":3,"minzoom":5,"capital":1,"nation":"pak"},"geometry":{"type":"Point","coordinates":[73.081,33.689]}},{"type":"Feature","properties":{"name":"Campo Grande","pop":778000,"rank":11,"scalerank":3,"minzoom":5,"capital":0,"nation":"bra"},"geometry":{"type":"Point","coordinates":[-54.619,-20.448]}},{"type":"Feature","properties":{"name":"Shaoxing","pop":777000,"rank":11,"scalerank":6,"minzoom":6,"capital":0,"nation":"chn"},"geometry":{"type":"Point","coordinates":[120.568,30.002]}},{"type":"Feature","properties":{"name":"Yichun","pop":777000,"rank":11,"scalerank":6,"minzoom":6,"capital":0,"nation":"chn"},"geometry":{"type":"Point","coordinates":[128.898,47.702]}},{"type":"Feature","properties":{"name":"Mangalore","pop":776632,"rank":11,"scalerank":4,"minzoom":5.6,"capital":0,"nation":"ind"},"geometry":{"type":"Point","coordinates":[74.85,12.9]}},{"type":"Feature","properties":{"name":"Wuppertal","pop":776525,"rank":11,"scalerank":8,"minzoom":7,"capital":0,"nation":"deu"},"geometry":{"type":"Point","coordinates":[7.17,51.25]}},{"type":"Feature","properties":{"name":"Cheongju","pop":775096,"rank":11,"scalerank":8,"minzoom":7,"capital":0,"nation":"kor"},"geometry":{"type":"Point","coordinates":[127.501,36.644]}},{"type":"Feature","properties":{"name":"Dayton","pop":773000,"rank":11,"scalerank":6,"minzoom":6,"capital":0,"nation":"usa"},"geometry":{"type":"Point","coordinates":[-84.202,39.752]}},{"type":"Feature","properties":{"name":"Hamhŭng","pop":773000,"rank":11,"scalerank":6,"minzoom":6,"capital":0,"nation":"prk"},"geometry":{"type":"Point","coordinates":[127.543,39.912]}},{"type":"Feature","properties":{"name":"Zamboanga","pop":773000,"rank":11,"scalerank":4,"minzoom":5.6,"capital":0,"nation":"phl"},"geometry":{"type":"Point","coordinates":[122.078,6.922]}},{"type":"Feature","properties":{"name":"Fuyang","pop":771000,"rank":11,"scalerank":6,"minzoom":6,"capital":0,"nation":"chn"},"geometry":{"type":"Point","coordinates":[119.95,30.055]}},{"type":"Feature","properties":{"name":"Ilorin","pop":771000,"rank":11,"scalerank":6,"minzoom":6,"capital":0,"nation":"nga"},"geometry":{"type":"Point","coordinates":[4.548,8.492]}},{"type":"Feature","properties":{"name":"Sarrebruck","pop":770001,"rank":11,"scalerank":7,"minzoom":6.1,"capital":0,"nation":"deu"},"geometry":{"type":"Point","coordinates":[6.97,49.25]}},{"type":"Feature","properties":{"name":"Fuxin","pop":770000,"rank":11,"scalerank":6,"minzoom":6,"capital":0,"nation":"chn"},"geometry":{"type":"Point","coordinates":[121.658,42.012]}},{"type":"Feature","properties":{"name":"Shiyan","pop":770000,"rank":11,"scalerank":8,"minzoom":7,"capital":0,"nation":"chn"},"geometry":{"type":"Point","coordinates":[110.78,32.57]}},{"type":"Feature","properties":{"name":"Quetta","pop":768000,"rank":11,"scalerank":4,"minzoom":5.6,"capital":0,"nation":"pak"},"geometry":{"type":"Point","coordinates":[67.023,30.222]}},{"type":"Feature","properties":{"name":"Trujillo","pop":765171,"rank":11,"scalerank":3,"minzoom":4,"capital":0,"nation":"per"},"geometry":{"type":"Point","coordinates":[-79.02,-8.12]}},{"type":"Feature","properties":{"name":"Kananga","pop":765000,"rank":11,"scalerank":4,"minzoom":5.6,"capital":0,"nation":"cod"},"geometry":{"type":"Point","coordinates":[22.398,-5.888]}},{"type":"Feature","properties":{"name":"Trébizonde","pop":764714,"rank":11,"scalerank":6,"minzoom":6,"capital":0,"nation":"tur"},"geometry":{"type":"Point","coordinates":[39.72,40.98]}},{"type":"Feature","properties":{"name":"Cotonou","pop":762000,"rank":11,"scalerank":3,"minzoom":5,"capital":1,"nation":"ben"},"geometry":{"type":"Point","coordinates":[2.404,6.363]}},{"type":"Feature","properties":{"name":"Jincheng","pop":760000,"rank":11,"scalerank":7,"minzoom":6.1,"capital":0,"nation":"chn"},"geometry":{"type":"Point","coordinates":[112.83,35.5]}},{"type":"Feature","properties":{"name":"Łódź","pop":758000,"rank":11,"scalerank":6,"minzoom":6,"capital":0,"nation":"pol"},"geometry":{"type":"Point","coordinates":[19.458,51.768]}},{"type":"Feature","properties":{"name":"Cracovie","pop":756000,"rank":11,"scalerank":4,"minzoom":5.1,"capital":0,"nation":"pol"},"geometry":{"type":"Point","coordinates":[19.958,50.062]}},{"type":"Feature","properties":{"name":"Rochester","pop":755000,"rank":11,"scalerank":4,"minzoom":5.1,"capital":0,"nation":"usa"},"geometry":{"type":"Point","coordinates":[-77.622,43.172]}},{"type":"Feature","properties":{"name":"Saltillo","pop":754000,"rank":11,"scalerank":6,"minzoom":6,"capital":0,"nation":"mex"},"geometry":{"type":"Point","coordinates":[-101.007,25.422]}},{"type":"Feature","properties":{"name":"Vientiane","pop":754000,"rank":11,"scalerank":3,"minzoom":5,"capital":1,"nation":"lao"},"geometry":{"type":"Point","coordinates":[102.6,17.967]}},{"type":"Feature","properties":{"name":"São José dos Campos","pop":753769,"rank":11,"scalerank":8,"minzoom":7,"capital":0,"nation":"bra"},"geometry":{"type":"Point","coordinates":[-45.88,-23.2]}},{"type":"Feature","properties":{"name":"El Paso","pop":753000,"rank":11,"scalerank":4,"minzoom":5.1,"capital":0,"nation":"usa"},"geometry":{"type":"Point","coordinates":[-106.512,31.782]}},{"type":"Feature","properties":{"name":"Ta'izz","pop":751000,"rank":11,"scalerank":4,"minzoom":5.1,"capital":0,"nation":"yem"},"geometry":{"type":"Point","coordinates":[44.037,13.606]}},{"type":"Feature","properties":{"name":"Pietermaritzburg","pop":750845,"rank":11,"scalerank":6,"minzoom":6,"capital":0,"nation":"zaf"},"geometry":{"type":"Point","coordinates":[30.39,-29.61]}},{"type":"Feature","properties":{"name":"Tanger","pop":750060,"rank":11,"scalerank":6,"minzoom":6,"capital":0,"nation":"mar"},"geometry":{"type":"Point","coordinates":[-5.806,35.776]}},{"type":"Feature","properties":{"name":"Changhua","pop":750000,"rank":11,"scalerank":7,"minzoom":6.7,"capital":0,"nation":"twn"},"geometry":{"type":"Point","coordinates":[120.513,24.073]}},{"type":"Feature","properties":{"name":"Ferghana","pop":750000,"rank":11,"scalerank":6,"minzoom":6,"capital":0,"nation":"uzb"},"geometry":{"type":"Point","coordinates":[71.78,40.39]}},{"type":"Feature","properties":{"name":"Hsinchu","pop":750000,"rank":11,"scalerank":6,"minzoom":6,"capital":0,"nation":"twn"},"geometry":{"type":"Point","coordinates":[120.977,24.817]}},{"type":"Feature","properties":{"name":"Kolhapur","pop":750000,"rank":11,"scalerank":4,"minzoom":5.1,"capital":0,"nation":"ind"},"geometry":{"type":"Point","coordinates":[74.22,16.7]}},{"type":"Feature","properties":{"name":"Namangan","pop":750000,"rank":11,"scalerank":6,"minzoom":6,"capital":0,"nation":"uzb"},"geometry":{"type":"Point","coordinates":[71.67,41]}},{"type":"Feature","properties":{"name":"Liège","pop":749110,"rank":11,"scalerank":8,"minzoom":7,"capital":0,"nation":"bel"},"geometry":{"type":"Point","coordinates":[5.58,50.63]}},{"type":"Feature","properties":{"name":"Stamford","pop":746920,"rank":11,"scalerank":8,"minzoom":7,"capital":0,"nation":"usa"},"geometry":{"type":"Point","coordinates":[-73.539,41.053]}},{"type":"Feature","properties":{"name":"Ciudad Guayana","pop":746535,"rank":11,"scalerank":3,"minzoom":5,"capital":0,"nation":"ven"},"geometry":{"type":"Point","coordinates":[-62.62,8.37]}},{"type":"Feature","properties":{"name":"Hegang","pop":743307,"rank":11,"scalerank":6,"minzoom":6,"capital":0,"nation":"chn"},"geometry":{"type":"Point","coordinates":[130.297,47.347]}},{"type":"Feature","properties":{"name":"Riga","pop":742572,"rank":11,"scalerank":3,"minzoom":4,"capital":1,"nation":"lva"},"geometry":{"type":"Point","coordinates":[24.1,56.95]}},{"type":"Feature","properties":{"name":"Nouakchott","pop":742144,"rank":11,"scalerank":3,"minzoom":5,"capital":1,"nation":"mrt"},"geometry":{"type":"Point","coordinates":[-15.975,18.086]}},{"type":"Feature","properties":{"name":"Naga","pop":741635,"rank":11,"scalerank":6,"minzoom":6,"capital":0,"nation":"phl"},"geometry":{"type":"Point","coordinates":[123.181,13.619]}},{"type":"Feature","properties":{"name":"Gdańsk","pop":740000,"rank":11,"scalerank":4,"minzoom":5,"capital":0,"nation":"pol"},"geometry":{"type":"Point","coordinates":[18.64,54.36]}},{"type":"Feature","properties":{"name":"Ansan","pop":739493,"rank":11,"scalerank":8,"minzoom":7,"capital":0,"nation":"kor"},"geometry":{"type":"Point","coordinates":[126.86,37.348]}},{"type":"Feature","properties":{"name":"Nuremberg","pop":737304,"rank":11,"scalerank":6,"minzoom":6,"capital":0,"nation":"deu"},"geometry":{"type":"Point","coordinates":[11.08,49.45]}},{"type":"Feature","properties":{"name":"Oyo","pop":736072,"rank":11,"scalerank":7,"minzoom":6.7,"capital":0,"nation":"nga"},"geometry":{"type":"Point","coordinates":[3.93,7.85]}},{"type":"Feature","properties":{"name":"Saint Paul","pop":734854,"rank":11,"scalerank":4,"minzoom":5.6,"capital":0,"nation":"usa"},"geometry":{"type":"Point","coordinates":[-93.085,44.944]}},{"type":"Feature","properties":{"name":"Mascate","pop":734697,"rank":11,"scalerank":3,"minzoom":5,"capital":1,"nation":"omn"},"geometry":{"type":"Point","coordinates":[58.378,23.585]}},{"type":"Feature","properties":{"name":"Amravati","pop":734451,"rank":11,"scalerank":6,"minzoom":6,"capital":0,"nation":"ind"},"geometry":{"type":"Point","coordinates":[77.782,20.926]}},{"type":"Feature","properties":{"name":"Denpasar","pop":732344,"rank":11,"scalerank":6,"minzoom":6,"capital":0,"nation":"idn"},"geometry":{"type":"Point","coordinates":[115.22,-8.65]}},{"type":"Feature","properties":{"name":"Sokoto","pop":732178,"rank":11,"scalerank":3,"minzoom":5,"capital":0,"nation":"nga"},"geometry":{"type":"Point","coordinates":[5.24,13.06]}},{"type":"Feature","properties":{"name":"Beihai","pop":728978,"rank":11,"scalerank":7,"minzoom":6.1,"capital":0,"nation":"chn"},"geometry":{"type":"Point","coordinates":[109.1,21.48]}},{"type":"Feature","properties":{"name":"Achgabat","pop":727700,"rank":11,"scalerank":3,"minzoom":5,"capital":1,"nation":"tkm"},"geometry":{"type":"Point","coordinates":[58.383,37.95]}},{"type":"Feature","properties":{"name":"Brême","pop":724909,"rank":11,"scalerank":6,"minzoom":6,"capital":0,"nation":"deu"},"geometry":{"type":"Point","coordinates":[8.8,53.08]}},{"type":"Feature","properties":{"name":"Arlington","pop":724777,"rank":11,"scalerank":8,"minzoom":7,"capital":0,"nation":"usa"},"geometry":{"type":"Point","coordinates":[-97.02,32.685]}},{"type":"Feature","properties":{"name":"Lowell","pop":723629,"rank":11,"scalerank":7,"minzoom":6.1,"capital":0,"nation":"usa"},"geometry":{"type":"Point","coordinates":[-71.317,42.634]}},{"type":"Feature","properties":{"name":"Souleimaniye","pop":723170,"rank":11,"scalerank":7,"minzoom":6.7,"capital":0,"nation":"irq"},"geometry":{"type":"Point","coordinates":[45.431,35.561]}},{"type":"Feature","properties":{"name":"Zagreb","pop":722526,"rank":11,"scalerank":3,"minzoom":5,"capital":1,"nation":"hrv"},"geometry":{"type":"Point","coordinates":[16,45.8]}},{"type":"Feature","properties":{"name":"Hanovre","pop":722490,"rank":11,"scalerank":7,"minzoom":5.1,"capital":0,"nation":"deu"},"geometry":{"type":"Point","coordinates":[9.717,52.367]}},{"type":"Feature","properties":{"name":"Cúcuta","pop":722146,"rank":11,"scalerank":6,"minzoom":6,"capital":0,"nation":"col"},"geometry":{"type":"Point","coordinates":[-72.52,7.92]}},{"type":"Feature","properties":{"name":"Hamilton","pop":721053,"rank":11,"scalerank":6,"minzoom":6,"capital":0,"nation":"can"},"geometry":{"type":"Point","coordinates":[-79.83,43.25]}},{"type":"Feature","properties":{"name":"Moshi","pop":721018,"rank":11,"scalerank":7,"minzoom":6.7,"capital":0,"nation":"tza"},"geometry":{"type":"Point","coordinates":[37.34,-3.34]}},{"type":"Feature","properties":{"name":"Shaoguan","pop":720266,"rank":11,"scalerank":4,"minzoom":5.1,"capital":0,"nation":"chn"},"geometry":{"type":"Point","coordinates":[113.58,24.8]}},{"type":"Feature","properties":{"name":"Tacoma","pop":719868,"rank":11,"scalerank":6,"minzoom":6,"capital":0,"nation":"usa"},"geometry":{"type":"Point","coordinates":[-122.447,47.241]}},{"type":"Feature","properties":{"name":"Kumamoto","pop":718232,"rank":11,"scalerank":7,"minzoom":6.1,"capital":0,"nation":"jpn"},"geometry":{"type":"Point","coordinates":[130.701,32.801]}},{"type":"Feature","properties":{"name":"Lianyungang","pop":715600,"rank":11,"scalerank":7,"minzoom":6.1,"capital":0,"nation":"chn"},"geometry":{"type":"Point","coordinates":[119.226,34.587]}},{"type":"Feature","properties":{"name":"Acapulco","pop":715584,"rank":11,"scalerank":3,"minzoom":5,"capital":0,"nation":"mex"},"geometry":{"type":"Point","coordinates":[-99.916,16.85]}},{"type":"Feature","properties":{"name":"Kandahâr","pop":715542,"rank":11,"scalerank":3,"minzoom":5,"capital":0,"nation":"afg"},"geometry":{"type":"Point","coordinates":[65.695,31.61]}},{"type":"Feature","properties":{"name":"Dehradun","pop":714223,"rank":11,"scalerank":7,"minzoom":6.7,"capital":0,"nation":"ind"},"geometry":{"type":"Point","coordinates":[78.05,30.32]}},{"type":"Feature","properties":{"name":"Jeonju","pop":711424,"rank":11,"scalerank":7,"minzoom":6.1,"capital":0,"nation":"kor"},"geometry":{"type":"Point","coordinates":[127.14,35.831]}},{"type":"Feature","properties":{"name":"Samarcande","pop":708000,"rank":11,"scalerank":3,"minzoom":5,"capital":0,"nation":"uzb"},"geometry":{"type":"Point","coordinates":[66.945,39.67]}},{"type":"Feature","properties":{"name":"Qingyuan","pop":706717,"rank":11,"scalerank":7,"minzoom":6.7,"capital":0,"nation":"chn"},"geometry":{"type":"Point","coordinates":[113.03,23.7]}},{"type":"Feature","properties":{"name":"Changzhi","pop":706000,"rank":11,"scalerank":7,"minzoom":6.1,"capital":0,"nation":"chn"},"geometry":{"type":"Point","coordinates":[113.105,36.184]}},{"type":"Feature","properties":{"name":"Akron","pop":703200,"rank":11,"scalerank":7,"minzoom":6.7,"capital":0,"nation":"usa"},"geometry":{"type":"Point","coordinates":[-81.52,41.07]}},{"type":"Feature","properties":{"name":"Togliatti","pop":702879,"rank":11,"scalerank":7,"minzoom":6.1,"capital":0,"nation":"rus"},"geometry":{"type":"Point","coordinates":[49.42,53.508]}},{"type":"Feature","properties":{"name":"Jaboatão dos Guararapes","pop":702621,"rank":11,"scalerank":8,"minzoom":7,"capital":0,"nation":"bra"},"geometry":{"type":"Point","coordinates":[-35.02,-8.11]}},{"type":"Feature","properties":{"name":"Shizuoka","pop":701561,"rank":11,"scalerank":7,"minzoom":6.1,"capital":0,"nation":"jpn"},"geometry":{"type":"Point","coordinates":[138.385,34.986]}},{"type":"Feature","properties":{"name":"Bulawayo","pop":699385,"rank":11,"scalerank":3,"minzoom":5,"capital":0,"nation":"zwe"},"geometry":{"type":"Point","coordinates":[28.58,-20.17]}},{"type":"Feature","properties":{"name":"Soledad","pop":698852,"rank":11,"scalerank":8,"minzoom":7,"capital":0,"nation":"col"},"geometry":{"type":"Point","coordinates":[-74.77,10.92]}},{"type":"Feature","properties":{"name":"Meknès","pop":697628,"rank":11,"scalerank":7,"minzoom":6.1,"capital":0,"nation":"mar"},"geometry":{"type":"Point","coordinates":[-5.56,33.9]}},{"type":"Feature","properties":{"name":"Sarajevo","pop":696731,"rank":11,"scalerank":3,"minzoom":5,"capital":1,"nation":"bih"},"geometry":{"type":"Point","coordinates":[18.383,43.85]}},{"type":"Feature","properties":{"name":"Aksou","pop":695000,"rank":11,"scalerank":6,"minzoom":6,"capital":0,"nation":"chn"},"geometry":{"type":"Point","coordinates":[80.25,41.15]}},{"type":"Feature","properties":{"name":"La Plata","pop":694253,"rank":11,"scalerank":7,"minzoom":8,"capital":0,"nation":"arg"},"geometry":{"type":"Point","coordinates":[-57.954,-34.923]}},{"type":"Feature","properties":{"name":"Malegaon","pop":690844,"rank":11,"scalerank":7,"minzoom":6.7,"capital":0,"nation":"ind"},"geometry":{"type":"Point","coordinates":[74.525,20.56]}},{"type":"Feature","properties":{"name":"Enugu","pop":688862,"rank":11,"scalerank":3,"minzoom":5,"capital":0,"nation":"nga"},"geometry":{"type":"Point","coordinates":[7.5,6.45]}},{"type":"Feature","properties":{"name":"Chișinău","pop":688134,"rank":11,"scalerank":3,"minzoom":5,"capital":1,"nation":"mda"},"geometry":{"type":"Point","coordinates":[28.858,47.005]}},{"type":"Feature","properties":{"name":"Huangshi","pop":688090,"rank":11,"scalerank":6,"minzoom":6,"capital":0,"nation":"chn"},"geometry":{"type":"Point","coordinates":[115.1,30.22]}},{"type":"Feature","properties":{"name":"Aracaju","pop":685356,"rank":11,"scalerank":6,"minzoom":6,"capital":0,"nation":"bra"},"geometry":{"type":"Point","coordinates":[-37.12,-10.9]}},{"type":"Feature","properties":{"name":"Stockton","pop":685306,"rank":11,"scalerank":7,"minzoom":6.1,"capital":0,"nation":"usa"},"geometry":{"type":"Point","coordinates":[-121.29,37.958]}},{"type":"Feature","properties":{"name":"Bonn","pop":680543,"rank":11,"scalerank":7,"minzoom":6.1,"capital":0,"nation":"deu"},"geometry":{"type":"Point","coordinates":[7.08,50.72]}},{"type":"Feature","properties":{"name":"San Pedro Sula","pop":680091,"rank":11,"scalerank":6,"minzoom":6,"capital":0,"nation":"hnd"},"geometry":{"type":"Point","coordinates":[-88.03,15.5]}},{"type":"Feature","properties":{"name":"Nellore","pop":678004,"rank":11,"scalerank":6,"minzoom":6,"capital":0,"nation":"ind"},"geometry":{"type":"Point","coordinates":[79.99,14.44]}},{"type":"Feature","properties":{"name":"Catane","pop":674542,"rank":11,"scalerank":4,"minzoom":5.6,"capital":0,"nation":"ita"},"geometry":{"type":"Point","coordinates":[15.08,37.5]}},{"type":"Feature","properties":{"name":"Gorakhpur","pop":674246,"rank":11,"scalerank":6,"minzoom":6,"capital":0,"nation":"ind"},"geometry":{"type":"Point","coordinates":[83.38,26.75]}},{"type":"Feature","properties":{"name":"Ipoh","pop":673318,"rank":11,"scalerank":6,"minzoom":6,"capital":0,"nation":"mys"},"geometry":{"type":"Point","coordinates":[101.065,4.6]}},{"type":"Feature","properties":{"name":"Ch'ŏngjin","pop":672614,"rank":11,"scalerank":6,"minzoom":6,"capital":0,"nation":"prk"},"geometry":{"type":"Point","coordinates":[129.79,41.785]}},{"type":"Feature","properties":{"name":"Utsunomiya","pop":667752,"rank":11,"scalerank":8,"minzoom":7,"capital":0,"nation":"jpn"},"geometry":{"type":"Point","coordinates":[139.87,36.55]}},{"type":"Feature","properties":{"name":"Puyang","pop":666322,"rank":11,"scalerank":7,"minzoom":6.7,"capital":0,"nation":"chn"},"geometry":{"type":"Point","coordinates":[114.98,35.7]}},{"type":"Feature","properties":{"name":"Nadjaf","pop":665552,"rank":11,"scalerank":4,"minzoom":5.6,"capital":0,"nation":"irq"},"geometry":{"type":"Point","coordinates":[44.335,32]}},{"type":"Feature","properties":{"name":"São José dos Pinhais","pop":665063,"rank":11,"scalerank":8,"minzoom":7,"capital":0,"nation":"bra"},"geometry":{"type":"Point","coordinates":[-49.18,-25.57]}},{"type":"Feature","properties":{"name":"Syracuse","pop":662577,"rank":11,"scalerank":4,"minzoom":5.6,"capital":0,"nation":"usa"},"geometry":{"type":"Point","coordinates":[-76.15,43.05]}},{"type":"Feature","properties":{"name":"Santo André","pop":662373,"rank":11,"scalerank":8,"minzoom":7,"capital":0,"nation":"bra"},"geometry":{"type":"Point","coordinates":[-46.528,-23.653]}},{"type":"Feature","properties":{"name":"Bytom","pop":662247,"rank":11,"scalerank":8,"minzoom":8,"capital":0,"nation":"pol"},"geometry":{"type":"Point","coordinates":[18.91,50.35]}},{"type":"Feature","properties":{"name":"Pointe-Noire","pop":659084,"rank":11,"scalerank":4,"minzoom":5.6,"capital":0,"nation":"cog"},"geometry":{"type":"Point","coordinates":[11.88,-4.77]}},{"type":"Feature","properties":{"name":"Taëf","pop":657282,"rank":11,"scalerank":8,"minzoom":7,"capital":0,"nation":"sau"},"geometry":{"type":"Point","coordinates":[40.382,21.262]}},{"type":"Feature","properties":{"name":"Ismaïlia","pop":656135,"rank":11,"scalerank":7,"minzoom":6.7,"capital":0,"nation":"egy"},"geometry":{"type":"Point","coordinates":[32.26,30.59]}},{"type":"Feature","properties":{"name":"Knoxville","pop":655400,"rank":11,"scalerank":4,"minzoom":5.6,"capital":0,"nation":"usa"},"geometry":{"type":"Point","coordinates":[-83.92,35.97]}},{"type":"Feature","properties":{"name":"Shimoga","pop":654055,"rank":11,"scalerank":7,"minzoom":6.7,"capital":0,"nation":"ind"},"geometry":{"type":"Point","coordinates":[75.56,13.93]}},{"type":"Feature","properties":{"name":"Biên Hòa","pop":652646,"rank":11,"scalerank":6,"minzoom":6,"capital":0,"nation":"vnm"},"geometry":{"type":"Point","coordinates":[106.83,10.97]}},{"type":"Feature","properties":{"name":"Zhanyi","pop":652604,"rank":11,"scalerank":7,"minzoom":6.1,"capital":0,"nation":"chn"},"geometry":{"type":"Point","coordinates":[103.817,25.6]}},{"type":"Feature","properties":{"name":"Kryvyï Rih","pop":652380,"rank":11,"scalerank":8,"minzoom":6.1,"capital":0,"nation":"ukr"},"geometry":{"type":"Point","coordinates":[33.345,47.928]}},{"type":"Feature","properties":{"name":"Tourfan","pop":651853,"rank":11,"scalerank":7,"minzoom":6.1,"capital":0,"nation":"chn"},"geometry":{"type":"Point","coordinates":[89.165,42.935]}},{"type":"Feature","properties":{"name":"Andijan","pop":650000,"rank":11,"scalerank":4,"minzoom":5.1,"capital":0,"nation":"uzb"},"geometry":{"type":"Point","coordinates":[72.34,40.79]}},{"type":"Feature","properties":{"name":"Irbid","pop":650000,"rank":11,"scalerank":8,"minzoom":6.1,"capital":0,"nation":"jor"},"geometry":{"type":"Point","coordinates":[35.85,32.55]}},{"type":"Feature","properties":{"name":"Tiruppur","pop":650000,"rank":11,"scalerank":7,"minzoom":6.7,"capital":0,"nation":"ind"},"geometry":{"type":"Point","coordinates":[77.33,11.08]}},{"type":"Feature","properties":{"name":"Krasnodar","pop":649851,"rank":11,"scalerank":4,"minzoom":5.1,"capital":0,"nation":"rus"},"geometry":{"type":"Point","coordinates":[39,45.02]}},{"type":"Feature","properties":{"name":"Saragosse","pop":649404,"rank":11,"scalerank":6,"minzoom":6,"capital":0,"nation":"esp"},"geometry":{"type":"Point","coordinates":[-0.89,41.65]}},{"type":"Feature","properties":{"name":"Gênes","pop":647497,"rank":11,"scalerank":6,"minzoom":5.1,"capital":0,"nation":"ita"},"geometry":{"type":"Point","coordinates":[8.93,44.41]}},{"type":"Feature","properties":{"name":"Lilongwe","pop":646750,"rank":11,"scalerank":3,"minzoom":5,"capital":1,"nation":"mwi"},"geometry":{"type":"Point","coordinates":[33.783,-13.983]}},{"type":"Feature","properties":{"name":"Diyarbakır","pop":644763,"rank":11,"scalerank":7,"minzoom":6.1,"capital":0,"nation":"tur"},"geometry":{"type":"Point","coordinates":[40.23,37.92]}},{"type":"Feature","properties":{"name":"Morelia","pop":644306,"rank":11,"scalerank":7,"minzoom":6.7,"capital":0,"nation":"mex"},"geometry":{"type":"Point","coordinates":[-101.189,19.733]}},{"type":"Feature","properties":{"name":"Oulianovsk","pop":640680,"rank":11,"scalerank":4,"minzoom":5.6,"capital":0,"nation":"rus"},"geometry":{"type":"Point","coordinates":[48.41,54.33]}},{"type":"Feature","properties":{"name":"Shihezi","pop":640000,"rank":11,"scalerank":6,"minzoom":6,"capital":0,"nation":"chn"},"geometry":{"type":"Point","coordinates":[86.03,44.3]}},{"type":"Feature","properties":{"name":"Utrecht","pop":640000,"rank":11,"scalerank":7,"minzoom":5.1,"capital":0,"nation":"nld"},"geometry":{"type":"Point","coordinates":[5.12,52.1]}},{"type":"Feature","properties":{"name":"Kikwit","pop":637736,"rank":11,"scalerank":3,"minzoom":5,"capital":0,"nation":"cod"},"geometry":{"type":"Point","coordinates":[18.85,-5.03]}},{"type":"Feature","properties":{"name":"Al-Hufuf","pop":637389,"rank":11,"scalerank":6,"minzoom":6,"capital":0,"nation":"sau"},"geometry":{"type":"Point","coordinates":[49.586,25.349]}},{"type":"Feature","properties":{"name":"Yogyakarta","pop":636660,"rank":11,"scalerank":6,"minzoom":6,"capital":0,"nation":"idn"},"geometry":{"type":"Point","coordinates":[110.375,-7.78]}},{"type":"Feature","properties":{"name":"Wrocław","pop":634893,"rank":11,"scalerank":7,"minzoom":6.1,"capital":0,"nation":"pol"},"geometry":{"type":"Point","coordinates":[17.03,51.11]}},{"type":"Feature","properties":{"name":"Winnipeg","pop":632063,"rank":11,"scalerank":3,"minzoom":4,"capital":0,"nation":"can"},"geometry":{"type":"Point","coordinates":[-97.166,49.883]}},{"type":"Feature","properties":{"name":"Ijevsk","pop":631038,"rank":11,"scalerank":6,"minzoom":6,"capital":0,"nation":"rus"},"geometry":{"type":"Point","coordinates":[53.23,56.85]}},{"type":"Feature","properties":{"name":"Pasadena","pop":628492,"rank":11,"scalerank":8,"minzoom":7,"capital":0,"nation":"usa"},"geometry":{"type":"Point","coordinates":[-95.148,29.661]}},{"type":"Feature","properties":{"name":"Zhuozhou","pop":628000,"rank":11,"scalerank":8,"minzoom":7,"capital":0,"nation":"chn"},"geometry":{"type":"Point","coordinates":[115.79,39.54]}},{"type":"Feature","properties":{"name":"San Mateo","pop":626406,"rank":11,"scalerank":8,"minzoom":7,"capital":0,"nation":"usa"},"geometry":{"type":"Point","coordinates":[-122.303,37.541]}},{"type":"Feature","properties":{"name":"Rourkela","pop":625831,"rank":11,"scalerank":7,"minzoom":6.1,"capital":0,"nation":"ind"},"geometry":{"type":"Point","coordinates":[84.83,22.23]}},{"type":"Feature","properties":{"name":"Québec","pop":624177,"rank":11,"scalerank":3,"minzoom":4,"capital":0,"nation":"can"},"geometry":{"type":"Point","coordinates":[-71.246,46.84]}},{"type":"Feature","properties":{"name":"Poznań","pop":623997,"rank":11,"scalerank":7,"minzoom":5.1,"capital":0,"nation":"pol"},"geometry":{"type":"Point","coordinates":[16.9,52.406]}},{"type":"Feature","properties":{"name":"Port-Saïd","pop":623864,"rank":11,"scalerank":4,"minzoom":5.6,"capital":0,"nation":"egy"},"geometry":{"type":"Point","coordinates":[32.29,31.26]}},{"type":"Feature","properties":{"name":"Nanded","pop":623708,"rank":11,"scalerank":4,"minzoom":5.6,"capital":0,"nation":"ind"},"geometry":{"type":"Point","coordinates":[77.308,19.197]}},{"type":"Feature","properties":{"name":"Bannu","pop":622419,"rank":11,"scalerank":7,"minzoom":6.1,"capital":0,"nation":"pak"},"geometry":{"type":"Point","coordinates":[70.599,32.989]}},{"type":"Feature","properties":{"name":"Asmara","pop":620802,"rank":11,"scalerank":3,"minzoom":5,"capital":1,"nation":"eri"},"geometry":{"type":"Point","coordinates":[38.933,15.333]}},{"type":"Feature","properties":{"name":"Southend-on-Sea","pop":618386,"rank":11,"scalerank":8,"minzoom":7,"capital":0,"nation":"gbr"},"geometry":{"type":"Point","coordinates":[0.72,51.55]}},{"type":"Feature","properties":{"name":"Dresde","pop":617515,"rank":11,"scalerank":4,"minzoom":5,"capital":0,"nation":"deu"},"geometry":{"type":"Point","coordinates":[13.75,51.05]}},{"type":"Feature","properties":{"name":"Wiesbaden","pop":617126,"rank":11,"scalerank":7,"minzoom":6.7,"capital":0,"nation":"deu"},"geometry":{"type":"Point","coordinates":[8.25,50.08]}},{"type":"Feature","properties":{"name":"Mersin","pop":616990,"rank":11,"scalerank":8,"minzoom":6,"capital":0,"nation":"tur"},"geometry":{"type":"Point","coordinates":[34.62,36.8]}},{"type":"Feature","properties":{"name":"Fresno","pop":616353,"rank":11,"scalerank":4,"minzoom":5.1,"capital":0,"nation":"usa"},"geometry":{"type":"Point","coordinates":[-119.773,36.748]}},{"type":"Feature","properties":{"name":"Changping","pop":614821,"rank":11,"scalerank":7,"minzoom":6.7,"capital":0,"nation":"chn"},"geometry":{"type":"Point","coordinates":[116.194,40.225]}},{"type":"Feature","properties":{"name":"Korla","pop":613000,"rank":11,"scalerank":6,"minzoom":6,"capital":0,"nation":"chn"},"geometry":{"type":"Point","coordinates":[86.15,41.73]}},{"type":"Feature","properties":{"name":"Palu","pop":612445,"rank":11,"scalerank":6,"minzoom":6,"capital":0,"nation":"idn"},"geometry":{"type":"Point","coordinates":[119.833,-0.907]}},{"type":"Feature","properties":{"name":"Taizhou","pop":612356,"rank":11,"scalerank":7,"minzoom":6.7,"capital":0,"nation":"chn"},"geometry":{"type":"Point","coordinates":[119.9,32.49]}},{"type":"Feature","properties":{"name":"Xingtai","pop":611739,"rank":11,"scalerank":7,"minzoom":6.7,"capital":0,"nation":"chn"},"geometry":{"type":"Point","coordinates":[114.5,37.05]}},{"type":"Feature","properties":{"name":"Oceanside","pop":609854,"rank":11,"scalerank":7,"minzoom":6.7,"capital":0,"nation":"usa"},"geometry":{"type":"Point","coordinates":[-117.346,33.191]}},{"type":"Feature","properties":{"name":"Samsun","pop":609339,"rank":11,"scalerank":4,"minzoom":5.6,"capital":0,"nation":"tur"},"geometry":{"type":"Point","coordinates":[36.344,41.28]}},{"type":"Feature","properties":{"name":"Louxor","pop":609248,"rank":11,"scalerank":3,"minzoom":5,"capital":0,"nation":"egy"},"geometry":{"type":"Point","coordinates":[32.65,25.7]}},{"type":"Feature","properties":{"name":"Belgaum","pop":608756,"rank":11,"scalerank":6,"minzoom":6,"capital":0,"nation":"ind"},"geometry":{"type":"Point","coordinates":[74.505,15.865]}},{"type":"Feature","properties":{"name":"Pontianak","pop":607311,"rank":11,"scalerank":6,"minzoom":6,"capital":0,"nation":"idn"},"geometry":{"type":"Point","coordinates":[109.32,-0.03]}},{"type":"Feature","properties":{"name":"Iaroslavl","pop":606730,"rank":11,"scalerank":4,"minzoom":5.1,"capital":0,"nation":"rus"},"geometry":{"type":"Point","coordinates":[39.87,57.62]}},{"type":"Feature","properties":{"name":"Constantine","pop":605179,"rank":11,"scalerank":4,"minzoom":5.6,"capital":0,"nation":"dza"},"geometry":{"type":"Point","coordinates":[6.6,36.36]}},{"type":"Feature","properties":{"name":"Banjarmasin","pop":603576,"rank":11,"scalerank":3,"minzoom":5,"capital":0,"nation":"idn"},"geometry":{"type":"Point","coordinates":[114.58,-3.33]}},{"type":"Feature","properties":{"name":"Abou Dabi","pop":603492,"rank":11,"scalerank":3,"minzoom":5,"capital":1,"nation":"are"},"geometry":{"type":"Point","coordinates":[54.367,24.467]}},{"type":"Feature","properties":{"name":"Kirkouk","pop":601433,"rank":11,"scalerank":4,"minzoom":5.1,"capital":0,"nation":"irq"},"geometry":{"type":"Point","coordinates":[44.392,35.472]}},{"type":"Feature","properties":{"name":"Sangli","pop":601214,"rank":11,"scalerank":7,"minzoom":6.7,"capital":0,"nation":"ind"},"geometry":{"type":"Point","coordinates":[74.575,16.86]}},{"type":"Feature","properties":{"name":"Barcelona","pop":600954,"rank":11,"scalerank":7,"minzoom":6.7,"capital":0,"nation":"ven"},"geometry":{"type":"Point","coordinates":[-64.72,10.13]}},{"type":"Feature","properties":{"name":"Canoas","pop":600000,"rank":11,"scalerank":8,"minzoom":7,"capital":0,"nation":"bra"},"geometry":{"type":"Point","coordinates":[-51.18,-29.92]}},{"type":"Feature","properties":{"name":"Mansourah","pop":600000,"rank":11,"scalerank":7,"minzoom":6.7,"capital":0,"nation":"egy"},"geometry":{"type":"Point","coordinates":[31.38,31.05]}},{"type":"Feature","properties":{"name":"Sohag","pop":600000,"rank":11,"scalerank":7,"minzoom":6.7,"capital":0,"nation":"egy"},"geometry":{"type":"Point","coordinates":[31.7,26.55]}},{"type":"Feature","properties":{"name":"Barnaoul","pop":599579,"rank":11,"scalerank":3,"minzoom":5,"capital":0,"nation":"rus"},"geometry":{"type":"Point","coordinates":[83.745,53.355]}},{"type":"Feature","properties":{"name":"Zahedan","pop":598887,"rank":11,"scalerank":6,"minzoom":6,"capital":0,"nation":"irn"},"geometry":{"type":"Point","coordinates":[60.83,29.5]}},{"type":"Feature","properties":{"name":"Jalalabad","pop":597971,"rank":11,"scalerank":7,"minzoom":6.7,"capital":0,"nation":"afg"},"geometry":{"type":"Point","coordinates":[70.436,34.442]}},{"type":"Feature","properties":{"name":"Chiclayo","pop":596792,"rank":11,"scalerank":6,"minzoom":6,"capital":0,"nation":"per"},"geometry":{"type":"Point","coordinates":[-79.837,-6.763]}},{"type":"Feature","properties":{"name":"Hermosillo","pop":595811,"rank":11,"scalerank":4,"minzoom":5.6,"capital":0,"nation":"mex"},"geometry":{"type":"Point","coordinates":[-110.954,29.099]}},{"type":"Feature","properties":{"name":"Port-Louis","pop":595491,"rank":11,"scalerank":4,"minzoom":5.6,"capital":1,"nation":"mus"},"geometry":{"type":"Point","coordinates":[57.5,-20.167]}},{"type":"Feature","properties":{"name":"Chandrapur","pop":595118,"rank":11,"scalerank":6,"minzoom":6,"capital":0,"nation":"ind"},"geometry":{"type":"Point","coordinates":[79.3,19.97]}},{"type":"Feature","properties":{"name":"Al Hilla","pop":594605,"rank":11,"scalerank":8,"minzoom":7,"capital":0,"nation":"sau"},"geometry":{"type":"Point","coordinates":[46.756,23.489]}},{"type":"Feature","properties":{"name":"Hilla","pop":594605,"rank":11,"scalerank":7,"minzoom":6.7,"capital":0,"nation":"irq"},"geometry":{"type":"Point","coordinates":[44.422,32.472]}},{"type":"Feature","properties":{"name":"Racht","pop":594590,"rank":11,"scalerank":6,"minzoom":5.1,"capital":0,"nation":"irn"},"geometry":{"type":"Point","coordinates":[49.63,37.3]}},{"type":"Feature","properties":{"name":"Nagano","pop":594311,"rank":11,"scalerank":4,"minzoom":5.6,"capital":0,"nation":"jpn"},"geometry":{"type":"Point","coordinates":[138.17,36.65]}},{"type":"Feature","properties":{"name":"Vinh","pop":593645,"rank":11,"scalerank":6,"minzoom":6,"capital":0,"nation":"vnm"},"geometry":{"type":"Point","coordinates":[105.68,18.7]}},{"type":"Feature","properties":{"name":"Abeokuta","pop":593100,"rank":11,"scalerank":7,"minzoom":6.1,"capital":0,"nation":"nga"},"geometry":{"type":"Point","coordinates":[3.35,7.16]}},{"type":"Feature","properties":{"name":"Kayseri","pop":592840,"rank":11,"scalerank":6,"minzoom":6,"capital":0,"nation":"tur"},"geometry":{"type":"Point","coordinates":[35.49,38.735]}},{"type":"Feature","properties":{"name":"Samarinda","pop":592228,"rank":11,"scalerank":6,"minzoom":6,"capital":0,"nation":"idn"},"geometry":{"type":"Point","coordinates":[117.15,-0.5]}},{"type":"Feature","properties":{"name":"Gary","pop":591180,"rank":11,"scalerank":7,"minzoom":6.7,"capital":0,"nation":"usa"},"geometry":{"type":"Point","coordinates":[-87.33,41.58]}},{"type":"Feature","properties":{"name":"Ajmer","pop":589985,"rank":11,"scalerank":8,"minzoom":7,"capital":0,"nation":"ind"},"geometry":{"type":"Point","coordinates":[74.64,26.45]}},{"type":"Feature","properties":{"name":"Sarasota","pop":589959,"rank":11,"scalerank":6,"minzoom":6,"capital":0,"nation":"usa"},"geometry":{"type":"Point","coordinates":[-82.531,27.336]}},{"type":"Feature","properties":{"name":"Dortmund","pop":588462,"rank":11,"scalerank":8,"minzoom":5,"capital":0,"nation":"deu"},"geometry":{"type":"Point","coordinates":[7.45,51.53]}},{"type":"Feature","properties":{"name":"Aurora","pop":587540,"rank":11,"scalerank":8,"minzoom":7,"capital":0,"nation":"usa"},"geometry":{"type":"Point","coordinates":[-104.808,39.696]}},{"type":"Feature","properties":{"name":"Vladivostok","pop":587022,"rank":11,"scalerank":3,"minzoom":5,"capital":0,"nation":"rus"},"geometry":{"type":"Point","coordinates":[131.91,43.13]}},{"type":"Feature","properties":{"name":"Irkoutsk","pop":586695,"rank":11,"scalerank":3,"minzoom":3.7,"capital":0,"nation":"rus"},"geometry":{"type":"Point","coordinates":[104.284,52.285]}},{"type":"Feature","properties":{"name":"Covington","pop":585489,"rank":11,"scalerank":7,"minzoom":6.7,"capital":0,"nation":"usa"},"geometry":{"type":"Point","coordinates":[-84.509,39.084]}},{"type":"Feature","properties":{"name":"Blantyre","pop":584877,"rank":11,"scalerank":4,"minzoom":5.6,"capital":0,"nation":"mwi"},"geometry":{"type":"Point","coordinates":[34.99,-15.79]}},{"type":"Feature","properties":{"name":"Anqing","pop":580497,"rank":11,"scalerank":6,"minzoom":6,"capital":0,"nation":"chn"},"geometry":{"type":"Point","coordinates":[117.05,30.5]}},{"type":"Feature","properties":{"name":"Cuttack","pop":580000,"rank":11,"scalerank":4,"minzoom":5.6,"capital":0,"nation":"ind"},"geometry":{"type":"Point","coordinates":[85.89,20.47]}},{"type":"Feature","properties":{"name":"Yizhou","pop":580000,"rank":11,"scalerank":3,"minzoom":5,"capital":0,"nation":"chn"},"geometry":{"type":"Point","coordinates":[93.515,42.827]}},{"type":"Feature","properties":{"name":"Hachiōji","pop":579399,"rank":11,"scalerank":8,"minzoom":7,"capital":0,"nation":"jpn"},"geometry":{"type":"Point","coordinates":[139.326,35.658]}},{"type":"Feature","properties":{"name":"Khabarovsk","pop":579000,"rank":11,"scalerank":4,"minzoom":5.6,"capital":0,"nation":"rus"},"geometry":{"type":"Point","coordinates":[135.12,48.455]}},{"type":"Feature","properties":{"name":"Veracruz","pop":578963,"rank":11,"scalerank":3,"minzoom":5,"capital":0,"nation":"mex"},"geometry":{"type":"Point","coordinates":[-96.16,19.177]}},{"type":"Feature","properties":{"name":"Kisangani","pop":578470,"rank":11,"scalerank":4,"minzoom":5.6,"capital":0,"nation":"cod"},"geometry":{"type":"Point","coordinates":[25.22,0.52]}},{"type":"Feature","properties":{"name":"Joliet","pop":578460,"rank":11,"scalerank":8,"minzoom":7,"capital":0,"nation":"usa"},"geometry":{"type":"Point","coordinates":[-88.107,41.53]}},{"type":"Feature","properties":{"name":"Libreville","pop":578156,"rank":11,"scalerank":3,"minzoom":5,"capital":1,"nation":"gab"},"geometry":{"type":"Point","coordinates":[9.458,0.385]}},{"type":"Feature","properties":{"name":"Kerman","pop":577514,"rank":11,"scalerank":6,"minzoom":6,"capital":0,"nation":"irn"},"geometry":{"type":"Point","coordinates":[57.08,30.3]}},{"type":"Feature","properties":{"name":"Ourmia","pop":577307,"rank":11,"scalerank":8,"minzoom":6,"capital":0,"nation":"irn"},"geometry":{"type":"Point","coordinates":[45,37.53]}},{"type":"Feature","properties":{"name":"Bîkâner","pop":576015,"rank":11,"scalerank":7,"minzoom":6.1,"capital":0,"nation":"ind"},"geometry":{"type":"Point","coordinates":[73.332,28.015]}},{"type":"Feature","properties":{"name":"Quetzaltenango","pop":575263,"rank":11,"scalerank":4,"minzoom":5.6,"capital":0,"nation":"gtm"},"geometry":{"type":"Point","coordinates":[-91.52,14.83]}},{"type":"Feature","properties":{"name":"Kuching","pop":570407,"rank":11,"scalerank":4,"minzoom":5.6,"capital":0,"nation":"mys"},"geometry":{"type":"Point","coordinates":[110.33,1.53]}},{"type":"Feature","properties":{"name":"Shuozhou","pop":570000,"rank":11,"scalerank":7,"minzoom":6.1,"capital":0,"nation":"chn"},"geometry":{"type":"Point","coordinates":[112.42,39.3]}},{"type":"Feature","properties":{"name":"Niigata","pop":569797,"rank":11,"scalerank":6,"minzoom":6,"capital":0,"nation":"jpn"},"geometry":{"type":"Point","coordinates":[139.04,37.92]}},{"type":"Feature","properties":{"name":"Pereira","pop":568750,"rank":11,"scalerank":7,"minzoom":6.7,"capital":0,"nation":"col"},"geometry":{"type":"Point","coordinates":[-75.68,4.81]}},{"type":"Feature","properties":{"name":"Macao","pop":568700,"rank":11,"scalerank":6,"minzoom":6,"capital":0,"nation":"chn"},"geometry":{"type":"Point","coordinates":[113.544,22.189]}},{"type":"Feature","properties":{"name":"Bouaké","pop":567481,"rank":11,"scalerank":4,"minzoom":5.6,"capital":0,"nation":"civ"},"geometry":{"type":"Point","coordinates":[-5.03,7.69]}},{"type":"Feature","properties":{"name":"Binjai","pop":564979,"rank":11,"scalerank":7,"minzoom":6.7,"capital":0,"nation":"idn"},"geometry":{"type":"Point","coordinates":[98.5,3.62]}},{"type":"Feature","properties":{"name":"Manama","pop":563920,"rank":11,"scalerank":4,"minzoom":5.6,"capital":1,"nation":"bhr"},"geometry":{"type":"Point","coordinates":[50.583,26.236]}},{"type":"Feature","properties":{"name":"Uberlândia","pop":563536,"rank":11,"scalerank":4,"minzoom":5.6,"capital":0,"nation":"bra"},"geometry":{"type":"Point","coordinates":[-48.28,-18.9]}},{"type":"Feature","properties":{"name":"Sorocaba","pop":563281,"rank":11,"scalerank":4,"minzoom":5.6,"capital":0,"nation":"bra"},"geometry":{"type":"Point","coordinates":[-47.47,-23.49]}},{"type":"Feature","properties":{"name":"Tongling","pop":562832,"rank":11,"scalerank":7,"minzoom":6.7,"capital":0,"nation":"chn"},"geometry":{"type":"Point","coordinates":[117.78,30.95]}},{"type":"Feature","properties":{"name":"Weihai","pop":560255,"rank":11,"scalerank":6,"minzoom":6,"capital":0,"nation":"chn"},"geometry":{"type":"Point","coordinates":[122.1,37.5]}},{"type":"Feature","properties":{"name":"Mar del Plata","pop":555897,"rank":11,"scalerank":3,"minzoom":5,"capital":0,"nation":"arg"},"geometry":{"type":"Point","coordinates":[-57.58,-38]}},{"type":"Feature","properties":{"name":"Santiago de Cuba","pop":555865,"rank":11,"scalerank":4,"minzoom":5.1,"capital":0,"nation":"cub"},"geometry":{"type":"Point","coordinates":[-75.821,20.025]}},{"type":"Feature","properties":{"name":"Siping","pop":555609,"rank":11,"scalerank":6,"minzoom":6,"capital":0,"nation":"chn"},"geometry":{"type":"Point","coordinates":[124.33,43.17]}},{"type":"Feature","properties":{"name":"Kagoshima","pop":555352,"rank":11,"scalerank":6,"minzoom":6,"capital":0,"nation":"jpn"},"geometry":{"type":"Point","coordinates":[130.561,31.586]}},{"type":"Feature","properties":{"name":"Surakarta","pop":555308,"rank":11,"scalerank":4,"minzoom":5.6,"capital":0,"nation":"idn"},"geometry":{"type":"Point","coordinates":[110.825,-7.565]}},{"type":"Feature","properties":{"name":"Makhatchkala","pop":554981,"rank":11,"scalerank":6,"minzoom":6,"capital":0,"nation":"rus"},"geometry":{"type":"Point","coordinates":[47.5,42.98]}},{"type":"Feature","properties":{"name":"Bhavnagar","pop":554978,"rank":11,"scalerank":7,"minzoom":6.7,"capital":0,"nation":"ind"},"geometry":{"type":"Point","coordinates":[72.13,21.778]}},{"type":"Feature","properties":{"name":"Uyo","pop":554906,"rank":11,"scalerank":10,"minzoom":9,"capital":0,"nation":"nga"},"geometry":{"type":"Point","coordinates":[7.916,5.036]}},{"type":"Feature","properties":{"name":"Bristol","pop":553528,"rank":11,"scalerank":8,"minzoom":7,"capital":0,"nation":"gbr"},"geometry":{"type":"Point","coordinates":[-2.583,51.45]}},{"type":"Feature","properties":{"name":"Bahawâlpur","pop":552607,"rank":11,"scalerank":6,"minzoom":6,"capital":0,"nation":"pak"},"geometry":{"type":"Point","coordinates":[71.675,29.39]}},{"type":"Feature","properties":{"name":"Kénitra","pop":551786,"rank":11,"scalerank":7,"minzoom":6.7,"capital":0,"nation":"mar"},"geometry":{"type":"Point","coordinates":[-6.58,34.27]}},{"type":"Feature","properties":{"name":"Ribeirão Preto","pop":551267,"rank":11,"scalerank":4,"minzoom":5.6,"capital":0,"nation":"bra"},"geometry":{"type":"Point","coordinates":[-47.83,-21.17]}},{"type":"Feature","properties":{"name":"Kanazawa","pop":551249,"rank":11,"scalerank":6,"minzoom":6,"capital":0,"nation":"jpn"},"geometry":{"type":"Point","coordinates":[136.64,36.56]}},{"type":"Feature","properties":{"name":"Orenbourg","pop":550204,"rank":11,"scalerank":4,"minzoom":5.1,"capital":0,"nation":"rus"},"geometry":{"type":"Point","coordinates":[55.11,51.78]}},{"type":"Feature","properties":{"name":"Malaga","pop":550058,"rank":11,"scalerank":7,"minzoom":6.7,"capital":0,"nation":"esp"},"geometry":{"type":"Point","coordinates":[-4.42,36.72]}},{"type":"Feature","properties":{"name":"Tabuk","pop":547957,"rank":11,"scalerank":4,"minzoom":5.6,"capital":0,"nation":"sau"},"geometry":{"type":"Point","coordinates":[36.555,28.384]}},{"type":"Feature","properties":{"name":"Puerto la Cruz","pop":546616,"rank":11,"scalerank":8,"minzoom":7,"capital":0,"nation":"ven"},"geometry":{"type":"Point","coordinates":[-64.68,10.17]}},{"type":"Feature","properties":{"name":"Jiujiang","pop":545616,"rank":11,"scalerank":6,"minzoom":6,"capital":0,"nation":"chn"},"geometry":{"type":"Point","coordinates":[115.98,29.73]}},{"type":"Feature","properties":{"name":"Hisar","pop":544829,"rank":11,"scalerank":8,"minzoom":7,"capital":0,"nation":"ind"},"geometry":{"type":"Point","coordinates":[75.725,29.17]}},{"type":"Feature","properties":{"name":"Matola","pop":543907,"rank":11,"scalerank":7,"minzoom":6.7,"capital":0,"nation":"moz"},"geometry":{"type":"Point","coordinates":[32.46,-25.97]}},{"type":"Feature","properties":{"name":"Bilaspur","pop":543454,"rank":11,"scalerank":7,"minzoom":6.1,"capital":0,"nation":"ind"},"geometry":{"type":"Point","coordinates":[82.16,22.09]}},{"type":"Feature","properties":{"name":"Sargodha","pop":542603,"rank":11,"scalerank":7,"minzoom":6.7,"capital":0,"nation":"pak"},"geometry":{"type":"Point","coordinates":[72.675,32.085]}},{"type":"Feature","properties":{"name":"Leipzig","pop":542529,"rank":11,"scalerank":7,"minzoom":6.1,"capital":0,"nation":"deu"},"geometry":{"type":"Point","coordinates":[12.41,51.335]}},{"type":"Feature","properties":{"name":"Yining","pop":542507,"rank":11,"scalerank":4,"minzoom":5.1,"capital":0,"nation":"chn"},"geometry":{"type":"Point","coordinates":[81.35,43.9]}},{"type":"Feature","properties":{"name":"Vilnius","pop":542366,"rank":11,"scalerank":3,"minzoom":5,"capital":1,"nation":"ltu"},"geometry":{"type":"Point","coordinates":[25.317,54.683]}},{"type":"Feature","properties":{"name":"Tirunelveli","pop":542200,"rank":11,"scalerank":7,"minzoom":6.7,"capital":0,"nation":"ind"},"geometry":{"type":"Point","coordinates":[77.69,8.73]}},{"type":"Feature","properties":{"name":"Cancún","pop":542043,"rank":11,"scalerank":3,"minzoom":4,"capital":0,"nation":"mex"},"geometry":{"type":"Point","coordinates":[-86.83,21.17]}},{"type":"Feature","properties":{"name":"Newcastle","pop":540796,"rank":11,"scalerank":3,"minzoom":5,"capital":0,"nation":"aus"},"geometry":{"type":"Point","coordinates":[151.77,-32.93]}},{"type":"Feature","properties":{"name":"Yangzhou","pop":539715,"rank":11,"scalerank":8,"minzoom":7,"capital":0,"nation":"chn"},"geometry":{"type":"Point","coordinates":[119.43,32.4]}},{"type":"Feature","properties":{"name":"Novokouznetsk","pop":539616,"rank":11,"scalerank":4,"minzoom":5.1,"capital":0,"nation":"rus"},"geometry":{"type":"Point","coordinates":[87.115,53.75]}},{"type":"Feature","properties":{"name":"Lattaquié","pop":539147,"rank":11,"scalerank":8,"minzoom":6,"capital":0,"nation":"syr"},"geometry":{"type":"Point","coordinates":[35.78,35.54]}},{"type":"Feature","properties":{"name":"Matamoros","pop":538785,"rank":11,"scalerank":4,"minzoom":5.6,"capital":0,"nation":"mex"},"geometry":{"type":"Point","coordinates":[-97.5,25.88]}},{"type":"Feature","properties":{"name":"Göteborg","pop":537797,"rank":11,"scalerank":6,"minzoom":5.1,"capital":0,"nation":"swe"},"geometry":{"type":"Point","coordinates":[11.979,57.709]}},{"type":"Feature","properties":{"name":"Ōtsu","pop":536976,"rank":11,"scalerank":8,"minzoom":7,"capital":0,"nation":"jpn"},"geometry":{"type":"Point","coordinates":[135.867,35.006]}},{"type":"Feature","properties":{"name":"Grand Rapids","pop":535829,"rank":11,"scalerank":7,"minzoom":6.1,"capital":0,"nation":"usa"},"geometry":{"type":"Point","coordinates":[-85.67,42.964]}},{"type":"Feature","properties":{"name":"Tomsk","pop":535479,"rank":11,"scalerank":3,"minzoom":4,"capital":0,"nation":"rus"},"geometry":{"type":"Point","coordinates":[84.975,56.495]}},{"type":"Feature","properties":{"name":"Linxia","pop":534555,"rank":11,"scalerank":8,"minzoom":7,"capital":0,"nation":"chn"},"geometry":{"type":"Point","coordinates":[103.2,35.6]}},{"type":"Feature","properties":{"name":"Matsuyama","pop":533541,"rank":11,"scalerank":6,"minzoom":6,"capital":0,"nation":"jpn"},"geometry":{"type":"Point","coordinates":[132.766,33.846]}},{"type":"Feature","properties":{"name":"Rouen","pop":532559,"rank":11,"scalerank":7,"minzoom":6,"capital":0,"nation":"fra"},"geometry":{"type":"Point","coordinates":[1.08,49.43]}},{"type":"Feature","properties":{"name":"Jiangmen","pop":532419,"rank":11,"scalerank":7,"minzoom":6.7,"capital":0,"nation":"chn"},"geometry":{"type":"Point","coordinates":[113.08,22.58]}},{"type":"Feature","properties":{"name":"Oaxaca de Juárez","pop":530728,"rank":11,"scalerank":4,"minzoom":5.1,"capital":0,"nation":"mex"},"geometry":{"type":"Point","coordinates":[-96.67,17.083]}},{"type":"Feature","properties":{"name":"Beira","pop":530604,"rank":11,"scalerank":3,"minzoom":5,"capital":0,"nation":"moz"},"geometry":{"type":"Point","coordinates":[34.87,-19.82]}},{"type":"Feature","properties":{"name":"Guntur","pop":530577,"rank":11,"scalerank":6,"minzoom":6,"capital":0,"nation":"ind"},"geometry":{"type":"Point","coordinates":[80.45,16.33]}},{"type":"Feature","properties":{"name":"Tripoli","pop":530000,"rank":11,"scalerank":6,"minzoom":6,"capital":0,"nation":"lbn"},"geometry":{"type":"Point","coordinates":[35.832,34.438]}},{"type":"Feature","properties":{"name":"Harrisburg","pop":528892,"rank":11,"scalerank":6,"minzoom":6,"capital":0,"nation":"usa"},"geometry":{"type":"Point","coordinates":[-76.885,40.274]}},{"type":"Feature","properties":{"name":"Hamadan","pop":528256,"rank":11,"scalerank":4,"minzoom":5.6,"capital":0,"nation":"irn"},"geometry":{"type":"Point","coordinates":[48.515,34.796]}},{"type":"Feature","properties":{"name":"Cangzhou","pop":527681,"rank":11,"scalerank":7,"minzoom":6.1,"capital":0,"nation":"chn"},"geometry":{"type":"Point","coordinates":[116.87,38.32]}},{"type":"Feature","properties":{"name":"Kota Kinabalu","pop":527671,"rank":11,"scalerank":6,"minzoom":6,"capital":0,"nation":"mys"},"geometry":{"type":"Point","coordinates":[116.11,5.98]}},{"type":"Feature","properties":{"name":"Gold Coast","pop":527660,"rank":11,"scalerank":4,"minzoom":5,"capital":0,"nation":"aus"},"geometry":{"type":"Point","coordinates":[153.448,-28.082]}},{"type":"Feature","properties":{"name":"Vancouver","pop":525802,"rank":11,"scalerank":4,"minzoom":5.6,"capital":0,"nation":"usa"},"geometry":{"type":"Point","coordinates":[-122.64,45.63]}},{"type":"Feature","properties":{"name":"Ji'an","pop":520248,"rank":11,"scalerank":7,"minzoom":6.7,"capital":0,"nation":"chn"},"geometry":{"type":"Point","coordinates":[115,27.13]}},{"type":"Feature","properties":{"name":"Londrina","pop":520238,"rank":11,"scalerank":6,"minzoom":6,"capital":0,"nation":"bra"},"geometry":{"type":"Point","coordinates":[-51.18,-23.3]}},{"type":"Feature","properties":{"name":"Riazan","pop":520173,"rank":11,"scalerank":4,"minzoom":5.6,"capital":0,"nation":"rus"},"geometry":{"type":"Point","coordinates":[39.72,54.62]}},{"type":"Feature","properties":{"name":"Jingzhou","pop":520000,"rank":11,"scalerank":8,"minzoom":7,"capital":0,"nation":"chn"},"geometry":{"type":"Point","coordinates":[112.23,30.32]}},{"type":"Feature","properties":{"name":"Bello","pop":519670,"rank":11,"scalerank":6,"minzoom":6,"capital":0,"nation":"col"},"geometry":{"type":"Point","coordinates":[-75.57,6.33]}},{"type":"Feature","properties":{"name":"Tioumen","pop":519119,"rank":11,"scalerank":4,"minzoom":5.6,"capital":0,"nation":"rus"},"geometry":{"type":"Point","coordinates":[65.53,57.14]}},{"type":"Feature","properties":{"name":"Lipetsk","pop":515655,"rank":11,"scalerank":6,"minzoom":5.1,"capital":0,"nation":"rus"},"geometry":{"type":"Point","coordinates":[39.64,52.62]}},{"type":"Feature","properties":{"name":"Siliguri","pop":515574,"rank":11,"scalerank":7,"minzoom":6.7,"capital":0,"nation":"ind"},"geometry":{"type":"Point","coordinates":[88.455,26.72]}},{"type":"Feature","properties":{"name":"Eskişehir","pop":514869,"rank":11,"scalerank":6,"minzoom":6,"capital":0,"nation":"tur"},"geometry":{"type":"Point","coordinates":[30.53,39.795]}},{"type":"Feature","properties":{"name":"Banda Aceh","pop":513698,"rank":11,"scalerank":4,"minzoom":5.6,"capital":0,"nation":"idn"},"geometry":{"type":"Point","coordinates":[95.32,5.55]}},{"type":"Feature","properties":{"name":"Ujjain","pop":513350,"rank":11,"scalerank":7,"minzoom":6.7,"capital":0,"nation":"ind"},"geometry":{"type":"Point","coordinates":[75.79,23.19]}},{"type":"Feature","properties":{"name":"Salta","pop":512686,"rank":11,"scalerank":4,"minzoom":5.6,"capital":0,"nation":"arg"},"geometry":{"type":"Point","coordinates":[-65.417,-24.783]}},{"type":"Feature","properties":{"name":"Penza","pop":512602,"rank":11,"scalerank":4,"minzoom":5.1,"capital":0,"nation":"rus"},"geometry":{"type":"Point","coordinates":[45,53.18]}},{"type":"Feature","properties":{"name":"Blida","pop":511348,"rank":11,"scalerank":7,"minzoom":6.7,"capital":0,"nation":"dza"},"geometry":{"type":"Point","coordinates":[2.83,36.42]}},{"type":"Feature","properties":{"name":"Mykolaïv","pop":510840,"rank":11,"scalerank":8,"minzoom":6.1,"capital":0,"nation":"ukr"},"geometry":{"type":"Point","coordinates":[31.984,46.968]}},{"type":"Feature","properties":{"name":"Kerbala","pop":510692,"rank":11,"scalerank":7,"minzoom":6.1,"capital":0,"nation":"irq"},"geometry":{"type":"Point","coordinates":[44.024,32.615]}},{"type":"Feature","properties":{"name":"Suez","pop":508335,"rank":11,"scalerank":4,"minzoom":5.6,"capital":0,"nation":"egy"},"geometry":{"type":"Point","coordinates":[32.55,30.005]}},{"type":"Feature","properties":{"name":"Gliwice","pop":507670,"rank":11,"scalerank":7,"minzoom":5.1,"capital":0,"nation":"pol"},"geometry":{"type":"Point","coordinates":[18.67,50.33]}},{"type":"Feature","properties":{"name":"Bukittinggi","pop":506964,"rank":11,"scalerank":7,"minzoom":6.7,"capital":0,"nation":"idn"},"geometry":{"type":"Point","coordinates":[100.361,-0.303]}},{"type":"Feature","properties":{"name":"Kachgar","pop":506640,"rank":11,"scalerank":3,"minzoom":5,"capital":0,"nation":"chn"},"geometry":{"type":"Point","coordinates":[75.97,39.476]}},{"type":"Feature","properties":{"name":"Liaoyuan","pop":506548,"rank":11,"scalerank":6,"minzoom":6,"capital":0,"nation":"chn"},"geometry":{"type":"Point","coordinates":[125.13,42.9]}},{"type":"Feature","properties":{"name":"Gaza","pop":505700,"rank":11,"scalerank":4,"minzoom":5.6,"capital":0,"nation":"gaza"},"geometry":{"type":"Point","coordinates":[34.445,31.53]}},{"type":"Feature","properties":{"name":"Kota Bharu","pop":505583,"rank":11,"scalerank":6,"minzoom":6,"capital":0,"nation":"mys"},"geometry":{"type":"Point","coordinates":[102.23,6.12]}},{"type":"Feature","properties":{"name":"Jundiaí","pop":505548,"rank":11,"scalerank":8,"minzoom":7,"capital":0,"nation":"bra"},"geometry":{"type":"Point","coordinates":[-46.88,-23.2]}},{"type":"Feature","properties":{"name":"Édimbourg","pop":504966,"rank":11,"scalerank":6,"minzoom":5.1,"capital":0,"nation":"gbr"},"geometry":{"type":"Point","coordinates":[-3.219,55.948]}},{"type":"Feature","properties":{"name":"Tlaxcala","pop":503878,"rank":11,"scalerank":8,"minzoom":7,"capital":0,"nation":"mex"},"geometry":{"type":"Point","coordinates":[-98.23,19.32]}},{"type":"Feature","properties":{"name":"Arak","pop":503647,"rank":11,"scalerank":7,"minzoom":6.7,"capital":0,"nation":"irn"},"geometry":{"type":"Point","coordinates":[49.7,34.08]}},{"type":"Feature","properties":{"name":"Davanagere","pop":503564,"rank":11,"scalerank":6,"minzoom":6,"capital":0,"nation":"ind"},"geometry":{"type":"Point","coordinates":[75.92,14.47]}},{"type":"Feature","properties":{"name":"Viña del Mar","pop":503534,"rank":11,"scalerank":8,"minzoom":8,"capital":0,"nation":"chl"},"geometry":{"type":"Point","coordinates":[-71.557,-33.025]}},{"type":"Feature","properties":{"name":"Pingtung","pop":503530,"rank":11,"scalerank":7,"minzoom":6.7,"capital":0,"nation":"twn"},"geometry":{"type":"Point","coordinates":[120.482,22.682]}},{"type":"Feature","properties":{"name":"Annaba","pop":503524,"rank":11,"scalerank":4,"minzoom":5.6,"capital":0,"nation":"dza"},"geometry":{"type":"Point","coordinates":[7.76,36.92]}},{"type":"Feature","properties":{"name":"Akola","pop":503502,"rank":11,"scalerank":4,"minzoom":5.6,"capital":0,"nation":"ind"},"geometry":{"type":"Point","coordinates":[77.01,20.71]}},{"type":"Feature","properties":{"name":"Brighton","pop":503008,"rank":11,"scalerank":7,"minzoom":6.1,"capital":0,"nation":"gbr"},"geometry":{"type":"Point","coordinates":[-0.17,50.83]}},{"type":"Feature","properties":{"name":"Astrakhan","pop":502533,"rank":11,"scalerank":4,"minzoom":5.1,"capital":0,"nation":"rus"},"geometry":{"type":"Point","coordinates":[48.055,46.349]}},{"type":"Feature","properties":{"name":"Bradford","pop":501700,"rank":11,"scalerank":8,"minzoom":7,"capital":0,"nation":"gbr"},"geometry":{"type":"Point","coordinates":[-1.754,53.792]}},{"type":"Feature","properties":{"name":"Kansas City","pop":501577,"rank":11,"scalerank":8,"minzoom":7,"capital":0,"nation":"usa"},"geometry":{"type":"Point","coordinates":[-94.63,39.114]}},{"type":"Feature","properties":{"name":"Bari","pop":500577,"rank":11,"scalerank":7,"minzoom":5.1,"capital":0,"nation":"ita"},"geometry":{"type":"Point","coordinates":[16.873,41.114]}},{"type":"Feature","properties":{"name":"Awka","pop":500000,"rank":10,"scalerank":7,"minzoom":6.7,"capital":0,"nation":"nga"},"geometry":{"type":"Point","coordinates":[7.07,6.21]}},{"type":"Feature","properties":{"name":"Chiayi","pop":500000,"rank":10,"scalerank":7,"minzoom":6.7,"capital":0,"nation":"twn"},"geometry":{"type":"Point","coordinates":[120.435,23.475]}},{"type":"Feature","properties":{"name":"Damanhur","pop":500000,"rank":10,"scalerank":7,"minzoom":6.7,"capital":0,"nation":"egy"},"geometry":{"type":"Point","coordinates":[30.47,31.05]}},{"type":"Feature","properties":{"name":"Al-Minya","pop":500000,"rank":10,"scalerank":6,"minzoom":6,"capital":0,"nation":"egy"},"geometry":{"type":"Point","coordinates":[30.75,28.09]}},{"type":"Feature","properties":{"name":"Glendale","pop":500000,"rank":10,"scalerank":8,"minzoom":7,"capital":0,"nation":"usa"},"geometry":{"type":"Point","coordinates":[-112.174,33.535]}},{"type":"Feature","properties":{"name":"Chilung","pop":500000,"rank":10,"scalerank":7,"minzoom":6.7,"capital":0,"nation":"twn"},"geometry":{"type":"Point","coordinates":[121.733,25.133]}},{"type":"Feature","properties":{"name":"Mazatlán","pop":500000,"rank":10,"scalerank":7,"minzoom":6.7,"capital":0,"nation":"mex"},"geometry":{"type":"Point","coordinates":[-110.133,29.017]}},{"type":"Feature","properties":{"name":"Pasuruan","pop":500000,"rank":10,"scalerank":7,"minzoom":8,"capital":0,"nation":"idn"},"geometry":{"type":"Point","coordinates":[112.9,-7.63]}},{"type":"Feature","properties":{"name":"San Lorenzo","pop":500000,"rank":10,"scalerank":8,"minzoom":7,"capital":0,"nation":"pry"},"geometry":{"type":"Point","coordinates":[-57.52,-25.34]}},{"type":"Feature","properties":{"name":"Shuangyashan","pop":500000,"rank":10,"scalerank":7,"minzoom":6.7,"capital":0,"nation":"chn"},"geometry":{"type":"Point","coordinates":[131.35,46.67]}},{"type":"Feature","properties":{"name":"Taoyuan","pop":500000,"rank":10,"scalerank":8,"minzoom":7,"capital":0,"nation":"twn"},"geometry":{"type":"Point","coordinates":[121.311,24.989]}},{"type":"Feature","properties":{"name":"Thái Nguyên","pop":500000,"rank":10,"scalerank":6,"minzoom":6,"capital":0,"nation":"vnm"},"geometry":{"type":"Point","coordinates":[105.83,21.6]}},{"type":"Feature","properties":{"name":"Tsu","pop":500000,"rank":10,"scalerank":7,"minzoom":6.1,"capital":0,"nation":"jpn"},"geometry":{"type":"Point","coordinates":[136.517,34.717]}},{"type":"Feature","properties":{"name":"Mataram","pop":499409,"rank":10,"scalerank":7,"minzoom":6.7,"capital":0,"nation":"idn"},"geometry":{"type":"Point","coordinates":[116.135,-8.58]}},{"type":"Feature","properties":{"name":"Macapá","pop":499166,"rank":10,"scalerank":3,"minzoom":5,"capital":0,"nation":"bra"},"geometry":{"type":"Point","coordinates":[-51.05,0.033]}},{"type":"Feature","properties":{"name":"Reynosa","pop":498654,"rank":10,"scalerank":8,"minzoom":7,"capital":0,"nation":"mex"},"geometry":{"type":"Point","coordinates":[-98.3,26.08]}},{"type":"Feature","properties":{"name":"Chakhrisabz","pop":498545,"rank":10,"scalerank":7,"minzoom":6.7,"capital":0,"nation":"uzb"},"geometry":{"type":"Point","coordinates":[66.831,39.062]}},{"type":"Feature","properties":{"name":"Allentown","pop":496442,"rank":10,"scalerank":8,"minzoom":6.1,"capital":0,"nation":"usa"},"geometry":{"type":"Point","coordinates":[-75.5,40.6]}},{"type":"Feature","properties":{"name":"Berkeley","pop":496356,"rank":10,"scalerank":8,"minzoom":7,"capital":0,"nation":"usa"},"geometry":{"type":"Point","coordinates":[-122.271,37.874]}},{"type":"Feature","properties":{"name":"Douma","pop":496145,"rank":10,"scalerank":8,"minzoom":7,"capital":0,"nation":"syr"},"geometry":{"type":"Point","coordinates":[36.4,33.583]}},{"type":"Feature","properties":{"name":"Songyuan","pop":495900,"rank":10,"scalerank":7,"minzoom":6.1,"capital":0,"nation":"chn"},"geometry":{"type":"Point","coordinates":[124.82,45.18]}},{"type":"Feature","properties":{"name":"Skopje","pop":494087,"rank":10,"scalerank":4,"minzoom":5.6,"capital":1,"nation":"mkd"},"geometry":{"type":"Point","coordinates":[21.433,42]}},{"type":"Feature","properties":{"name":"Mwanza","pop":493944,"rank":10,"scalerank":4,"minzoom":5.6,"capital":0,"nation":"tza"},"geometry":{"type":"Point","coordinates":[32.93,-2.52]}},{"type":"Feature","properties":{"name":"Colorado Springs","pop":493654,"rank":10,"scalerank":4,"minzoom":5.6,"capital":0,"nation":"usa"},"geometry":{"type":"Point","coordinates":[-104.792,38.863]}},{"type":"Feature","properties":{"name":"Wuwei","pop":493092,"rank":10,"scalerank":4,"minzoom":5.6,"capital":0,"nation":"chn"},"geometry":{"type":"Point","coordinates":[102.641,37.928]}},{"type":"Feature","properties":{"name":"Port-Soudan","pop":489725,"rank":10,"scalerank":3,"minzoom":5,"capital":0,"nation":"sdn"},"geometry":{"type":"Point","coordinates":[37.216,19.616]}},{"type":"Feature","properties":{"name":"Santa Fe","pop":489505,"rank":10,"scalerank":4,"minzoom":5.6,"capital":0,"nation":"arg"},"geometry":{"type":"Point","coordinates":[-60.69,-31.624]}},{"type":"Feature","properties":{"name":"Toula","pop":489486,"rank":10,"scalerank":6,"minzoom":6,"capital":0,"nation":"rus"},"geometry":{"type":"Point","coordinates":[37.63,54.2]}},{"type":"Feature","properties":{"name":"Beni Suef","pop":489450,"rank":10,"scalerank":7,"minzoom":6.7,"capital":0,"nation":"egy"},"geometry":{"type":"Point","coordinates":[31.09,29.08]}},{"type":"Feature","properties":{"name":"Yanji","pop":488740,"rank":10,"scalerank":8,"minzoom":7,"capital":0,"nation":"chn"},"geometry":{"type":"Point","coordinates":[129.513,42.882]}},{"type":"Feature","properties":{"name":"Bologne","pop":488172,"rank":10,"scalerank":7,"minzoom":6.1,"capital":0,"nation":"ita"},"geometry":{"type":"Point","coordinates":[11.34,44.5]}},{"type":"Feature","properties":{"name":"Everett","pop":486903,"rank":10,"scalerank":7,"minzoom":6.7,"capital":0,"nation":"usa"},"geometry":{"type":"Point","coordinates":[-122.2,47.96]}},{"type":"Feature","properties":{"name":"Saharanpur","pop":484873,"rank":10,"scalerank":4,"minzoom":5.6,"capital":0,"nation":"ind"},"geometry":{"type":"Point","coordinates":[77.55,29.97]}},{"type":"Feature","properties":{"name":"Gulbarga","pop":483615,"rank":10,"scalerank":4,"minzoom":5.6,"capital":0,"nation":"ind"},"geometry":{"type":"Point","coordinates":[76.82,17.35]}},{"type":"Feature","properties":{"name":"Bhatpara","pop":483129,"rank":10,"scalerank":7,"minzoom":6.7,"capital":0,"nation":"ind"},"geometry":{"type":"Point","coordinates":[88.414,22.853]}},{"type":"Feature","properties":{"name":"Ife","pop":482365,"rank":10,"scalerank":7,"minzoom":6.7,"capital":0,"nation":"nga"},"geometry":{"type":"Point","coordinates":[4.56,7.48]}},{"type":"Feature","properties":{"name":"Feira de Santana","pop":481911,"rank":10,"scalerank":3,"minzoom":5,"capital":0,"nation":"bra"},"geometry":{"type":"Point","coordinates":[-38.97,-12.25]}},{"type":"Feature","properties":{"name":"Shah Alam","pop":481654,"rank":10,"scalerank":10,"minzoom":9,"capital":0,"nation":"mys"},"geometry":{"type":"Point","coordinates":[101.55,3.067]}},{"type":"Feature","properties":{"name":"Marioupol","pop":481626,"rank":10,"scalerank":6,"minzoom":6,"capital":0,"nation":"ukr"},"geometry":{"type":"Point","coordinates":[37.556,47.096]}},{"type":"Feature","properties":{"name":"Tuxtla Gutiérrez","pop":481128,"rank":10,"scalerank":3,"minzoom":5,"capital":0,"nation":"mex"},"geometry":{"type":"Point","coordinates":[-93.15,16.75]}},{"type":"Feature","properties":{"name":"Hérat","pop":481009,"rank":10,"scalerank":4,"minzoom":5.1,"capital":0,"nation":"afg"},"geometry":{"type":"Point","coordinates":[62.17,34.33]}},{"type":"Feature","properties":{"name":"Homiel","pop":480951,"rank":10,"scalerank":6,"minzoom":6,"capital":0,"nation":"blr"},"geometry":{"type":"Point","coordinates":[31,52.43]}},{"type":"Feature","properties":{"name":"Zhaoqing","pop":480000,"rank":10,"scalerank":7,"minzoom":6.7,"capital":0,"nation":"chn"},"geometry":{"type":"Point","coordinates":[112.45,23.05]}},{"type":"Feature","properties":{"name":"Americana","pop":479472,"rank":10,"scalerank":8,"minzoom":7,"capital":0,"nation":"bra"},"geometry":{"type":"Point","coordinates":[-47.33,-22.75]}},{"type":"Feature","properties":{"name":"Dhule","pop":479073,"rank":10,"scalerank":6,"minzoom":6,"capital":0,"nation":"ind"},"geometry":{"type":"Point","coordinates":[74.77,20.9]}},{"type":"Feature","properties":{"name":"Ostrava","pop":478963,"rank":10,"scalerank":7,"minzoom":5.1,"capital":0,"nation":"cze"},"geometry":{"type":"Point","coordinates":[18.25,49.83]}},{"type":"Feature","properties":{"name":"Yazd","pop":477905,"rank":10,"scalerank":4,"minzoom":5.6,"capital":0,"nation":"irn"},"geometry":{"type":"Point","coordinates":[54.37,31.92]}},{"type":"Feature","properties":{"name":"Hargeisa","pop":477876,"rank":10,"scalerank":3,"minzoom":5,"capital":1,"nation":"sol"},"geometry":{"type":"Point","coordinates":[44.065,9.56]}},{"type":"Feature","properties":{"name":"Sialkot","pop":477396,"rank":10,"scalerank":8,"minzoom":7,"capital":0,"nation":"pak"},"geometry":{"type":"Point","coordinates":[74.56,32.52]}},{"type":"Feature","properties":{"name":"Kemerovo","pop":477090,"rank":10,"scalerank":4,"minzoom":5.1,"capital":0,"nation":"rus"},"geometry":{"type":"Point","coordinates":[86.09,55.34]}},{"type":"Feature","properties":{"name":"Adama","pop":476892,"rank":10,"scalerank":6,"minzoom":6,"capital":0,"nation":"eth"},"geometry":{"type":"Point","coordinates":[39.27,8.55]}},{"type":"Feature","properties":{"name":"Jiaojiang","pop":471500,"rank":10,"scalerank":7,"minzoom":6.1,"capital":0,"nation":"chn"},"geometry":{"type":"Point","coordinates":[121.45,28.68]}},{"type":"Feature","properties":{"name":"Kucha","pop":470600,"rank":10,"scalerank":6,"minzoom":6,"capital":0,"nation":"chn"},"geometry":{"type":"Point","coordinates":[82.936,41.728]}},{"type":"Feature","properties":{"name":"Chaoyang","pop":470296,"rank":10,"scalerank":7,"minzoom":6.7,"capital":0,"nation":"chn"},"geometry":{"type":"Point","coordinates":[120.42,41.55]}},{"type":"Feature","properties":{"name":"Juiz de Fora","pop":470193,"rank":10,"scalerank":6,"minzoom":6,"capital":0,"nation":"bra"},"geometry":{"type":"Point","coordinates":[-43.375,-21.77]}},{"type":"Feature","properties":{"name":"Toledo","pop":469924,"rank":10,"scalerank":6,"minzoom":6,"capital":0,"nation":"usa"},"geometry":{"type":"Point","coordinates":[-83.553,41.64]}},{"type":"Feature","properties":{"name":"Udaipur","pop":469737,"rank":10,"scalerank":6,"minzoom":6,"capital":0,"nation":"ind"},"geometry":{"type":"Point","coordinates":[73.73,24.6]}},{"type":"Feature","properties":{"name":"Izmit","pop":466504,"rank":10,"scalerank":7,"minzoom":6.1,"capital":0,"nation":"tur"},"geometry":{"type":"Point","coordinates":[29.931,40.776]}},{"type":"Feature","properties":{"name":"Le Pirée","pop":466065,"rank":10,"scalerank":8,"minzoom":7,"capital":0,"nation":"grc"},"geometry":{"type":"Point","coordinates":[23.7,37.95]}},{"type":"Feature","properties":{"name":"Chimkent","pop":465392,"rank":10,"scalerank":4,"minzoom":5.6,"capital":0,"nation":"kaz"},"geometry":{"type":"Point","coordinates":[69.595,42.32]}},{"type":"Feature","properties":{"name":"Pristina","pop":465186,"rank":10,"scalerank":4,"minzoom":5.6,"capital":1,"nation":"xkx"},"geometry":{"type":"Point","coordinates":[21.166,42.667]}},{"type":"Feature","properties":{"name":"Iligan","pop":464599,"rank":10,"scalerank":7,"minzoom":6.7,"capital":0,"nation":"phl"},"geometry":{"type":"Point","coordinates":[124.215,8.171]}},{"type":"Feature","properties":{"name":"Qazvin","pop":464551,"rank":10,"scalerank":6,"minzoom":6,"capital":0,"nation":"irn"},"geometry":{"type":"Point","coordinates":[50,36.27]}},{"type":"Feature","properties":{"name":"Bloemfontein","pop":463064,"rank":10,"scalerank":3,"minzoom":5,"capital":1,"nation":"zaf"},"geometry":{"type":"Point","coordinates":[26.23,-29.12]}},{"type":"Feature","properties":{"name":"Calabar","pop":461796,"rank":10,"scalerank":7,"minzoom":6.7,"capital":0,"nation":"nga"},"geometry":{"type":"Point","coordinates":[8.33,4.96]}},{"type":"Feature","properties":{"name":"Malatya","pop":461574,"rank":10,"scalerank":7,"minzoom":6.1,"capital":0,"nation":"tur"},"geometry":{"type":"Point","coordinates":[38.3,38.37]}},{"type":"Feature","properties":{"name":"Panzhihua","pop":461513,"rank":10,"scalerank":6,"minzoom":6,"capital":0,"nation":"chn"},"geometry":{"type":"Point","coordinates":[101.73,26.55]}},{"type":"Feature","properties":{"name":"Bandar Abbas","pop":461499,"rank":10,"scalerank":4,"minzoom":5.6,"capital":0,"nation":"irn"},"geometry":{"type":"Point","coordinates":[56.272,27.204]}},{"type":"Feature","properties":{"name":"Naberejnye Tchelny","pop":461086,"rank":10,"scalerank":8,"minzoom":6.1,"capital":0,"nation":"rus"},"geometry":{"type":"Point","coordinates":[52.392,55.732]}},{"type":"Feature","properties":{"name":"Hama","pop":460602,"rank":10,"scalerank":7,"minzoom":6.7,"capital":0,"nation":"syr"},"geometry":{"type":"Point","coordinates":[36.73,35.15]}},{"type":"Feature","properties":{"name":"Cranbourne","pop":460491,"rank":10,"scalerank":7,"minzoom":6.7,"capital":0,"nation":"aus"},"geometry":{"type":"Point","coordinates":[145.283,-38.1]}},{"type":"Feature","properties":{"name":"Iquitos","pop":458729,"rank":10,"scalerank":4,"minzoom":5.1,"capital":0,"nation":"per"},"geometry":{"type":"Point","coordinates":[-73.25,-3.75]}},{"type":"Feature","properties":{"name":"Mazâr-e Charîf","pop":458151,"rank":10,"scalerank":4,"minzoom":5.1,"capital":0,"nation":"afg"},"geometry":{"type":"Point","coordinates":[67.1,36.7]}},{"type":"Feature","properties":{"name":"Leicester","pop":457983,"rank":10,"scalerank":8,"minzoom":7,"capital":0,"nation":"gbr"},"geometry":{"type":"Point","coordinates":[-1.133,52.63]}},{"type":"Feature","properties":{"name":"Kirov","pop":457437,"rank":10,"scalerank":4,"minzoom":5.1,"capital":0,"nation":"rus"},"geometry":{"type":"Point","coordinates":[49.67,58.59]}},{"type":"Feature","properties":{"name":"Jingdezhen","pop":457298,"rank":10,"scalerank":7,"minzoom":6.1,"capital":0,"nation":"chn"},"geometry":{"type":"Point","coordinates":[117.18,29.27]}},{"type":"Feature","properties":{"name":"Durango","pop":457140,"rank":10,"scalerank":6,"minzoom":6,"capital":0,"nation":"mex"},"geometry":{"type":"Point","coordinates":[-104.67,24.031]}},{"type":"Feature","properties":{"name":"Jambi","pop":457090,"rank":10,"scalerank":6,"minzoom":6,"capital":0,"nation":"idn"},"geometry":{"type":"Point","coordinates":[103.61,-1.59]}},{"type":"Feature","properties":{"name":"Volta Redonda","pop":456362,"rank":10,"scalerank":7,"minzoom":6.7,"capital":0,"nation":"bra"},"geometry":{"type":"Point","coordinates":[-44.095,-22.52]}},{"type":"Feature","properties":{"name":"Hengshui","pop":456356,"rank":10,"scalerank":8,"minzoom":7,"capital":0,"nation":"chn"},"geometry":{"type":"Point","coordinates":[115.7,37.72]}},{"type":"Feature","properties":{"name":"Sfax","pop":453050,"rank":10,"scalerank":6,"minzoom":6,"capital":0,"nation":"tun"},"geometry":{"type":"Point","coordinates":[10.72,34.75]}},{"type":"Feature","properties":{"name":"Sunderland","pop":452934,"rank":10,"scalerank":8,"minzoom":7,"capital":0,"nation":"gbr"},"geometry":{"type":"Point","coordinates":[-1.38,54.903]}},{"type":"Feature","properties":{"name":"Xalapa","pop":452186,"rank":10,"scalerank":8,"minzoom":7,"capital":0,"nation":"mex"},"geometry":{"type":"Point","coordinates":[-96.92,19.53]}},{"type":"Feature","properties":{"name":"Louhansk","pop":452000,"rank":10,"scalerank":7,"minzoom":6.1,"capital":0,"nation":"ukr"},"geometry":{"type":"Point","coordinates":[39.334,48.57]}},{"type":"Feature","properties":{"name":"Manado","pop":451893,"rank":10,"scalerank":6,"minzoom":6,"capital":0,"nation":"idn"},"geometry":{"type":"Point","coordinates":[124.85,1.48]}},{"type":"Feature","properties":{"name":"Karaganda","pop":451800,"rank":10,"scalerank":3,"minzoom":5,"capital":0,"nation":"kaz"},"geometry":{"type":"Point","coordinates":[73.115,49.885]}},{"type":"Feature","properties":{"name":"Nassiriya","pop":451547,"rank":10,"scalerank":7,"minzoom":6.1,"capital":0,"nation":"irq"},"geometry":{"type":"Point","coordinates":[46.268,31.043]}},{"type":"Feature","properties":{"name":"Oshawa","pop":450963,"rank":10,"scalerank":8,"minzoom":7,"capital":0,"nation":"can"},"geometry":{"type":"Point","coordinates":[-78.85,43.88]}},{"type":"Feature","properties":{"name":"Qitaihe","pop":450617,"rank":10,"scalerank":6,"minzoom":6,"capital":0,"nation":"chn"},"geometry":{"type":"Point","coordinates":[131.009,45.768]}},{"type":"Feature","properties":{"name":"Belfast","pop":450406,"rank":10,"scalerank":4,"minzoom":5,"capital":0,"nation":"gbr"},"geometry":{"type":"Point","coordinates":[-5.928,54.594]}},{"type":"Feature","properties":{"name":"Şanlıurfa","pop":449549,"rank":10,"scalerank":6,"minzoom":6,"capital":0,"nation":"tur"},"geometry":{"type":"Point","coordinates":[38.795,37.17]}},{"type":"Feature","properties":{"name":"Chengde","pop":449325,"rank":10,"scalerank":7,"minzoom":6.1,"capital":0,"nation":"chn"},"geometry":{"type":"Point","coordinates":[117.93,40.96]}},{"type":"Feature","properties":{"name":"Xuchang","pop":449258,"rank":10,"scalerank":7,"minzoom":6.7,"capital":0,"nation":"chn"},"geometry":{"type":"Point","coordinates":[113.82,34.02]}},{"type":"Feature","properties":{"name":"Chlef","pop":449167,"rank":10,"scalerank":7,"minzoom":6.1,"capital":0,"nation":"dza"},"geometry":{"type":"Point","coordinates":[1.32,36.17]}},{"type":"Feature","properties":{"name":"Ōita","pop":448907,"rank":10,"scalerank":7,"minzoom":6.1,"capital":0,"nation":"jpn"},"geometry":{"type":"Point","coordinates":[131.598,33.243]}},{"type":"Feature","properties":{"name":"Baguio","pop":447824,"rank":10,"scalerank":4,"minzoom":5.6,"capital":0,"nation":"phl"},"geometry":{"type":"Point","coordinates":[120.57,16.43]}},{"type":"Feature","properties":{"name":"San Juan","pop":447048,"rank":10,"scalerank":4,"minzoom":5.6,"capital":0,"nation":"arg"},"geometry":{"type":"Point","coordinates":[-68.52,-31.55]}},{"type":"Feature","properties":{"name":"Tcheboksary","pop":446781,"rank":10,"scalerank":6,"minzoom":6,"capital":0,"nation":"rus"},"geometry":{"type":"Point","coordinates":[47.25,56.13]}},{"type":"Feature","properties":{"name":"Ado Ekiti","pop":446749,"rank":10,"scalerank":7,"minzoom":6.7,"capital":0,"nation":"nga"},"geometry":{"type":"Point","coordinates":[5.22,7.63]}},{"type":"Feature","properties":{"name":"Balikpapan","pop":445905,"rank":10,"scalerank":4,"minzoom":5.6,"capital":0,"nation":"idn"},"geometry":{"type":"Point","coordinates":[116.83,-1.25]}},{"type":"Feature","properties":{"name":"Bellary","pop":445388,"rank":10,"scalerank":6,"minzoom":6,"capital":0,"nation":"ind"},"geometry":{"type":"Point","coordinates":[76.915,15.15]}},{"type":"Feature","properties":{"name":"Bamenda","pop":445299,"rank":10,"scalerank":4,"minzoom":5.6,"capital":0,"nation":"cmr"},"geometry":{"type":"Point","coordinates":[10.15,5.96]}},{"type":"Feature","properties":{"name":"Gand","pop":444336,"rank":10,"scalerank":8,"minzoom":7,"capital":0,"nation":"bel"},"geometry":{"type":"Point","coordinates":[3.7,51.03]}},{"type":"Feature","properties":{"name":"Tokushima","pop":443760,"rank":10,"scalerank":8,"minzoom":7,"capital":0,"nation":"jpn"},"geometry":{"type":"Point","coordinates":[134.553,34.067]}},{"type":"Feature","properties":{"name":"Bakersfield","pop":443129,"rank":10,"scalerank":6,"minzoom":6,"capital":0,"nation":"usa"},"geometry":{"type":"Point","coordinates":[-119.02,35.37]}},{"type":"Feature","properties":{"name":"Wuzhou","pop":442315,"rank":10,"scalerank":4,"minzoom":5.6,"capital":0,"nation":"chn"},"geometry":{"type":"Point","coordinates":[111.32,23.48]}},{"type":"Feature","properties":{"name":"Portsmouth","pop":442252,"rank":10,"scalerank":7,"minzoom":6.1,"capital":0,"nation":"gbr"},"geometry":{"type":"Point","coordinates":[-1.08,50.8]}},{"type":"Feature","properties":{"name":"Cabimas","pop":441094,"rank":10,"scalerank":8,"minzoom":7,"capital":0,"nation":"ven"},"geometry":{"type":"Point","coordinates":[-71.45,10.43]}},{"type":"Feature","properties":{"name":"Foz do Iguaçu","pop":440455,"rank":10,"scalerank":7,"minzoom":6.7,"capital":0,"nation":"bra"},"geometry":{"type":"Point","coordinates":[-54.53,-25.523]}},{"type":"Feature","properties":{"name":"Wakayama","pop":440006,"rank":10,"scalerank":7,"minzoom":6.7,"capital":0,"nation":"jpn"},"geometry":{"type":"Point","coordinates":[135.168,34.223]}},{"type":"Feature","properties":{"name":"Strasbourg","pop":439972,"rank":10,"scalerank":6,"minzoom":6,"capital":0,"nation":"fra"},"geometry":{"type":"Point","coordinates":[7.75,48.58]}},{"type":"Feature","properties":{"name":"Moulmein","pop":438861,"rank":10,"scalerank":7,"minzoom":6.7,"capital":0,"nation":"mmr"},"geometry":{"type":"Point","coordinates":[97.67,16.5]}},{"type":"Feature","properties":{"name":"San Cristóbal","pop":438798,"rank":10,"scalerank":3,"minzoom":5,"capital":0,"nation":"ven"},"geometry":{"type":"Point","coordinates":[-72.25,7.77]}},{"type":"Feature","properties":{"name":"Nantes","pop":438537,"rank":10,"scalerank":7,"minzoom":5.1,"capital":0,"nation":"fra"},"geometry":{"type":"Point","coordinates":[-1.59,47.21]}},{"type":"Feature","properties":{"name":"Khodjent","pop":437684,"rank":10,"scalerank":6,"minzoom":6,"capital":0,"nation":"tjk"},"geometry":{"type":"Point","coordinates":[69.62,40.29]}},{"type":"Feature","properties":{"name":"Guangyuan","pop":437435,"rank":10,"scalerank":6,"minzoom":6,"capital":0,"nation":"chn"},"geometry":{"type":"Point","coordinates":[105.87,32.43]}},{"type":"Feature","properties":{"name":"Khomeynishahr","pop":437138,"rank":10,"scalerank":7,"minzoom":6.7,"capital":0,"nation":"irn"},"geometry":{"type":"Point","coordinates":[51.47,32.7]}},{"type":"Feature","properties":{"name":"Garoua","pop":436899,"rank":10,"scalerank":4,"minzoom":5.6,"capital":0,"nation":"cmr"},"geometry":{"type":"Point","coordinates":[13.39,9.3]}},{"type":"Feature","properties":{"name":"Bukavu","pop":436779,"rank":10,"scalerank":6,"minzoom":6,"capital":0,"nation":"cod"},"geometry":{"type":"Point","coordinates":[28.84,-2.51]}},{"type":"Feature","properties":{"name":"Thoothukudi","pop":436094,"rank":10,"scalerank":6,"minzoom":6,"capital":0,"nation":"ind"},"geometry":{"type":"Point","coordinates":[78.132,8.798]}},{"type":"Feature","properties":{"name":"Nagasaki","pop":435455,"rank":10,"scalerank":3,"minzoom":5,"capital":0,"nation":"jpn"},"geometry":{"type":"Point","coordinates":[129.885,32.765]}},{"type":"Feature","properties":{"name":"Pohang","pop":435266,"rank":10,"scalerank":6,"minzoom":6,"capital":0,"nation":"kor"},"geometry":{"type":"Point","coordinates":[129.372,36.021]}},{"type":"Feature","properties":{"name":"Kaliningrad","pop":434954,"rank":10,"scalerank":4,"minzoom":5,"capital":0,"nation":"rus"},"geometry":{"type":"Point","coordinates":[20.497,54.7]}},{"type":"Feature","properties":{"name":"Laredo","pop":434768,"rank":10,"scalerank":4,"minzoom":5.6,"capital":0,"nation":"usa"},"geometry":{"type":"Point","coordinates":[-99.507,27.506]}},{"type":"Feature","properties":{"name":"Likasi","pop":434408,"rank":10,"scalerank":6,"minzoom":6,"capital":0,"nation":"cod"},"geometry":{"type":"Point","coordinates":[26.78,-10.97]}},{"type":"Feature","properties":{"name":"Spanish Town","pop":432704,"rank":10,"scalerank":8,"minzoom":7,"capital":0,"nation":"jam"},"geometry":{"type":"Point","coordinates":[-76.95,17.983]}},{"type":"Feature","properties":{"name":"San Luis","pop":432310,"rank":10,"scalerank":6,"minzoom":6,"capital":0,"nation":"arg"},"geometry":{"type":"Point","coordinates":[-66.35,-33.3]}},{"type":"Feature","properties":{"name":"Katsina","pop":432149,"rank":10,"scalerank":7,"minzoom":6.7,"capital":0,"nation":"nga"},"geometry":{"type":"Point","coordinates":[7.6,12.99]}},{"type":"Feature","properties":{"name":"Welkom","pop":431944,"rank":10,"scalerank":4,"minzoom":5.1,"capital":0,"nation":"zaf"},"geometry":{"type":"Point","coordinates":[26.73,-27.97]}},{"type":"Feature","properties":{"name":"Santa Marta","pop":431781,"rank":10,"scalerank":6,"minzoom":6,"capital":0,"nation":"col"},"geometry":{"type":"Point","coordinates":[-74.202,11.247]}},{"type":"Feature","properties":{"name":"Villahermosa","pop":428564,"rank":10,"scalerank":6,"minzoom":6,"capital":0,"nation":"mex"},"geometry":{"type":"Point","coordinates":[-92.9,18]}},{"type":"Feature","properties":{"name":"Briansk","pop":427236,"rank":10,"scalerank":4,"minzoom":5.1,"capital":0,"nation":"rus"},"geometry":{"type":"Point","coordinates":[34.43,53.26]}},{"type":"Feature","properties":{"name":"Bournemouth","pop":426945,"rank":10,"scalerank":8,"minzoom":7,"capital":0,"nation":"gbr"},"geometry":{"type":"Point","coordinates":[-1.9,50.73]}},{"type":"Feature","properties":{"name":"Bengkulu","pop":426673,"rank":10,"scalerank":6,"minzoom":6,"capital":0,"nation":"idn"},"geometry":{"type":"Point","coordinates":[102.27,-3.8]}},{"type":"Feature","properties":{"name":"Heidelberg","pop":426590,"rank":10,"scalerank":8,"minzoom":7,"capital":0,"nation":"deu"},"geometry":{"type":"Point","coordinates":[8.7,49.42]}},{"type":"Feature","properties":{"name":"Kurnool","pop":424920,"rank":10,"scalerank":6,"minzoom":6,"capital":0,"nation":"ind"},"geometry":{"type":"Point","coordinates":[78.03,15.83]}},{"type":"Feature","properties":{"name":"Chaozhou","pop":424787,"rank":10,"scalerank":8,"minzoom":7,"capital":0,"nation":"chn"},"geometry":{"type":"Point","coordinates":[116.63,23.68]}},{"type":"Feature","properties":{"name":"Batangas","pop":424508,"rank":10,"scalerank":6,"minzoom":6,"capital":0,"nation":"phl"},"geometry":{"type":"Point","coordinates":[121.022,13.782]}},{"type":"Feature","properties":{"name":"Bratislava","pop":423737,"rank":10,"scalerank":4,"minzoom":5.1,"capital":1,"nation":"svk"},"geometry":{"type":"Point","coordinates":[17.117,48.15]}},{"type":"Feature","properties":{"name":"Gaya","pop":423692,"rank":10,"scalerank":6,"minzoom":6,"capital":0,"nation":"ind"},"geometry":{"type":"Point","coordinates":[85,24.8]}},{"type":"Feature","properties":{"name":"Arak","pop":423251,"rank":10,"scalerank":6,"minzoom":6,"capital":0,"nation":"dza"},"geometry":{"type":"Point","coordinates":[3.75,25.28]}},{"type":"Feature","properties":{"name":"Baton Rouge","pop":422072,"rank":10,"scalerank":4,"minzoom":5.6,"capital":0,"nation":"usa"},"geometry":{"type":"Point","coordinates":[-91.14,30.458]}},{"type":"Feature","properties":{"name":"Springfield","pop":421780,"rank":10,"scalerank":8,"minzoom":7,"capital":0,"nation":"usa"},"geometry":{"type":"Point","coordinates":[-72.58,42.12]}},{"type":"Feature","properties":{"name":"Ibagué","pop":421685,"rank":10,"scalerank":6,"minzoom":6,"capital":0,"nation":"col"},"geometry":{"type":"Point","coordinates":[-75.232,4.439]}},{"type":"Feature","properties":{"name":"Ivanovo","pop":420839,"rank":10,"scalerank":6,"minzoom":6,"capital":0,"nation":"rus"},"geometry":{"type":"Point","coordinates":[41.01,57.01]}},{"type":"Feature","properties":{"name":"Erzurum","pop":420691,"rank":10,"scalerank":7,"minzoom":6.1,"capital":0,"nation":"tur"},"geometry":{"type":"Point","coordinates":[41.29,39.92]}},{"type":"Feature","properties":{"name":"Akure","pop":420594,"rank":10,"scalerank":7,"minzoom":6.1,"capital":0,"nation":"nga"},"geometry":{"type":"Point","coordinates":[5.2,7.25]}},{"type":"Feature","properties":{"name":"Assiout","pop":420585,"rank":10,"scalerank":4,"minzoom":5.6,"capital":0,"nation":"egy"},"geometry":{"type":"Point","coordinates":[31.18,27.19]}},{"type":"Feature","properties":{"name":"Kolwezi","pop":418000,"rank":10,"scalerank":3,"minzoom":5,"capital":0,"nation":"cod"},"geometry":{"type":"Point","coordinates":[25.472,-10.717]}},{"type":"Feature","properties":{"name":"Sukkur","pop":417767,"rank":10,"scalerank":6,"minzoom":6,"capital":0,"nation":"pak"},"geometry":{"type":"Point","coordinates":[68.849,27.714]}},{"type":"Feature","properties":{"name":"Luohe","pop":417356,"rank":10,"scalerank":8,"minzoom":7,"capital":0,"nation":"chn"},"geometry":{"type":"Point","coordinates":[114.03,33.57]}},{"type":"Feature","properties":{"name":"Campina Grande","pop":417261,"rank":10,"scalerank":6,"minzoom":6,"capital":0,"nation":"bra"},"geometry":{"type":"Point","coordinates":[-35.88,-7.23]}},{"type":"Feature","properties":{"name":"Kitchener","pop":417001,"rank":10,"scalerank":8,"minzoom":7,"capital":0,"nation":"can"},"geometry":{"type":"Point","coordinates":[-80.5,43.45]}},{"type":"Feature","properties":{"name":"Middlesbrough","pop":416042,"rank":10,"scalerank":7,"minzoom":6.1,"capital":0,"nation":"gbr"},"geometry":{"type":"Point","coordinates":[-1.23,54.58]}},{"type":"Feature","properties":{"name":"Meizhou","pop":414930,"rank":10,"scalerank":7,"minzoom":6.7,"capital":0,"nation":"chn"},"geometry":{"type":"Point","coordinates":[116.12,24.3]}},{"type":"Feature","properties":{"name":"Ardabil","pop":414603,"rank":10,"scalerank":6,"minzoom":6,"capital":0,"nation":"irn"},"geometry":{"type":"Point","coordinates":[48.3,38.25]}},{"type":"Feature","properties":{"name":"Magnitogorsk","pop":413351,"rank":10,"scalerank":4,"minzoom":5.1,"capital":0,"nation":"rus"},"geometry":{"type":"Point","coordinates":[58.98,53.423]}},{"type":"Feature","properties":{"name":"Gifu","pop":412895,"rank":10,"scalerank":7,"minzoom":6.1,"capital":0,"nation":"jpn"},"geometry":{"type":"Point","coordinates":[136.763,35.423]}},{"type":"Feature","properties":{"name":"Huancayo","pop":412733,"rank":10,"scalerank":4,"minzoom":5.6,"capital":0,"nation":"per"},"geometry":{"type":"Point","coordinates":[-75.2,-12.08]}},{"type":"Feature","properties":{"name":"Charleston","pop":411940,"rank":10,"scalerank":6,"minzoom":6,"capital":0,"nation":"usa"},"geometry":{"type":"Point","coordinates":[-79.992,32.792]}},{"type":"Feature","properties":{"name":"Nha Trang","pop":411556,"rank":10,"scalerank":6,"minzoom":6,"capital":0,"nation":"vnm"},"geometry":{"type":"Point","coordinates":[109.17,12.25]}},{"type":"Feature","properties":{"name":"Maturín","pop":410972,"rank":10,"scalerank":6,"minzoom":6,"capital":0,"nation":"ven"},"geometry":{"type":"Point","coordinates":[-63.17,9.75]}},{"type":"Feature","properties":{"name":"Xuanhua","pop":409745,"rank":10,"scalerank":8,"minzoom":7,"capital":0,"nation":"chn"},"geometry":{"type":"Point","coordinates":[115.024,40.594]}},{"type":"Feature","properties":{"name":"Koursk","pop":409431,"rank":10,"scalerank":6,"minzoom":6,"capital":0,"nation":"rus"},"geometry":{"type":"Point","coordinates":[36.19,51.74]}},{"type":"Feature","properties":{"name":"Oujda","pop":409391,"rank":10,"scalerank":4,"minzoom":5.6,"capital":0,"nation":"mar"},"geometry":{"type":"Point","coordinates":[-1.91,34.69]}},{"type":"Feature","properties":{"name":"Metz","pop":409186,"rank":10,"scalerank":7,"minzoom":6,"capital":0,"nation":"fra"},"geometry":{"type":"Point","coordinates":[6.18,49.12]}},{"type":"Feature","properties":{"name":"Hotan","pop":408894,"rank":10,"scalerank":3,"minzoom":4,"capital":0,"nation":"chn"},"geometry":{"type":"Point","coordinates":[79.927,37.1]}},{"type":"Feature","properties":{"name":"Al-Aïn","pop":408733,"rank":10,"scalerank":7,"minzoom":6.7,"capital":0,"nation":"are"},"geometry":{"type":"Point","coordinates":[55.74,24.23]}},{"type":"Feature","properties":{"name":"Jeju-si","pop":408364,"rank":10,"scalerank":7,"minzoom":6.1,"capital":0,"nation":"kor"},"geometry":{"type":"Point","coordinates":[126.522,33.51]}},{"type":"Feature","properties":{"name":"Osogbo","pop":408245,"rank":10,"scalerank":7,"minzoom":6.7,"capital":0,"nation":"nga"},"geometry":{"type":"Point","coordinates":[4.56,7.77]}},{"type":"Feature","properties":{"name":"Ipatinga","pop":407894,"rank":10,"scalerank":7,"minzoom":6.7,"capital":0,"nation":"bra"},"geometry":{"type":"Point","coordinates":[-42.52,-19.48]}},{"type":"Feature","properties":{"name":"Szczecin","pop":407811,"rank":10,"scalerank":7,"minzoom":6.1,"capital":0,"nation":"pol"},"geometry":{"type":"Point","coordinates":[14.53,53.42]}},{"type":"Feature","properties":{"name":"Miami Beach","pop":407750,"rank":10,"scalerank":8,"minzoom":7,"capital":0,"nation":"usa"},"geometry":{"type":"Point","coordinates":[-80.132,25.81]}},{"type":"Feature","properties":{"name":"Murcie","pop":406807,"rank":10,"scalerank":6,"minzoom":6,"capital":0,"nation":"esp"},"geometry":{"type":"Point","coordinates":[-1.13,37.98]}},{"type":"Feature","properties":{"name":"Kitwe","pop":404901,"rank":10,"scalerank":4,"minzoom":5.6,"capital":0,"nation":"zmb"},"geometry":{"type":"Point","coordinates":[28.22,-12.81]}},{"type":"Feature","properties":{"name":"Tanta","pop":404901,"rank":10,"scalerank":7,"minzoom":6.7,"capital":0,"nation":"egy"},"geometry":{"type":"Point","coordinates":[31,30.79]}},{"type":"Feature","properties":{"name":"Zanzibar","pop":403658,"rank":10,"scalerank":3,"minzoom":5,"capital":0,"nation":"tza"},"geometry":{"type":"Point","coordinates":[39.2,-6.16]}},{"type":"Feature","properties":{"name":"Taubaté","pop":403560,"rank":10,"scalerank":7,"minzoom":6.7,"capital":0,"nation":"bra"},"geometry":{"type":"Point","coordinates":[-45.56,-23.02]}},{"type":"Feature","properties":{"name":"Bissau","pop":403339,"rank":10,"scalerank":3,"minzoom":5,"capital":1,"nation":"gnb"},"geometry":{"type":"Point","coordinates":[-15.598,11.865]}},{"type":"Feature","properties":{"name":"Pasay","pop":403064,"rank":10,"scalerank":7,"minzoom":6.7,"capital":0,"nation":"phl"},"geometry":{"type":"Point","coordinates":[121,14.55]}},{"type":"Feature","properties":{"name":"Mbale","pop":402368,"rank":10,"scalerank":7,"minzoom":6.7,"capital":0,"nation":"uga"},"geometry":{"type":"Point","coordinates":[34.17,1.09]}},{"type":"Feature","properties":{"name":"Wichita","pop":401843,"rank":10,"scalerank":6,"minzoom":6,"capital":0,"nation":"usa"},"geometry":{"type":"Point","coordinates":[-97.328,37.676]}},{"type":"Feature","properties":{"name":"Kassala","pop":401477,"rank":10,"scalerank":3,"minzoom":5,"capital":0,"nation":"sdn"},"geometry":{"type":"Point","coordinates":[36.39,15.46]}},{"type":"Feature","properties":{"name":"Sunchon","pop":400629,"rank":10,"scalerank":8,"minzoom":7,"capital":0,"nation":"prk"},"geometry":{"type":"Point","coordinates":[125.939,39.424]}},{"type":"Feature","properties":{"name":"Tver","pop":400212,"rank":10,"scalerank":4,"minzoom":5.6,"capital":0,"nation":"rus"},"geometry":{"type":"Point","coordinates":[35.89,56.86]}},{"type":"Feature","properties":{"name":"Jingmen","pop":400000,"rank":10,"scalerank":7,"minzoom":6.7,"capital":0,"nation":"chn"},"geometry":{"type":"Point","coordinates":[112.201,31.031]}},{"type":"Feature","properties":{"name":"Sikar","pop":400000,"rank":10,"scalerank":7,"minzoom":6.7,"capital":0,"nation":"ind"},"geometry":{"type":"Point","coordinates":[75.14,27.61]}},{"type":"Feature","properties":{"name":"Sourgout","pop":400000,"rank":10,"scalerank":3,"minzoom":4,"capital":0,"nation":"rus"},"geometry":{"type":"Point","coordinates":[73.425,61.26]}},{"type":"Feature","properties":{"name":"Tumkur","pop":399606,"rank":10,"scalerank":6,"minzoom":6,"capital":0,"nation":"ind"},"geometry":{"type":"Point","coordinates":[77.1,13.33]}},{"type":"Feature","properties":{"name":"Gómez Palacio","pop":399328,"rank":10,"scalerank":8,"minzoom":7,"capital":0,"nation":"mex"},"geometry":{"type":"Point","coordinates":[-103.5,25.57]}},{"type":"Feature","properties":{"name":"Buraydah","pop":398581,"rank":10,"scalerank":7,"minzoom":6.1,"capital":0,"nation":"sau"},"geometry":{"type":"Point","coordinates":[43.963,26.366]}},{"type":"Feature","properties":{"name":"Khmelnytskyï","pop":398346,"rank":10,"scalerank":8,"minzoom":7,"capital":0,"nation":"ukr"},"geometry":{"type":"Point","coordinates":[27.002,49.425]}},{"type":"Feature","properties":{"name":"Columbia","pop":398093,"rank":10,"scalerank":7,"minzoom":6.7,"capital":0,"nation":"usa"},"geometry":{"type":"Point","coordinates":[-92.334,38.952]}},{"type":"Feature","properties":{"name":"Columbia","pop":398093,"rank":10,"scalerank":4,"minzoom":5.6,"capital":0,"nation":"usa"},"geometry":{"type":"Point","coordinates":[-81.031,33.997]}},{"type":"Feature","properties":{"name":"Eindhoven","pop":398053,"rank":10,"scalerank":8,"minzoom":7,"capital":0,"nation":"nld"},"geometry":{"type":"Point","coordinates":[5.5,51.43]}},{"type":"Feature","properties":{"name":"Chiang Mai","pop":397211,"rank":10,"scalerank":4,"minzoom":5.6,"capital":0,"nation":"tha"},"geometry":{"type":"Point","coordinates":[98.98,18.8]}},{"type":"Feature","properties":{"name":"Piura","pop":396932,"rank":10,"scalerank":4,"minzoom":5.6,"capital":0,"nation":"per"},"geometry":{"type":"Point","coordinates":[-80.63,-5.21]}},{"type":"Feature","properties":{"name":"Horlivka","pop":396885,"rank":10,"scalerank":8,"minzoom":6.1,"capital":0,"nation":"ukr"},"geometry":{"type":"Point","coordinates":[38.055,48.3]}},{"type":"Feature","properties":{"name":"Ndola","pop":396339,"rank":10,"scalerank":6,"minzoom":6,"capital":0,"nation":"zmb"},"geometry":{"type":"Point","coordinates":[28.65,-13]}},{"type":"Feature","properties":{"name":"Yuxi","pop":396325,"rank":10,"scalerank":6,"minzoom":6,"capital":0,"nation":"chn"},"geometry":{"type":"Point","coordinates":[102.57,24.38]}},{"type":"Feature","properties":{"name":"Kisumu","pop":395615,"rank":10,"scalerank":6,"minzoom":6,"capital":0,"nation":"ken"},"geometry":{"type":"Point","coordinates":[34.75,-0.09]}},{"type":"Feature","properties":{"name":"Metairie","pop":394206,"rank":10,"scalerank":8,"minzoom":7,"capital":0,"nation":"usa"},"geometry":{"type":"Point","coordinates":[-90.153,29.984]}},{"type":"Feature","properties":{"name":"Quilon","pop":394163,"rank":10,"scalerank":7,"minzoom":6.1,"capital":0,"nation":"ind"},"geometry":{"type":"Point","coordinates":[76.57,8.9]}},{"type":"Feature","properties":{"name":"Tallinn","pop":394024,"rank":10,"scalerank":3,"minzoom":5,"capital":1,"nation":"est"},"geometry":{"type":"Point","coordinates":[24.728,59.434]}},{"type":"Feature","properties":{"name":"Wellington","pop":393400,"rank":10,"scalerank":3,"minzoom":4,"capital":1,"nation":"nzl"},"geometry":{"type":"Point","coordinates":[174.777,-41.292]}},{"type":"Feature","properties":{"name":"El Obeid","pop":393311,"rank":10,"scalerank":4,"minzoom":5.6,"capital":0,"nation":"sdn"},"geometry":{"type":"Point","coordinates":[30.217,13.183]}},{"type":"Feature","properties":{"name":"Nyala","pop":392373,"rank":10,"scalerank":3,"minzoom":5,"capital":0,"nation":"sdn"},"geometry":{"type":"Point","coordinates":[24.89,12.06]}},{"type":"Feature","properties":{"name":"Sandakan","pop":392288,"rank":10,"scalerank":6,"minzoom":6,"capital":0,"nation":"mys"},"geometry":{"type":"Point","coordinates":[118.108,5.843]}},{"type":"Feature","properties":{"name":"Ahmadnagar","pop":391760,"rank":10,"scalerank":6,"minzoom":6,"capital":0,"nation":"ind"},"geometry":{"type":"Point","coordinates":[74.746,19.082]}},{"type":"Feature","properties":{"name":"Och","pop":391277,"rank":10,"scalerank":7,"minzoom":6.1,"capital":0,"nation":"kgz"},"geometry":{"type":"Point","coordinates":[72.79,40.54]}},{"type":"Feature","properties":{"name":"Stoke-on-Trent","pop":390801,"rank":10,"scalerank":7,"minzoom":6.1,"capital":0,"nation":"gbr"},"geometry":{"type":"Point","coordinates":[-2.18,53]}},{"type":"Feature","properties":{"name":"Palm Springs","pop":390115,"rank":10,"scalerank":7,"minzoom":6.1,"capital":0,"nation":"usa"},"geometry":{"type":"Point","coordinates":[-116.533,33.777]}},{"type":"Feature","properties":{"name":"Bhilwara","pop":389911,"rank":10,"scalerank":7,"minzoom":6.1,"capital":0,"nation":"ind"},"geometry":{"type":"Point","coordinates":[74.635,25.35]}},{"type":"Feature","properties":{"name":"Elgin","pop":389514,"rank":10,"scalerank":8,"minzoom":7,"capital":0,"nation":"usa"},"geometry":{"type":"Point","coordinates":[-88.29,42.039]}},{"type":"Feature","properties":{"name":"Cumilla","pop":389411,"rank":10,"scalerank":7,"minzoom":6.7,"capital":0,"nation":"bgd"},"geometry":{"type":"Point","coordinates":[91.17,23.47]}},{"type":"Feature","properties":{"name":"Samut Prakan","pop":388920,"rank":10,"scalerank":7,"minzoom":8,"capital":0,"nation":"tha"},"geometry":{"type":"Point","coordinates":[100.611,13.607]}},{"type":"Feature","properties":{"name":"Greensboro","pop":388887,"rank":10,"scalerank":6,"minzoom":6,"capital":0,"nation":"usa"},"geometry":{"type":"Point","coordinates":[-79.8,36.07]}},{"type":"Feature","properties":{"name":"Grenoble","pop":388574,"rank":10,"scalerank":7,"minzoom":6.1,"capital":0,"nation":"fra"},"geometry":{"type":"Point","coordinates":[5.72,45.18]}},{"type":"Feature","properties":{"name":"Nampula","pop":388526,"rank":10,"scalerank":4,"minzoom":5.6,"capital":0,"nation":"moz"},"geometry":{"type":"Point","coordinates":[39.293,-15.136]}},{"type":"Feature","properties":{"name":"Nizamabad","pop":388505,"rank":10,"scalerank":7,"minzoom":6.7,"capital":0,"nation":"ind"},"geometry":{"type":"Point","coordinates":[78.1,18.67]}},{"type":"Feature","properties":{"name":"Grenade","pop":388290,"rank":10,"scalerank":6,"minzoom":6,"capital":0,"nation":"esp"},"geometry":{"type":"Point","coordinates":[-3.585,37.165]}},{"type":"Feature","properties":{"name":"Brno","pop":388277,"rank":10,"scalerank":7,"minzoom":6.1,"capital":0,"nation":"cze"},"geometry":{"type":"Point","coordinates":[16.61,49.2]}},{"type":"Feature","properties":{"name":"Coventry","pop":388271,"rank":10,"scalerank":7,"minzoom":6.7,"capital":0,"nation":"gbr"},"geometry":{"type":"Point","coordinates":[-1.503,52.401]}},{"type":"Feature","properties":{"name":"Alajuela","pop":387743,"rank":10,"scalerank":8,"minzoom":7,"capital":0,"nation":"cri"},"geometry":{"type":"Point","coordinates":[-84.23,10.02]}},{"type":"Feature","properties":{"name":"Iloilo","pop":387681,"rank":10,"scalerank":3,"minzoom":5,"capital":0,"nation":"phl"},"geometry":{"type":"Point","coordinates":[122.545,10.705]}},{"type":"Feature","properties":{"name":"Campos dos Goytacazes","pop":387417,"rank":10,"scalerank":6,"minzoom":6,"capital":0,"nation":"bra"},"geometry":{"type":"Point","coordinates":[-41.32,-21.75]}},{"type":"Feature","properties":{"name":"Resistencia","pop":387158,"rank":10,"scalerank":6,"minzoom":6,"capital":0,"nation":"arg"},"geometry":{"type":"Point","coordinates":[-58.99,-27.46]}},{"type":"Feature","properties":{"name":"Baicheng","pop":386861,"rank":10,"scalerank":6,"minzoom":6,"capital":0,"nation":"chn"},"geometry":{"type":"Point","coordinates":[122.82,45.62]}},{"type":"Feature","properties":{"name":"Karchi","pop":386361,"rank":10,"scalerank":7,"minzoom":6.1,"capital":0,"nation":"uzb"},"geometry":{"type":"Point","coordinates":[65.8,38.87]}},{"type":"Feature","properties":{"name":"Misrata","pop":386120,"rank":10,"scalerank":4,"minzoom":5.6,"capital":0,"nation":"lby"},"geometry":{"type":"Point","coordinates":[15.1,32.38]}},{"type":"Feature","properties":{"name":"Haïl","pop":385257,"rank":10,"scalerank":7,"minzoom":6.1,"capital":0,"nation":"sau"},"geometry":{"type":"Point","coordinates":[41.7,27.524]}},{"type":"Feature","properties":{"name":"Béjaïa","pop":384937,"rank":10,"scalerank":7,"minzoom":6.7,"capital":0,"nation":"dza"},"geometry":{"type":"Point","coordinates":[5.07,36.76]}},{"type":"Feature","properties":{"name":"Southampton","pop":384417,"rank":10,"scalerank":8,"minzoom":7,"capital":0,"nation":"gbr"},"geometry":{"type":"Point","coordinates":[-1.4,50.9]}},{"type":"Feature","properties":{"name":"Celaya","pop":383697,"rank":10,"scalerank":8,"minzoom":7,"capital":0,"nation":"mex"},"geometry":{"type":"Point","coordinates":[-100.8,20.53]}},{"type":"Feature","properties":{"name":"San Juan de Pasto","pop":382236,"rank":10,"scalerank":4,"minzoom":5.6,"capital":0,"nation":"col"},"geometry":{"type":"Point","coordinates":[-77.281,1.214]}},{"type":"Feature","properties":{"name":"Caxias do Sul","pop":381270,"rank":10,"scalerank":4,"minzoom":5.6,"capital":0,"nation":"bra"},"geometry":{"type":"Point","coordinates":[-51.17,-29.18]}},{"type":"Feature","properties":{"name":"Nijni Taguil","pop":381116,"rank":10,"scalerank":4,"minzoom":5.1,"capital":0,"nation":"rus"},"geometry":{"type":"Point","coordinates":[59.975,57.92]}},{"type":"Feature","properties":{"name":"Des Moines","pop":380655,"rank":10,"scalerank":3,"minzoom":5,"capital":0,"nation":"usa"},"geometry":{"type":"Point","coordinates":[-93.62,41.58]}},{"type":"Feature","properties":{"name":"Xichang","pop":379993,"rank":10,"scalerank":4,"minzoom":5,"capital":0,"nation":"chn"},"geometry":{"type":"Point","coordinates":[102.3,27.88]}},{"type":"Feature","properties":{"name":"Dezhou","pop":379555,"rank":10,"scalerank":7,"minzoom":6.7,"capital":0,"nation":"chn"},"geometry":{"type":"Point","coordinates":[116.3,37.45]}},{"type":"Feature","properties":{"name":"Sébastopol","pop":379200,"rank":10,"scalerank":3,"minzoom":4,"capital":0,"nation":"rus"},"geometry":{"type":"Point","coordinates":[33.524,44.604]}},{"type":"Feature","properties":{"name":"Vigo","pop":378952,"rank":10,"scalerank":4,"minzoom":5.6,"capital":0,"nation":"esp"},"geometry":{"type":"Point","coordinates":[-8.73,42.22]}},{"type":"Feature","properties":{"name":"Las Palmas de Gran Canaria","pop":378495,"rank":10,"scalerank":4,"minzoom":5.1,"capital":0,"nation":"esp"},"geometry":{"type":"Point","coordinates":[-15.43,28.1]}},{"type":"Feature","properties":{"name":"Parbhani","pop":378326,"rank":10,"scalerank":7,"minzoom":6.7,"capital":0,"nation":"ind"},"geometry":{"type":"Point","coordinates":[76.76,19.27]}},{"type":"Feature","properties":{"name":"Karlsruhe","pop":377487,"rank":10,"scalerank":8,"minzoom":7,"capital":0,"nation":"deu"},"geometry":{"type":"Point","coordinates":[8.4,49]}},{"type":"Feature","properties":{"name":"Ogden","pop":377224,"rank":10,"scalerank":7,"minzoom":6.1,"capital":0,"nation":"usa"},"geometry":{"type":"Point","coordinates":[-111.968,41.232]}},{"type":"Feature","properties":{"name":"Zhoukou","pop":377061,"rank":10,"scalerank":7,"minzoom":6.7,"capital":0,"nation":"chn"},"geometry":{"type":"Point","coordinates":[114.63,33.63]}},{"type":"Feature","properties":{"name":"Makiïvka","pop":376610,"rank":10,"scalerank":8,"minzoom":7,"capital":0,"nation":"ukr"},"geometry":{"type":"Point","coordinates":[37.975,48.03]}},{"type":"Feature","properties":{"name":"Putian","pop":376558,"rank":10,"scalerank":7,"minzoom":6.7,"capital":0,"nation":"chn"},"geometry":{"type":"Point","coordinates":[119.02,25.43]}},{"type":"Feature","properties":{"name":"Kahramanmaraş","pop":376045,"rank":10,"scalerank":8,"minzoom":7,"capital":0,"nation":"tur"},"geometry":{"type":"Point","coordinates":[36.945,37.61]}},{"type":"Feature","properties":{"name":"Manizales","pop":375848,"rank":10,"scalerank":4,"minzoom":5.6,"capital":0,"nation":"col"},"geometry":{"type":"Point","coordinates":[-75.52,5.06]}},{"type":"Feature","properties":{"name":"Palma de Majorque","pop":375773,"rank":10,"scalerank":6,"minzoom":6,"capital":0,"nation":"esp"},"geometry":{"type":"Point","coordinates":[2.654,39.574]}},{"type":"Feature","properties":{"name":"Manukau City","pop":375600,"rank":10,"scalerank":4,"minzoom":5.6,"capital":0,"nation":"nzl"},"geometry":{"type":"Point","coordinates":[174.885,-37]}},{"type":"Feature","properties":{"name":"Shillong","pop":375527,"rank":10,"scalerank":7,"minzoom":6.7,"capital":0,"nation":"ind"},"geometry":{"type":"Point","coordinates":[91.88,25.57]}},{"type":"Feature","properties":{"name":"Khorramabad","pop":375198,"rank":10,"scalerank":7,"minzoom":6.7,"capital":0,"nation":"irn"},"geometry":{"type":"Point","coordinates":[48.35,33.48]}},{"type":"Feature","properties":{"name":"Villavicencio","pop":374763,"rank":10,"scalerank":6,"minzoom":6,"capital":0,"nation":"col"},"geometry":{"type":"Point","coordinates":[-73.635,4.153]}},{"type":"Feature","properties":{"name":"São José do Rio Preto","pop":374699,"rank":10,"scalerank":7,"minzoom":6.7,"capital":0,"nation":"bra"},"geometry":{"type":"Point","coordinates":[-49.39,-20.8]}},{"type":"Feature","properties":{"name":"Kaunas","pop":374643,"rank":10,"scalerank":7,"minzoom":6.1,"capital":0,"nation":"ltu"},"geometry":{"type":"Point","coordinates":[23.88,54.95]}},{"type":"Feature","properties":{"name":"Latur","pop":374394,"rank":10,"scalerank":6,"minzoom":6,"capital":0,"nation":"ind"},"geometry":{"type":"Point","coordinates":[76.57,18.4]}},{"type":"Feature","properties":{"name":"Seremban","pop":372917,"rank":10,"scalerank":7,"minzoom":6.7,"capital":0,"nation":"mys"},"geometry":{"type":"Point","coordinates":[101.94,2.71]}},{"type":"Feature","properties":{"name":"Denizli","pop":372344,"rank":10,"scalerank":7,"minzoom":6.1,"capital":0,"nation":"tur"},"geometry":{"type":"Point","coordinates":[29.08,37.77]}},{"type":"Feature","properties":{"name":"Van","pop":371713,"rank":10,"scalerank":7,"minzoom":6.1,"capital":0,"nation":"tur"},"geometry":{"type":"Point","coordinates":[43.4,38.495]}},{"type":"Feature","properties":{"name":"La Corogne","pop":370610,"rank":10,"scalerank":6,"minzoom":6,"capital":0,"nation":"esp"},"geometry":{"type":"Point","coordinates":[-8.42,43.33]}},{"type":"Feature","properties":{"name":"Abadan","pop":370180,"rank":10,"scalerank":6,"minzoom":6,"capital":0,"nation":"irn"},"geometry":{"type":"Point","coordinates":[48.28,30.331]}},{"type":"Feature","properties":{"name":"Quzhou","pop":370000,"rank":10,"scalerank":7,"minzoom":6.7,"capital":0,"nation":"chn"},"geometry":{"type":"Point","coordinates":[118.87,28.97]}},{"type":"Feature","properties":{"name":"Rajapalayam","pop":369991,"rank":10,"scalerank":7,"minzoom":6.7,"capital":0,"nation":"ind"},"geometry":{"type":"Point","coordinates":[77.58,9.42]}},{"type":"Feature","properties":{"name":"Reading","pop":369804,"rank":10,"scalerank":8,"minzoom":7,"capital":0,"nation":"gbr"},"geometry":{"type":"Point","coordinates":[-0.98,51.47]}},{"type":"Feature","properties":{"name":"Najran","pop":369609,"rank":10,"scalerank":8,"minzoom":7,"capital":0,"nation":"sau"},"geometry":{"type":"Point","coordinates":[44.132,17.507]}},{"type":"Feature","properties":{"name":"Moguilev","pop":369200,"rank":10,"scalerank":7,"minzoom":6.7,"capital":0,"nation":"blr"},"geometry":{"type":"Point","coordinates":[30.325,53.899]}},{"type":"Feature","properties":{"name":"Qatif","pop":368892,"rank":10,"scalerank":8,"minzoom":7,"capital":0,"nation":"sau"},"geometry":{"type":"Point","coordinates":[50.012,26.52]}},{"type":"Feature","properties":{"name":"La Valette","pop":368250,"rank":10,"scalerank":3,"minzoom":5,"capital":1,"nation":"mlt"},"geometry":{"type":"Point","coordinates":[14.515,35.9]}},{"type":"Feature","properties":{"name":"Mazatlán","pop":368204,"rank":10,"scalerank":3,"minzoom":5,"capital":0,"nation":"mex"},"geometry":{"type":"Point","coordinates":[-106.42,23.221]}},{"type":"Feature","properties":{"name":"Longyan","pop":367896,"rank":10,"scalerank":7,"minzoom":6.1,"capital":0,"nation":"chn"},"geometry":{"type":"Point","coordinates":[116.995,25.074]}},{"type":"Feature","properties":{"name":"Hampton","pop":366766,"rank":10,"scalerank":8,"minzoom":7,"capital":0,"nation":"usa"},"geometry":{"type":"Point","coordinates":[-76.35,37.03]}},{"type":"Feature","properties":{"name":"Trenton","pop":366513,"rank":10,"scalerank":6,"minzoom":6,"capital":0,"nation":"usa"},"geometry":{"type":"Point","coordinates":[-74.743,40.217]}},{"type":"Feature","properties":{"name":"Bydgoszcz","pop":366452,"rank":10,"scalerank":7,"minzoom":6.1,"capital":0,"nation":"pol"},"geometry":{"type":"Point","coordinates":[18.01,53.12]}},{"type":"Feature","properties":{"name":"Kuantan","pop":366229,"rank":10,"scalerank":6,"minzoom":6,"capital":0,"nation":"mys"},"geometry":{"type":"Point","coordinates":[103.32,3.83]}},{"type":"Feature","properties":{"name":"Gorontalo","pop":365497,"rank":10,"scalerank":4,"minzoom":5.6,"capital":0,"nation":"idn"},"geometry":{"type":"Point","coordinates":[123.07,0.55]}},{"type":"Feature","properties":{"name":"Nakuru","pop":364727,"rank":10,"scalerank":6,"minzoom":6,"capital":0,"nation":"ken"},"geometry":{"type":"Point","coordinates":[36.07,-0.28]}},{"type":"Feature","properties":{"name":"Vladikavkaz","pop":364630,"rank":10,"scalerank":7,"minzoom":6.7,"capital":0,"nation":"rus"},"geometry":{"type":"Point","coordinates":[44.67,43.05]}},{"type":"Feature","properties":{"name":"Larkana","pop":364033,"rank":10,"scalerank":4,"minzoom":5.6,"capital":0,"nation":"pak"},"geometry":{"type":"Point","coordinates":[68.207,27.562]}},{"type":"Feature","properties":{"name":"McAllen","pop":364004,"rank":10,"scalerank":8,"minzoom":7,"capital":0,"nation":"usa"},"geometry":{"type":"Point","coordinates":[-98.23,26.203]}},{"type":"Feature","properties":{"name":"Christchurch","pop":363200,"rank":10,"scalerank":3,"minzoom":4,"capital":0,"nation":"nzl"},"geometry":{"type":"Point","coordinates":[172.63,-43.535]}},{"type":"Feature","properties":{"name":"Stavropol","pop":363064,"rank":10,"scalerank":4,"minzoom":5.6,"capital":0,"nation":"rus"},"geometry":{"type":"Point","coordinates":[41.98,45.05]}},{"type":"Feature","properties":{"name":"Sanya","pop":362689,"rank":10,"scalerank":6,"minzoom":6,"capital":0,"nation":"chn"},"geometry":{"type":"Point","coordinates":[109.504,18.259]}},{"type":"Feature","properties":{"name":"Bhagalpur","pop":361548,"rank":10,"scalerank":4,"minzoom":5.6,"capital":0,"nation":"ind"},"geometry":{"type":"Point","coordinates":[86.98,25.23]}},{"type":"Feature","properties":{"name":"Maseru","pop":361324,"rank":10,"scalerank":3,"minzoom":5,"capital":1,"nation":"lso"},"geometry":{"type":"Point","coordinates":[27.483,-29.317]}},{"type":"Feature","properties":{"name":"Shekhupura","pop":361303,"rank":10,"scalerank":8,"minzoom":7,"capital":0,"nation":"pak"},"geometry":{"type":"Point","coordinates":[73.99,31.72]}},{"type":"Feature","properties":{"name":"Cuzco","pop":361182,"rank":10,"scalerank":3,"minzoom":4,"capital":0,"nation":"per"},"geometry":{"type":"Point","coordinates":[-71.972,-13.525]}},{"type":"Feature","properties":{"name":"Tamale","pop":360579,"rank":10,"scalerank":7,"minzoom":6.7,"capital":0,"nation":"gha"},"geometry":{"type":"Point","coordinates":[-0.84,9.4]}},{"type":"Feature","properties":{"name":"Saint Charles","pop":360485,"rank":10,"scalerank":7,"minzoom":6.7,"capital":0,"nation":"usa"},"geometry":{"type":"Point","coordinates":[-90.506,38.784]}},{"type":"Feature","properties":{"name":"Oulan-Oudé","pop":360278,"rank":10,"scalerank":4,"minzoom":5.6,"capital":0,"nation":"rus"},"geometry":{"type":"Point","coordinates":[107.625,51.825]}},{"type":"Feature","properties":{"name":"Bobo-Dioulasso","pop":360106,"rank":10,"scalerank":4,"minzoom":5.6,"capital":0,"nation":"bfa"},"geometry":{"type":"Point","coordinates":[-4.29,11.18]}},{"type":"Feature","properties":{"name":"Lublin","pop":360044,"rank":10,"scalerank":7,"minzoom":6.1,"capital":0,"nation":"pol"},"geometry":{"type":"Point","coordinates":[22.573,51.25]}},{"type":"Feature","properties":{"name":"Halifax","pop":359111,"rank":10,"scalerank":3,"minzoom":4,"capital":0,"nation":"can"},"geometry":{"type":"Point","coordinates":[-63.6,44.65]}},{"type":"Feature","properties":{"name":"Augsbourg","pop":358989,"rank":10,"scalerank":8,"minzoom":7,"capital":0,"nation":"deu"},"geometry":{"type":"Point","coordinates":[10.9,48.35]}},{"type":"Feature","properties":{"name":"Sungai Petani","pop":358499,"rank":10,"scalerank":7,"minzoom":6.7,"capital":0,"nation":"mys"},"geometry":{"type":"Point","coordinates":[100.479,5.65]}},{"type":"Feature","properties":{"name":"Diwaniya","pop":358408,"rank":10,"scalerank":8,"minzoom":6.1,"capital":0,"nation":"irq"},"geometry":{"type":"Point","coordinates":[44.924,31.989]}},{"type":"Feature","properties":{"name":"Taraz","pop":358153,"rank":10,"scalerank":4,"minzoom":5.6,"capital":0,"nation":"kaz"},"geometry":{"type":"Point","coordinates":[71.365,42.9]}},{"type":"Feature","properties":{"name":"Simferopol","pop":358108,"rank":10,"scalerank":7,"minzoom":6.1,"capital":0,"nation":"rus"},"geometry":{"type":"Point","coordinates":[34.099,44.949]}},{"type":"Feature","properties":{"name":"Toulon","pop":357693,"rank":10,"scalerank":7,"minzoom":6.1,"capital":0,"nation":"fra"},"geometry":{"type":"Point","coordinates":[5.919,43.134]}},{"type":"Feature","properties":{"name":"Zanjan","pop":357471,"rank":10,"scalerank":8,"minzoom":6.1,"capital":0,"nation":"irn"},"geometry":{"type":"Point","coordinates":[48.5,36.67]}},{"type":"Feature","properties":{"name":"Saint-Sébastien","pop":357468,"rank":10,"scalerank":7,"minzoom":6.1,"capital":0,"nation":"esp"},"geometry":{"type":"Point","coordinates":[-1.98,43.32]}},{"type":"Feature","properties":{"name":"Iwaki","pop":357309,"rank":10,"scalerank":7,"minzoom":6.1,"capital":0,"nation":"jpn"},"geometry":{"type":"Point","coordinates":[140.89,37.055]}},{"type":"Feature","properties":{"name":"Encarnación","pop":357119,"rank":10,"scalerank":8,"minzoom":7,"capital":0,"nation":"pry"},"geometry":{"type":"Point","coordinates":[-55.874,-27.347]}},{"type":"Feature","properties":{"name":"Posadas","pop":357119,"rank":10,"scalerank":3,"minzoom":5,"capital":0,"nation":"arg"},"geometry":{"type":"Point","coordinates":[-55.885,-27.358]}},{"type":"Feature","properties":{"name":"Provo","pop":356712,"rank":10,"scalerank":6,"minzoom":6,"capital":0,"nation":"usa"},"geometry":{"type":"Point","coordinates":[-111.638,40.249]}},{"type":"Feature","properties":{"name":"Cà Mau","pop":356636,"rank":10,"scalerank":7,"minzoom":6.7,"capital":0,"nation":"vnm"},"geometry":{"type":"Point","coordinates":[105.15,9.177]}},{"type":"Feature","properties":{"name":"Asahikawa","pop":356612,"rank":10,"scalerank":6,"minzoom":6,"capital":0,"nation":"jpn"},"geometry":{"type":"Point","coordinates":[142.38,43.755]}},{"type":"Feature","properties":{"name":"Mirpur Khas","pop":356435,"rank":10,"scalerank":6,"minzoom":6,"capital":0,"nation":"pak"},"geometry":{"type":"Point","coordinates":[69.012,25.532]}},{"type":"Feature","properties":{"name":"Arkhangelsk","pop":356051,"rank":10,"scalerank":3,"minzoom":4,"capital":0,"nation":"rus"},"geometry":{"type":"Point","coordinates":[40.545,64.575]}},{"type":"Feature","properties":{"name":"Wafangdian","pop":355844,"rank":10,"scalerank":8,"minzoom":7,"capital":0,"nation":"chn"},"geometry":{"type":"Point","coordinates":[121.996,39.626]}},{"type":"Feature","properties":{"name":"Ambon","pop":355596,"rank":10,"scalerank":4,"minzoom":5.6,"capital":0,"nation":"idn"},"geometry":{"type":"Point","coordinates":[128.2,-3.717]}},{"type":"Feature","properties":{"name":"Orizaba","pop":355333,"rank":10,"scalerank":8,"minzoom":7,"capital":0,"nation":"mex"},"geometry":{"type":"Point","coordinates":[-97.13,18.85]}},{"type":"Feature","properties":{"name":"Longxi","pop":355037,"rank":10,"scalerank":7,"minzoom":6.7,"capital":0,"nation":"chn"},"geometry":{"type":"Point","coordinates":[104.671,35.003]}},{"type":"Feature","properties":{"name":"Santiago del Estero","pop":354692,"rank":10,"scalerank":6,"minzoom":6,"capital":0,"nation":"arg"},"geometry":{"type":"Point","coordinates":[-64.267,-27.783]}},{"type":"Feature","properties":{"name":"Mito","pop":353892,"rank":10,"scalerank":7,"minzoom":6.1,"capital":0,"nation":"jpn"},"geometry":{"type":"Point","coordinates":[140.48,36.37]}},{"type":"Feature","properties":{"name":"Safi","pop":353476,"rank":10,"scalerank":4,"minzoom":5.6,"capital":0,"nation":"mar"},"geometry":{"type":"Point","coordinates":[-9.24,32.32]}},{"type":"Feature","properties":{"name":"Eldoret","pop":353381,"rank":10,"scalerank":4,"minzoom":5.6,"capital":0,"nation":"ken"},"geometry":{"type":"Point","coordinates":[35.27,0.52]}},{"type":"Feature","properties":{"name":"Rahim Yar Khan","pop":353203,"rank":10,"scalerank":8,"minzoom":7,"capital":0,"nation":"pak"},"geometry":{"type":"Point","coordinates":[70.295,28.42]}},{"type":"Feature","properties":{"name":"Neiva","pop":352855,"rank":10,"scalerank":7,"minzoom":6.7,"capital":0,"nation":"col"},"geometry":{"type":"Point","coordinates":[-75.33,2.931]}},{"type":"Feature","properties":{"name":"Vinnytsia","pop":352115,"rank":10,"scalerank":7,"minzoom":6.1,"capital":0,"nation":"ukr"},"geometry":{"type":"Point","coordinates":[28.482,49.225]}},{"type":"Feature","properties":{"name":"Greenville","pop":350954,"rank":10,"scalerank":7,"minzoom":6.1,"capital":0,"nation":"usa"},"geometry":{"type":"Point","coordinates":[-82.394,34.853]}},{"type":"Feature","properties":{"name":"Hualien","pop":350468,"rank":10,"scalerank":6,"minzoom":6,"capital":0,"nation":"twn"},"geometry":{"type":"Point","coordinates":[121.6,23.984]}},{"type":"Feature","properties":{"name":"Kuala Terengganu","pop":350210,"rank":10,"scalerank":7,"minzoom":6.7,"capital":0,"nation":"mys"},"geometry":{"type":"Point","coordinates":[103.12,5.33]}},{"type":"Feature","properties":{"name":"Aurora","pop":350000,"rank":10,"scalerank":7,"minzoom":6.7,"capital":0,"nation":"usa"},"geometry":{"type":"Point","coordinates":[-88.3,41.765]}},{"type":"Feature","properties":{"name":"Evanston","pop":350000,"rank":10,"scalerank":8,"minzoom":7,"capital":0,"nation":"usa"},"geometry":{"type":"Point","coordinates":[-87.7,42.048]}},{"type":"Feature","properties":{"name":"Long Xuyên","pop":350000,"rank":10,"scalerank":7,"minzoom":8,"capital":0,"nation":"vnm"},"geometry":{"type":"Point","coordinates":[105.42,10.38]}},{"type":"Feature","properties":{"name":"Kokand","pop":350000,"rank":10,"scalerank":7,"minzoom":6.7,"capital":0,"nation":"uzb"},"geometry":{"type":"Point","coordinates":[70.94,40.54]}},{"type":"Feature","properties":{"name":"Việt Trì","pop":350000,"rank":10,"scalerank":7,"minzoom":8,"capital":0,"nation":"vnm"},"geometry":{"type":"Point","coordinates":[105.43,21.33]}},{"type":"Feature","properties":{"name":"Yumen","pop":350000,"rank":10,"scalerank":8,"minzoom":7,"capital":0,"nation":"chn"},"geometry":{"type":"Point","coordinates":[97.73,39.83]}},{"type":"Feature","properties":{"name":"Haarlem","pop":349957,"rank":10,"scalerank":7,"minzoom":7,"capital":0,"nation":"nld"},"geometry":{"type":"Point","coordinates":[4.63,52.38]}},{"type":"Feature","properties":{"name":"Buôn Ma Thuột","pop":349945,"rank":10,"scalerank":7,"minzoom":6.7,"capital":0,"nation":"vnm"},"geometry":{"type":"Point","coordinates":[108.05,12.667]}},{"type":"Feature","properties":{"name":"Chimbote","pop":349846,"rank":10,"scalerank":4,"minzoom":5.6,"capital":0,"nation":"per"},"geometry":{"type":"Point","coordinates":[-78.57,-9.07]}},{"type":"Feature","properties":{"name":"Muzaffarnagar","pop":349706,"rank":10,"scalerank":8,"minzoom":6.1,"capital":0,"nation":"ind"},"geometry":{"type":"Point","coordinates":[77.695,29.485]}},{"type":"Feature","properties":{"name":"Nuevo Laredo","pop":349550,"rank":10,"scalerank":4,"minzoom":5.6,"capital":0,"nation":"mex"},"geometry":{"type":"Point","coordinates":[-99.55,27.5]}},{"type":"Feature","properties":{"name":"Sanandaj","pop":349176,"rank":10,"scalerank":8,"minzoom":6,"capital":0,"nation":"irn"},"geometry":{"type":"Point","coordinates":[47.02,35.3]}},{"type":"Feature","properties":{"name":"Linz","pop":349161,"rank":10,"scalerank":7,"minzoom":6.1,"capital":0,"nation":"aut"},"geometry":{"type":"Point","coordinates":[14.289,48.319]}},{"type":"Feature","properties":{"name":"Nelspruit","pop":348138,"rank":10,"scalerank":7,"minzoom":6.7,"capital":0,"nation":"zaf"},"geometry":{"type":"Point","coordinates":[30.98,-25.47]}},{"type":"Feature","properties":{"name":"Spokane","pop":347705,"rank":10,"scalerank":4,"minzoom":5.1,"capital":0,"nation":"usa"},"geometry":{"type":"Point","coordinates":[-117.42,47.67]}},{"type":"Feature","properties":{"name":"Camagüey","pop":347562,"rank":10,"scalerank":6,"minzoom":6,"capital":0,"nation":"cub"},"geometry":{"type":"Point","coordinates":[-77.917,21.381]}},{"type":"Feature","properties":{"name":"Vérone","pop":347459,"rank":10,"scalerank":7,"minzoom":6.1,"capital":0,"nation":"ita"},"geometry":{"type":"Point","coordinates":[10.99,45.44]}},{"type":"Feature","properties":{"name":"London","pop":346765,"rank":10,"scalerank":8,"minzoom":6.1,"capital":0,"nation":"can"},"geometry":{"type":"Point","coordinates":[-81.25,42.97]}},{"type":"Feature","properties":{"name":"Noursoultan","pop":345604,"rank":10,"scalerank":3,"minzoom":4,"capital":1,"nation":"kaz"},"geometry":{"type":"Point","coordinates":[71.428,51.181]}},{"type":"Feature","properties":{"name":"Mérida","pop":345489,"rank":10,"scalerank":4,"minzoom":5.6,"capital":0,"nation":"ven"},"geometry":{"type":"Point","coordinates":[-71.183,8.57]}},{"type":"Feature","properties":{"name":"Charleroi","pop":345367,"rank":10,"scalerank":7,"minzoom":6.7,"capital":0,"nation":"bel"},"geometry":{"type":"Point","coordinates":[4.45,50.42]}},{"type":"Feature","properties":{"name":"Belgorod","pop":345289,"rank":10,"scalerank":6,"minzoom":6,"capital":0,"nation":"rus"},"geometry":{"type":"Point","coordinates":[36.6,50.63]}},{"type":"Feature","properties":{"name":"Kosti","pop":345068,"rank":10,"scalerank":6,"minzoom":6,"capital":0,"nation":"sdn"},"geometry":{"type":"Point","coordinates":[32.66,13.17]}},{"type":"Feature","properties":{"name":"Al-Amara","pop":345007,"rank":10,"scalerank":7,"minzoom":6.7,"capital":0,"nation":"irq"},"geometry":{"type":"Point","coordinates":[47.151,31.842]}},{"type":"Feature","properties":{"name":"Maebashi","pop":344871,"rank":10,"scalerank":8,"minzoom":7,"capital":0,"nation":"jpn"},"geometry":{"type":"Point","coordinates":[139.073,36.393]}},{"type":"Feature","properties":{"name":"Kourgan","pop":343129,"rank":10,"scalerank":6,"minzoom":6,"capital":0,"nation":"rus"},"geometry":{"type":"Point","coordinates":[65.345,55.46]}},{"type":"Feature","properties":{"name":"Kohat","pop":343027,"rank":10,"scalerank":8,"minzoom":7,"capital":0,"nation":"pak"},"geometry":{"type":"Point","coordinates":[71.433,33.603]}},{"type":"Feature","properties":{"name":"Vitebsk","pop":342700,"rank":10,"scalerank":6,"minzoom":6,"capital":0,"nation":"blr"},"geometry":{"type":"Point","coordinates":[30.185,55.189]}},{"type":"Feature","properties":{"name":"Piracicaba","pop":342209,"rank":10,"scalerank":8,"minzoom":7,"capital":0,"nation":"bra"},"geometry":{"type":"Point","coordinates":[-47.641,-22.73]}},{"type":"Feature","properties":{"name":"Yeosu","pop":341994,"rank":10,"scalerank":7,"minzoom":6.1,"capital":0,"nation":"kor"},"geometry":{"type":"Point","coordinates":[127.746,34.737]}},{"type":"Feature","properties":{"name":"Jhang","pop":341210,"rank":10,"scalerank":7,"minzoom":6.1,"capital":0,"nation":"pak"},"geometry":{"type":"Point","coordinates":[72.325,31.28]}},{"type":"Feature","properties":{"name":"Pematang Siantar","pop":341200,"rank":10,"scalerank":6,"minzoom":6,"capital":0,"nation":"idn"},"geometry":{"type":"Point","coordinates":[99.061,2.961]}},{"type":"Feature","properties":{"name":"Arusha","pop":341136,"rank":10,"scalerank":4,"minzoom":5.6,"capital":0,"nation":"tza"},"geometry":{"type":"Point","coordinates":[36.67,-3.36]}},{"type":"Feature","properties":{"name":"Corrientes","pop":340823,"rank":10,"scalerank":8,"minzoom":7,"capital":0,"nation":"arg"},"geometry":{"type":"Point","coordinates":[-58.81,-27.49]}},{"type":"Feature","properties":{"name":"Kōriyama","pop":340560,"rank":10,"scalerank":8,"minzoom":7,"capital":0,"nation":"jpn"},"geometry":{"type":"Point","coordinates":[140.38,37.41]}},{"type":"Feature","properties":{"name":"Plovdiv","pop":340494,"rank":10,"scalerank":8,"minzoom":7,"capital":0,"nation":"bgr"},"geometry":{"type":"Point","coordinates":[24.754,42.154]}},{"type":"Feature","properties":{"name":"Chitungwiza","pop":340360,"rank":10,"scalerank":4,"minzoom":5.6,"capital":0,"nation":"zwe"},"geometry":{"type":"Point","coordinates":[31.1,-18]}},{"type":"Feature","properties":{"name":"Tieling","pop":340000,"rank":10,"scalerank":7,"minzoom":6.7,"capital":0,"nation":"chn"},"geometry":{"type":"Point","coordinates":[123.82,42.3]}},{"type":"Feature","properties":{"name":"Ya'an","pop":340000,"rank":10,"scalerank":7,"minzoom":6.7,"capital":0,"nation":"chn"},"geometry":{"type":"Point","coordinates":[103.08,29.98]}},{"type":"Feature","properties":{"name":"Irapuato","pop":339554,"rank":10,"scalerank":8,"minzoom":7,"capital":0,"nation":"mex"},"geometry":{"type":"Point","coordinates":[-101.351,20.676]}},{"type":"Feature","properties":{"name":"Kalouga","pop":338978,"rank":10,"scalerank":7,"minzoom":6.1,"capital":0,"nation":"rus"},"geometry":{"type":"Point","coordinates":[36.27,54.52]}},{"type":"Feature","properties":{"name":"East London","pop":338627,"rank":10,"scalerank":4,"minzoom":5.6,"capital":0,"nation":"zaf"},"geometry":{"type":"Point","coordinates":[27.87,-32.97]}},{"type":"Feature","properties":{"name":"Kaesŏng","pop":338155,"rank":10,"scalerank":8,"minzoom":7,"capital":0,"nation":"prk"},"geometry":{"type":"Point","coordinates":[126.564,37.964]}},{"type":"Feature","properties":{"name":"Boise","pop":338071,"rank":10,"scalerank":3,"minzoom":5,"capital":0,"nation":"usa"},"geometry":{"type":"Point","coordinates":[-116.227,43.609]}},{"type":"Feature","properties":{"name":"Ciudad Bolívar","pop":338000,"rank":10,"scalerank":6,"minzoom":6,"capital":0,"nation":"ven"},"geometry":{"type":"Point","coordinates":[-63.6,8.1]}},{"type":"Feature","properties":{"name":"Kawagoe","pop":337931,"rank":10,"scalerank":8,"minzoom":7,"capital":0,"nation":"jpn"},"geometry":{"type":"Point","coordinates":[139.491,35.918]}},{"type":"Feature","properties":{"name":"Patan","pop":337785,"rank":10,"scalerank":8,"minzoom":7,"capital":0,"nation":"npl"},"geometry":{"type":"Point","coordinates":[85.333,27.667]}},{"type":"Feature","properties":{"name":"Phan Thiết","pop":336846,"rank":10,"scalerank":7,"minzoom":6.1,"capital":0,"nation":"vnm"},"geometry":{"type":"Point","coordinates":[108.1,10.934]}},{"type":"Feature","properties":{"name":"Alor Setar","pop":336475,"rank":10,"scalerank":7,"minzoom":6.7,"capital":0,"nation":"mys"},"geometry":{"type":"Point","coordinates":[100.373,6.113]}},{"type":"Feature","properties":{"name":"Santa Cruz de Ténérife","pop":336061,"rank":10,"scalerank":6,"minzoom":6,"capital":0,"nation":"esp"},"geometry":{"type":"Point","coordinates":[-16.25,28.47]}},{"type":"Feature","properties":{"name":"Gijón","pop":335972,"rank":10,"scalerank":8,"minzoom":7,"capital":0,"nation":"esp"},"geometry":{"type":"Point","coordinates":[-5.67,43.53]}},{"type":"Feature","properties":{"name":"Kōchi","pop":335570,"rank":10,"scalerank":4,"minzoom":5.6,"capital":0,"nation":"jpn"},"geometry":{"type":"Point","coordinates":[133.538,33.562]}},{"type":"Feature","properties":{"name":"Salem","pop":335509,"rank":10,"scalerank":8,"minzoom":7,"capital":0,"nation":"usa"},"geometry":{"type":"Point","coordinates":[-70.883,42.522]}},{"type":"Feature","properties":{"name":"Bauru","pop":335024,"rank":10,"scalerank":6,"minzoom":6,"capital":0,"nation":"bra"},"geometry":{"type":"Point","coordinates":[-49.08,-22.33]}},{"type":"Feature","properties":{"name":"Nakhon Ratchasima","pop":334984,"rank":10,"scalerank":4,"minzoom":5.6,"capital":0,"nation":"tha"},"geometry":{"type":"Point","coordinates":[102.1,15]}},{"type":"Feature","properties":{"name":"Orel","pop":334552,"rank":10,"scalerank":6,"minzoom":6,"capital":0,"nation":"rus"},"geometry":{"type":"Point","coordinates":[36.07,52.97]}},{"type":"Feature","properties":{"name":"Takamatsu","pop":334223,"rank":10,"scalerank":8,"minzoom":7,"capital":0,"nation":"jpn"},"geometry":{"type":"Point","coordinates":[134.045,34.345]}},{"type":"Feature","properties":{"name":"Sanford","pop":333460,"rank":10,"scalerank":8,"minzoom":7,"capital":0,"nation":"usa"},"geometry":{"type":"Point","coordinates":[-81.28,28.79]}},{"type":"Feature","properties":{"name":"Muzaffarpur","pop":333200,"rank":10,"scalerank":7,"minzoom":6.7,"capital":0,"nation":"ind"},"geometry":{"type":"Point","coordinates":[85.38,26.12]}},{"type":"Feature","properties":{"name":"Beni","pop":332903,"rank":10,"scalerank":7,"minzoom":6.7,"capital":0,"nation":"cod"},"geometry":{"type":"Point","coordinates":[29.45,0.49]}},{"type":"Feature","properties":{"name":"Toyama","pop":332812,"rank":10,"scalerank":8,"minzoom":7,"capital":0,"nation":"jpn"},"geometry":{"type":"Point","coordinates":[137.23,36.7]}},{"type":"Feature","properties":{"name":"Lu'nan","pop":332793,"rank":10,"scalerank":8,"minzoom":7,"capital":0,"nation":"chn"},"geometry":{"type":"Point","coordinates":[117.777,39.232]}},{"type":"Feature","properties":{"name":"Wad Madani","pop":332714,"rank":10,"scalerank":6,"minzoom":6,"capital":0,"nation":"sdn"},"geometry":{"type":"Point","coordinates":[33.52,14.4]}},{"type":"Feature","properties":{"name":"Montes Claros","pop":332379,"rank":10,"scalerank":4,"minzoom":5.6,"capital":0,"nation":"bra"},"geometry":{"type":"Point","coordinates":[-43.86,-16.72]}},{"type":"Feature","properties":{"name":"Bielefeld","pop":331906,"rank":10,"scalerank":8,"minzoom":7,"capital":0,"nation":"deu"},"geometry":{"type":"Point","coordinates":[8.53,52.03]}},{"type":"Feature","properties":{"name":"Bujumbura","pop":331700,"rank":10,"scalerank":4,"minzoom":5.6,"capital":1,"nation":"bdi"},"geometry":{"type":"Point","coordinates":[29.36,-3.376]}},{"type":"Feature","properties":{"name":"Heyuan","pop":330961,"rank":10,"scalerank":7,"minzoom":6.1,"capital":0,"nation":"chn"},"geometry":{"type":"Point","coordinates":[114.68,23.73]}},{"type":"Feature","properties":{"name":"Mathura","pop":330511,"rank":10,"scalerank":8,"minzoom":7,"capital":0,"nation":"ind"},"geometry":{"type":"Point","coordinates":[77.67,27.5]}},{"type":"Feature","properties":{"name":"Mymensingh","pop":330126,"rank":10,"scalerank":7,"minzoom":6.7,"capital":0,"nation":"bgd"},"geometry":{"type":"Point","coordinates":[90.38,24.75]}},{"type":"Feature","properties":{"name":"Baishan","pop":330000,"rank":10,"scalerank":8,"minzoom":7,"capital":0,"nation":"chn"},"geometry":{"type":"Point","coordinates":[126.43,41.9]}},{"type":"Feature","properties":{"name":"Patiala","pop":329224,"rank":10,"scalerank":7,"minzoom":6.7,"capital":0,"nation":"ind"},"geometry":{"type":"Point","coordinates":[76.385,30.32]}},{"type":"Feature","properties":{"name":"Wonsan","pop":329207,"rank":10,"scalerank":4,"minzoom":5.6,"capital":0,"nation":"prk"},"geometry":{"type":"Point","coordinates":[127.431,39.16]}},{"type":"Feature","properties":{"name":"Pavlodar","pop":329002,"rank":10,"scalerank":4,"minzoom":5.6,"capital":0,"nation":"kaz"},"geometry":{"type":"Point","coordinates":[76.95,52.3]}},{"type":"Feature","properties":{"name":"Reno","pop":328585,"rank":10,"scalerank":4,"minzoom":5.1,"capital":0,"nation":"usa"},"geometry":{"type":"Point","coordinates":[-119.82,39.53]}},{"type":"Feature","properties":{"name":"Maringá","pop":328335,"rank":10,"scalerank":7,"minzoom":6.7,"capital":0,"nation":"bra"},"geometry":{"type":"Point","coordinates":[-51.93,-23.41]}},{"type":"Feature","properties":{"name":"Sagar","pop":328240,"rank":10,"scalerank":7,"minzoom":6.1,"capital":0,"nation":"ind"},"geometry":{"type":"Point","coordinates":[78.75,23.85]}},{"type":"Feature","properties":{"name":"Canberra","pop":327700,"rank":10,"scalerank":3,"minzoom":4,"capital":1,"nation":"aus"},"geometry":{"type":"Point","coordinates":[149.129,-35.283]}},{"type":"Feature","properties":{"name":"Sotchi","pop":327608,"rank":10,"scalerank":4,"minzoom":5.1,"capital":0,"nation":"rus"},"geometry":{"type":"Point","coordinates":[39.73,43.59]}},{"type":"Feature","properties":{"name":"Madison","pop":327447,"rank":10,"scalerank":6,"minzoom":6,"capital":0,"nation":"usa"},"geometry":{"type":"Point","coordinates":[-89.401,43.073]}},{"type":"Feature","properties":{"name":"Montpellier","pop":327254,"rank":10,"scalerank":7,"minzoom":6.1,"capital":0,"nation":"fra"},"geometry":{"type":"Point","coordinates":[3.87,43.61]}},{"type":"Feature","properties":{"name":"Itajaí","pop":327126,"rank":10,"scalerank":7,"minzoom":6.7,"capital":0,"nation":"bra"},"geometry":{"type":"Point","coordinates":[-48.68,-26.9]}},{"type":"Feature","properties":{"name":"Sousse","pop":327004,"rank":10,"scalerank":4,"minzoom":5.6,"capital":0,"nation":"tun"},"geometry":{"type":"Point","coordinates":[10.625,35.83]}},{"type":"Feature","properties":{"name":"Iași","pop":325914,"rank":10,"scalerank":4,"minzoom":5.6,"capital":0,"nation":"rou"},"geometry":{"type":"Point","coordinates":[27.575,47.168]}},{"type":"Feature","properties":{"name":"Berhampore","pop":324726,"rank":10,"scalerank":6,"minzoom":6,"capital":0,"nation":"ind"},"geometry":{"type":"Point","coordinates":[84.8,19.32]}},{"type":"Feature","properties":{"name":"Birjand","pop":324703,"rank":10,"scalerank":6,"minzoom":6,"capital":0,"nation":"irn"},"geometry":{"type":"Point","coordinates":[59.22,32.88]}},{"type":"Feature","properties":{"name":"Iochkar-Ola","pop":324406,"rank":10,"scalerank":7,"minzoom":6.7,"capital":0,"nation":"rus"},"geometry":{"type":"Point","coordinates":[47.875,56.635]}},{"type":"Feature","properties":{"name":"Miyazaki","pop":324384,"rank":10,"scalerank":4,"minzoom":5.6,"capital":0,"nation":"jpn"},"geometry":{"type":"Point","coordinates":[131.418,31.918]}},{"type":"Feature","properties":{"name":"Modesto","pop":323386,"rank":10,"scalerank":7,"minzoom":6.1,"capital":0,"nation":"usa"},"geometry":{"type":"Point","coordinates":[-120.99,37.655]}},{"type":"Feature","properties":{"name":"Voljski","pop":323293,"rank":10,"scalerank":7,"minzoom":6.7,"capital":0,"nation":"rus"},"geometry":{"type":"Point","coordinates":[44.774,48.795]}},{"type":"Feature","properties":{"name":"Chenzhou","pop":322997,"rank":10,"scalerank":7,"minzoom":6.7,"capital":0,"nation":"chn"},"geometry":{"type":"Point","coordinates":[113.03,25.8]}},{"type":"Feature","properties":{"name":"Valladolid","pop":322304,"rank":10,"scalerank":6,"minzoom":6,"capital":0,"nation":"esp"},"geometry":{"type":"Point","coordinates":[-4.75,41.65]}},{"type":"Feature","properties":{"name":"Kut","pop":321521,"rank":10,"scalerank":7,"minzoom":6.1,"capital":0,"nation":"irq"},"geometry":{"type":"Point","coordinates":[45.83,32.491]}},{"type":"Feature","properties":{"name":"Cordoue","pop":321376,"rank":10,"scalerank":4,"minzoom":5.6,"capital":0,"nation":"esp"},"geometry":{"type":"Point","coordinates":[-4.77,37.88]}},{"type":"Feature","properties":{"name":"Smolensk","pop":320991,"rank":10,"scalerank":4,"minzoom":5.1,"capital":0,"nation":"rus"},"geometry":{"type":"Point","coordinates":[32.047,54.783]}},{"type":"Feature","properties":{"name":"Ciudad del Este","pop":320872,"rank":10,"scalerank":4,"minzoom":5.6,"capital":0,"nation":"pry"},"geometry":{"type":"Point","coordinates":[-54.616,-25.517]}},{"type":"Feature","properties":{"name":"Pelotas","pop":320674,"rank":10,"scalerank":4,"minzoom":5.6,"capital":0,"nation":"bra"},"geometry":{"type":"Point","coordinates":[-52.33,-31.75]}},{"type":"Feature","properties":{"name":"Podolsk","pop":320635,"rank":10,"scalerank":7,"minzoom":6.7,"capital":0,"nation":"rus"},"geometry":{"type":"Point","coordinates":[37.53,55.38]}},{"type":"Feature","properties":{"name":"Kherson","pop":320477,"rank":10,"scalerank":7,"minzoom":6.1,"capital":0,"nation":"ukr"},"geometry":{"type":"Point","coordinates":[32.601,46.633]}},{"type":"Feature","properties":{"name":"Shahjahanpur","pop":320434,"rank":10,"scalerank":7,"minzoom":6.1,"capital":0,"nation":"ind"},"geometry":{"type":"Point","coordinates":[79.905,27.88]}},{"type":"Feature","properties":{"name":"Itu","pop":320170,"rank":10,"scalerank":8,"minzoom":7,"capital":0,"nation":"bra"},"geometry":{"type":"Point","coordinates":[-47.3,-23.26]}},{"type":"Feature","properties":{"name":"Legazpi","pop":320081,"rank":10,"scalerank":6,"minzoom":6,"capital":0,"nation":"phl"},"geometry":{"type":"Point","coordinates":[123.75,13.17]}},{"type":"Feature","properties":{"name":"Akita","pop":320069,"rank":10,"scalerank":6,"minzoom":6,"capital":0,"nation":"jpn"},"geometry":{"type":"Point","coordinates":[140.09,39.71]}},{"type":"Feature","properties":{"name":"Maroua","pop":319941,"rank":10,"scalerank":3,"minzoom":5,"capital":0,"nation":"cmr"},"geometry":{"type":"Point","coordinates":[14.325,10.596]}},{"type":"Feature","properties":{"name":"Anápolis","pop":319587,"rank":10,"scalerank":7,"minzoom":6.7,"capital":0,"nation":"bra"},"geometry":{"type":"Point","coordinates":[-48.96,-16.32]}},{"type":"Feature","properties":{"name":"Pachuca","pop":319581,"rank":10,"scalerank":7,"minzoom":6.1,"capital":0,"nation":"mex"},"geometry":{"type":"Point","coordinates":[-98.736,20.106]}},{"type":"Feature","properties":{"name":"Boukhara","pop":319476,"rank":10,"scalerank":4,"minzoom":5.1,"capital":0,"nation":"uzb"},"geometry":{"type":"Point","coordinates":[64.43,39.78]}},{"type":"Feature","properties":{"name":"Mourmansk","pop":319263,"rank":10,"scalerank":3,"minzoom":3.7,"capital":0,"nation":"rus"},"geometry":{"type":"Point","coordinates":[33.1,68.97]}},{"type":"Feature","properties":{"name":"Windsor","pop":319246,"rank":10,"scalerank":6,"minzoom":6,"capital":0,"nation":"can"},"geometry":{"type":"Point","coordinates":[-83.037,42.315]}},{"type":"Feature","properties":{"name":"Holguín","pop":319102,"rank":10,"scalerank":6,"minzoom":6,"capital":0,"nation":"cub"},"geometry":{"type":"Point","coordinates":[-76.263,20.887]}},{"type":"Feature","properties":{"name":"Öskemen","pop":319067,"rank":10,"scalerank":4,"minzoom":5.6,"capital":0,"nation":"kaz"},"geometry":{"type":"Point","coordinates":[82.615,49.99]}},{"type":"Feature","properties":{"name":"Tepic","pop":318781,"rank":10,"scalerank":7,"minzoom":6.7,"capital":0,"nation":"mex"},"geometry":{"type":"Point","coordinates":[-104.88,21.505]}},{"type":"Feature","properties":{"name":"Vladimir","pop":318648,"rank":10,"scalerank":6,"minzoom":6,"capital":0,"nation":"rus"},"geometry":{"type":"Point","coordinates":[40.41,56.13]}},{"type":"Feature","properties":{"name":"Hat Yai","pop":317954,"rank":10,"scalerank":6,"minzoom":6,"capital":0,"nation":"tha"},"geometry":{"type":"Point","coordinates":[100.471,6.996]}},{"type":"Feature","properties":{"name":"Poltava","pop":317847,"rank":10,"scalerank":7,"minzoom":6.1,"capital":0,"nation":"ukr"},"geometry":{"type":"Point","coordinates":[34.57,49.574]}},{"type":"Feature","properties":{"name":"New Delhi","pop":317797,"rank":10,"scalerank":1,"minzoom":2.1,"capital":1,"nation":"ind"},"geometry":{"type":"Point","coordinates":[77.2,28.6]}},{"type":"Feature","properties":{"name":"Cumaná","pop":317603,"rank":10,"scalerank":6,"minzoom":6,"capital":0,"nation":"ven"},"geometry":{"type":"Point","coordinates":[-64.18,10.45]}},{"type":"Feature","properties":{"name":"Hrodna","pop":317365,"rank":10,"scalerank":7,"minzoom":6.1,"capital":0,"nation":"blr"},"geometry":{"type":"Point","coordinates":[23.834,53.678]}},{"type":"Feature","properties":{"name":"Rohtak","pop":317245,"rank":10,"scalerank":8,"minzoom":7,"capital":0,"nation":"ind"},"geometry":{"type":"Point","coordinates":[76.58,28.9]}},{"type":"Feature","properties":{"name":"Médinet el-Fayoum","pop":316772,"rank":10,"scalerank":4,"minzoom":5.6,"capital":0,"nation":"egy"},"geometry":{"type":"Point","coordinates":[30.84,29.31]}},{"type":"Feature","properties":{"name":"Cluj-Napoca","pop":316748,"rank":10,"scalerank":6,"minzoom":6,"capital":0,"nation":"rou"},"geometry":{"type":"Point","coordinates":[23.598,46.788]}},{"type":"Feature","properties":{"name":"Bauchi","pop":316149,"rank":10,"scalerank":7,"minzoom":6.7,"capital":0,"nation":"nga"},"geometry":{"type":"Point","coordinates":[9.84,10.31]}},{"type":"Feature","properties":{"name":"Alicante","pop":315863,"rank":10,"scalerank":7,"minzoom":6.7,"capital":0,"nation":"esp"},"geometry":{"type":"Point","coordinates":[-0.484,38.351]}},{"type":"Feature","properties":{"name":"Dezfoul","pop":315482,"rank":10,"scalerank":7,"minzoom":6.1,"capital":0,"nation":"irn"},"geometry":{"type":"Point","coordinates":[48.47,32.38]}},{"type":"Feature","properties":{"name":"Maiquetía","pop":315442,"rank":10,"scalerank":7,"minzoom":6.7,"capital":0,"nation":"ven"},"geometry":{"type":"Point","coordinates":[-66.97,10.6]}},{"type":"Feature","properties":{"name":"Armenia","pop":315328,"rank":10,"scalerank":7,"minzoom":6.7,"capital":0,"nation":"col"},"geometry":{"type":"Point","coordinates":[-75.681,4.534]}},{"type":"Feature","properties":{"name":"Timișoara","pop":315053,"rank":10,"scalerank":7,"minzoom":6.7,"capital":0,"nation":"rou"},"geometry":{"type":"Point","coordinates":[21.223,45.759]}},{"type":"Feature","properties":{"name":"Ljubljana","pop":314807,"rank":10,"scalerank":4,"minzoom":5.6,"capital":1,"nation":"svn"},"geometry":{"type":"Point","coordinates":[14.515,46.055]}},{"type":"Feature","properties":{"name":"Pescara","pop":314789,"rank":10,"scalerank":7,"minzoom":6.1,"capital":0,"nation":"ita"},"geometry":{"type":"Point","coordinates":[14.219,42.455]}},{"type":"Feature","properties":{"name":"Gdynia","pop":314664,"rank":10,"scalerank":7,"minzoom":6.7,"capital":0,"nation":"pol"},"geometry":{"type":"Point","coordinates":[18.53,54.52]}},{"type":"Feature","properties":{"name":"Ángeles","pop":314493,"rank":10,"scalerank":6,"minzoom":6,"capital":0,"nation":"phl"},"geometry":{"type":"Point","coordinates":[120.545,15.145]}},{"type":"Feature","properties":{"name":"Jiaocheng","pop":314077,"rank":10,"scalerank":7,"minzoom":6.7,"capital":0,"nation":"chn"},"geometry":{"type":"Point","coordinates":[119.53,26.68]}},{"type":"Feature","properties":{"name":"Assouan","pop":313442,"rank":10,"scalerank":4,"minzoom":5.6,"capital":0,"nation":"egy"},"geometry":{"type":"Point","coordinates":[32.899,24.088]}},{"type":"Feature","properties":{"name":"Varna","pop":312770,"rank":10,"scalerank":7,"minzoom":6.1,"capital":0,"nation":"bgr"},"geometry":{"type":"Point","coordinates":[27.895,43.216]}},{"type":"Feature","properties":{"name":"Coblence","pop":312633,"rank":10,"scalerank":7,"minzoom":6.7,"capital":0,"nation":"deu"},"geometry":{"type":"Point","coordinates":[7.6,50.35]}},{"type":"Feature","properties":{"name":"Youngstown","pop":311990,"rank":10,"scalerank":6,"minzoom":6,"capital":0,"nation":"usa"},"geometry":{"type":"Point","coordinates":[-80.65,41.1]}},{"type":"Feature","properties":{"name":"Tcherepovets","pop":311850,"rank":10,"scalerank":7,"minzoom":6.1,"capital":0,"nation":"rus"},"geometry":{"type":"Point","coordinates":[37.91,59.14]}},{"type":"Feature","properties":{"name":"Qurghonteppa","pop":311574,"rank":10,"scalerank":8,"minzoom":7,"capital":0,"nation":"tjk"},"geometry":{"type":"Point","coordinates":[68.771,37.837]}},{"type":"Feature","properties":{"name":"Semeï","pop":311353,"rank":10,"scalerank":4,"minzoom":5.6,"capital":0,"nation":"kaz"},"geometry":{"type":"Point","coordinates":[80.275,50.435]}},{"type":"Feature","properties":{"name":"Galați","pop":311156,"rank":10,"scalerank":8,"minzoom":6,"capital":0,"nation":"rou"},"geometry":{"type":"Point","coordinates":[28.046,45.456]}},{"type":"Feature","properties":{"name":"Brașov","pop":311044,"rank":10,"scalerank":7,"minzoom":6.1,"capital":0,"nation":"rou"},"geometry":{"type":"Point","coordinates":[25.607,45.648]}},{"type":"Feature","properties":{"name":"Sambalpur","pop":310852,"rank":10,"scalerank":7,"minzoom":6.7,"capital":0,"nation":"ind"},"geometry":{"type":"Point","coordinates":[83.97,21.47]}},{"type":"Feature","properties":{"name":"Pucallpa","pop":310750,"rank":10,"scalerank":4,"minzoom":5.1,"capital":0,"nation":"per"},"geometry":{"type":"Point","coordinates":[-74.535,-8.369]}},{"type":"Feature","properties":{"name":"Antofagasta","pop":309832,"rank":10,"scalerank":3,"minzoom":4,"capital":0,"nation":"chl"},"geometry":{"type":"Point","coordinates":[-70.4,-23.65]}},{"type":"Feature","properties":{"name":"Durham","pop":309495,"rank":10,"scalerank":8,"minzoom":7,"capital":0,"nation":"usa"},"geometry":{"type":"Point","coordinates":[-78.92,36]}},{"type":"Feature","properties":{"name":"Sapele","pop":309162,"rank":10,"scalerank":7,"minzoom":6.7,"capital":0,"nation":"nga"},"geometry":{"type":"Point","coordinates":[5.68,5.89]}},{"type":"Feature","properties":{"name":"Deir ez-Zor","pop":309141,"rank":10,"scalerank":7,"minzoom":6.7,"capital":0,"nation":"syr"},"geometry":{"type":"Point","coordinates":[40.13,35.33]}},{"type":"Feature","properties":{"name":"Tchita","pop":308500,"rank":10,"scalerank":3,"minzoom":5,"capital":0,"nation":"rus"},"geometry":{"type":"Point","coordinates":[113.465,52.055]}},{"type":"Feature","properties":{"name":"Valledupar","pop":308237,"rank":10,"scalerank":8,"minzoom":7,"capital":0,"nation":"col"},"geometry":{"type":"Point","coordinates":[-73.25,10.48]}},{"type":"Feature","properties":{"name":"Vitória da Conquista","pop":308204,"rank":10,"scalerank":4,"minzoom":5.6,"capital":0,"nation":"bra"},"geometry":{"type":"Point","coordinates":[-40.84,-14.85]}},{"type":"Feature","properties":{"name":"Antsirabe","pop":307921,"rank":10,"scalerank":6,"minzoom":6,"capital":0,"nation":"mdg"},"geometry":{"type":"Point","coordinates":[47.033,-19.85]}},{"type":"Feature","properties":{"name":"Naltchik","pop":307866,"rank":10,"scalerank":4,"minzoom":5.6,"capital":0,"nation":"rus"},"geometry":{"type":"Point","coordinates":[43.618,43.498]}},{"type":"Feature","properties":{"name":"Tchernihiv","pop":307684,"rank":10,"scalerank":8,"minzoom":7,"capital":0,"nation":"ukr"},"geometry":{"type":"Point","coordinates":[31.302,51.505]}},{"type":"Feature","properties":{"name":"Ratlam","pop":307229,"rank":10,"scalerank":7,"minzoom":6.7,"capital":0,"nation":"ind"},"geometry":{"type":"Point","coordinates":[75.03,23.35]}},{"type":"Feature","properties":{"name":"Ksar El Kébir","pop":306600,"rank":10,"scalerank":7,"minzoom":6.7,"capital":0,"nation":"mar"},"geometry":{"type":"Point","coordinates":[-5.91,35.02]}},{"type":"Feature","properties":{"name":"Tawau","pop":306462,"rank":10,"scalerank":6,"minzoom":6,"capital":0,"nation":"mys"},"geometry":{"type":"Point","coordinates":[117.896,4.271]}},{"type":"Feature","properties":{"name":"Firozabad","pop":306409,"rank":10,"scalerank":8,"minzoom":7,"capital":0,"nation":"ind"},"geometry":{"type":"Point","coordinates":[78.395,27.15]}},{"type":"Feature","properties":{"name":"Porto Velho","pop":306180,"rank":10,"scalerank":4,"minzoom":5.1,"capital":0,"nation":"bra"},"geometry":{"type":"Point","coordinates":[-63.9,-8.75]}},{"type":"Feature","properties":{"name":"San Salvador de Jujuy","pop":305891,"rank":10,"scalerank":6,"minzoom":6,"capital":0,"nation":"arg"},"geometry":{"type":"Point","coordinates":[-65.3,-24.183]}},{"type":"Feature","properties":{"name":"Franca","pop":305041,"rank":10,"scalerank":6,"minzoom":6,"capital":0,"nation":"bra"},"geometry":{"type":"Point","coordinates":[-47.39,-20.53]}},{"type":"Feature","properties":{"name":"Rajahmundry","pop":304804,"rank":10,"scalerank":7,"minzoom":6.7,"capital":0,"nation":"ind"},"geometry":{"type":"Point","coordinates":[81.79,17.03]}},{"type":"Feature","properties":{"name":"Olongapo","pop":304388,"rank":10,"scalerank":7,"minzoom":6.7,"capital":0,"nation":"phl"},"geometry":{"type":"Point","coordinates":[120.283,14.83]}},{"type":"Feature","properties":{"name":"Craiova","pop":304142,"rank":10,"scalerank":7,"minzoom":6.1,"capital":0,"nation":"rou"},"geometry":{"type":"Point","coordinates":[23.826,44.326]}},{"type":"Feature","properties":{"name":"Kôm Ombo","pop":303962,"rank":10,"scalerank":6,"minzoom":6,"capital":0,"nation":"egy"},"geometry":{"type":"Point","coordinates":[32.95,24.47]}},{"type":"Feature","properties":{"name":"Los Teques","pop":303470,"rank":10,"scalerank":8,"minzoom":7,"capital":0,"nation":"ven"},"geometry":{"type":"Point","coordinates":[-67.02,10.42]}},{"type":"Feature","properties":{"name":"Constanța","pop":303399,"rank":10,"scalerank":4,"minzoom":5.6,"capital":0,"nation":"rou"},"geometry":{"type":"Point","coordinates":[28.61,44.203]}},{"type":"Feature","properties":{"name":"Saransk","pop":303394,"rank":10,"scalerank":7,"minzoom":6.1,"capital":0,"nation":"rus"},"geometry":{"type":"Point","coordinates":[45.18,54.17]}},{"type":"Feature","properties":{"name":"Mengzi","pop":303341,"rank":10,"scalerank":8,"minzoom":7,"capital":0,"nation":"chn"},"geometry":{"type":"Point","coordinates":[103.406,23.362]}},{"type":"Feature","properties":{"name":"Gandja","pop":303268,"rank":10,"scalerank":8,"minzoom":6,"capital":0,"nation":"aze"},"geometry":{"type":"Point","coordinates":[46.35,40.685]}},{"type":"Feature","properties":{"name":"Hakodate","pop":302984,"rank":10,"scalerank":4,"minzoom":5.6,"capital":0,"nation":"jpn"},"geometry":{"type":"Point","coordinates":[140.74,41.795]}},{"type":"Feature","properties":{"name":"Chemnitz","pop":302643,"rank":10,"scalerank":8,"minzoom":7,"capital":0,"nation":"deu"},"geometry":{"type":"Point","coordinates":[12.92,50.83]}},{"type":"Feature","properties":{"name":"Kingston-upon-Hull","pop":302296,"rank":10,"scalerank":7,"minzoom":6.1,"capital":0,"nation":"gbr"},"geometry":{"type":"Point","coordinates":[-0.33,53.75]}},{"type":"Feature","properties":{"name":"Batman","pop":302074,"rank":10,"scalerank":7,"minzoom":6.7,"capital":0,"nation":"tur"},"geometry":{"type":"Point","coordinates":[41.14,37.89]}},{"type":"Feature","properties":{"name":"Qena","pop":302027,"rank":10,"scalerank":7,"minzoom":6.7,"capital":0,"nation":"egy"},"geometry":{"type":"Point","coordinates":[32.72,26.15]}},{"type":"Feature","properties":{"name":"Bardhaman","pop":301725,"rank":10,"scalerank":6,"minzoom":6,"capital":0,"nation":"ind"},"geometry":{"type":"Point","coordinates":[87.865,23.25]}},{"type":"Feature","properties":{"name":"Jinja","pop":301619,"rank":10,"scalerank":7,"minzoom":6.7,"capital":0,"nation":"uga"},"geometry":{"type":"Point","coordinates":[33.2,0.44]}},{"type":"Feature","properties":{"name":"Gujrat","pop":301506,"rank":10,"scalerank":8,"minzoom":7,"capital":0,"nation":"pak"},"geometry":{"type":"Point","coordinates":[74.08,32.58]}},{"type":"Feature","properties":{"name":"Tambov","pop":301482,"rank":10,"scalerank":6,"minzoom":6,"capital":0,"nation":"rus"},"geometry":{"type":"Point","coordinates":[41.43,52.73]}},{"type":"Feature","properties":{"name":"Brest","pop":300715,"rank":10,"scalerank":4,"minzoom":5.1,"capital":0,"nation":"blr"},"geometry":{"type":"Point","coordinates":[23.7,52.1]}},{"type":"Feature","properties":{"name":"Mardan","pop":300424,"rank":10,"scalerank":8,"minzoom":7,"capital":0,"nation":"pak"},"geometry":{"type":"Point","coordinates":[72.04,34.2]}},{"type":"Feature","properties":{"name":"Bîdâr","pop":300136,"rank":10,"scalerank":7,"minzoom":6.7,"capital":0,"nation":"ind"},"geometry":{"type":"Point","coordinates":[77.518,17.923]}},{"type":"Feature","properties":{"name":"Porto-Novo","pop":300000,"rank":10,"scalerank":4,"minzoom":5.6,"capital":0,"nation":"ben"},"geometry":{"type":"Point","coordinates":[2.617,6.483]}},{"type":"Feature","properties":{"name":"Kyzylorda","pop":300000,"rank":10,"scalerank":4,"minzoom":5.6,"capital":0,"nation":"kaz"},"geometry":{"type":"Point","coordinates":[65.465,44.8]}},{"type":"Feature","properties":{"name":"Rạch Giá","pop":300000,"rank":10,"scalerank":7,"minzoom":6.7,"capital":0,"nation":"vnm"},"geometry":{"type":"Point","coordinates":[105.091,10.015]}},{"type":"Feature","properties":{"name":"Sóc Trăng","pop":300000,"rank":10,"scalerank":7,"minzoom":8,"capital":0,"nation":"vnm"},"geometry":{"type":"Point","coordinates":[105.98,9.604]}},{"type":"Feature","properties":{"name":"Curepipe","pop":299975,"rank":10,"scalerank":7,"minzoom":6.7,"capital":0,"nation":"mus"},"geometry":{"type":"Point","coordinates":[57.517,-20.316]}},{"type":"Feature","properties":{"name":"Fort Wayne","pop":299871,"rank":10,"scalerank":7,"minzoom":6.1,"capital":0,"nation":"usa"},"geometry":{"type":"Point","coordinates":[-85.13,41.08]}},{"type":"Feature","properties":{"name":"Kanggye","pop":299514,"rank":10,"scalerank":7,"minzoom":6.1,"capital":0,"nation":"prk"},"geometry":{"type":"Point","coordinates":[126.603,40.973]}},{"type":"Feature","properties":{"name":"Bakouba","pop":299479,"rank":10,"scalerank":7,"minzoom":6.1,"capital":0,"nation":"irq"},"geometry":{"type":"Point","coordinates":[44.657,33.748]}},{"type":"Feature","properties":{"name":"Damiette","pop":299459,"rank":10,"scalerank":7,"minzoom":6.7,"capital":0,"nation":"egy"},"geometry":{"type":"Point","coordinates":[31.82,31.42]}},{"type":"Feature","properties":{"name":"kabupaten de Jember","pop":298585,"rank":10,"scalerank":6,"minzoom":6,"capital":0,"nation":"idn"},"geometry":{"type":"Point","coordinates":[113.687,-8.173]}},{"type":"Feature","properties":{"name":"Al Mubarraz","pop":298562,"rank":10,"scalerank":8,"minzoom":7,"capital":0,"nation":"sau"},"geometry":{"type":"Point","coordinates":[49.566,25.429]}},{"type":"Feature","properties":{"name":"Al Khardj","pop":298428,"rank":10,"scalerank":7,"minzoom":6.1,"capital":0,"nation":"sau"},"geometry":{"type":"Point","coordinates":[47.312,24.156]}},{"type":"Feature","properties":{"name":"Aomori","pop":298394,"rank":10,"scalerank":6,"minzoom":6,"capital":0,"nation":"jpn"},"geometry":{"type":"Point","coordinates":[140.71,40.825]}},{"type":"Feature","properties":{"name":"Tchernivtsi","pop":298251,"rank":10,"scalerank":7,"minzoom":6.1,"capital":0,"nation":"ukr"},"geometry":{"type":"Point","coordinates":[25.922,48.305]}},{"type":"Feature","properties":{"name":"Alexandrette","pop":297943,"rank":10,"scalerank":7,"minzoom":6.7,"capital":0,"nation":"tur"},"geometry":{"type":"Point","coordinates":[36.17,36.58]}},{"type":"Feature","properties":{"name":"Tcherkassy","pop":297568,"rank":10,"scalerank":7,"minzoom":6.7,"capital":0,"nation":"ukr"},"geometry":{"type":"Point","coordinates":[32.071,49.435]}},{"type":"Feature","properties":{"name":"Riverside","pop":297554,"rank":10,"scalerank":8,"minzoom":7,"capital":0,"nation":"usa"},"geometry":{"type":"Point","coordinates":[-117.398,33.942]}},{"type":"Feature","properties":{"name":"Bandar Seri Begawan","pop":296500,"rank":10,"scalerank":3,"minzoom":5,"capital":1,"nation":"brn"},"geometry":{"type":"Point","coordinates":[114.933,4.883]}},{"type":"Feature","properties":{"name":"Rampur","pop":296418,"rank":10,"scalerank":7,"minzoom":6.7,"capital":0,"nation":"ind"},"geometry":{"type":"Point","coordinates":[79.025,28.815]}},{"type":"Feature","properties":{"name":"Flint","pop":295212,"rank":10,"scalerank":7,"minzoom":6.1,"capital":0,"nation":"usa"},"geometry":{"type":"Point","coordinates":[-83.688,43.013]}},{"type":"Feature","properties":{"name":"Morioka","pop":295172,"rank":10,"scalerank":6,"minzoom":6,"capital":0,"nation":"jpn"},"geometry":{"type":"Point","coordinates":[141.13,39.72]}},{"type":"Feature","properties":{"name":"Ramadi","pop":295121,"rank":10,"scalerank":8,"minzoom":7,"capital":0,"nation":"irq"},"geometry":{"type":"Point","coordinates":[43.3,33.42]}},{"type":"Feature","properties":{"name":"Port-d'Espagne","pop":294934,"rank":10,"scalerank":4,"minzoom":5.1,"capital":1,"nation":"tto"},"geometry":{"type":"Point","coordinates":[-61.517,10.652]}},{"type":"Feature","properties":{"name":"Vologda","pop":294889,"rank":10,"scalerank":4,"minzoom":5.1,"capital":0,"nation":"rus"},"geometry":{"type":"Point","coordinates":[39.92,59.21]}},{"type":"Feature","properties":{"name":"Soumy","pop":294456,"rank":10,"scalerank":6,"minzoom":6,"capital":0,"nation":"ukr"},"geometry":{"type":"Point","coordinates":[34.781,50.924]}},{"type":"Feature","properties":{"name":"Swansea","pop":294339,"rank":10,"scalerank":8,"minzoom":6.1,"capital":0,"nation":"gbr"},"geometry":{"type":"Point","coordinates":[-3.95,51.63]}},{"type":"Feature","properties":{"name":"Fukushima","pop":294237,"rank":10,"scalerank":6,"minzoom":6,"capital":0,"nation":"jpn"},"geometry":{"type":"Point","coordinates":[140.47,37.74]}},{"type":"Feature","properties":{"name":"Blumenau","pop":293949,"rank":10,"scalerank":8,"minzoom":7,"capital":0,"nation":"bra"},"geometry":{"type":"Point","coordinates":[-49.09,-26.92]}},{"type":"Feature","properties":{"name":"Thiès","pop":293001,"rank":10,"scalerank":7,"minzoom":6.7,"capital":0,"nation":"sen"},"geometry":{"type":"Point","coordinates":[-16.93,14.81]}},{"type":"Feature","properties":{"name":"Kakinada","pop":292923,"rank":10,"scalerank":6,"minzoom":6,"capital":0,"nation":"ind"},"geometry":{"type":"Point","coordinates":[82.238,16.967]}},{"type":"Feature","properties":{"name":"Pânipat","pop":292808,"rank":10,"scalerank":7,"minzoom":6.7,"capital":0,"nation":"ind"},"geometry":{"type":"Point","coordinates":[76.97,29.4]}},{"type":"Feature","properties":{"name":"Makurdi","pop":292645,"rank":10,"scalerank":4,"minzoom":5.6,"capital":0,"nation":"nga"},"geometry":{"type":"Point","coordinates":[8.53,7.73]}},{"type":"Feature","properties":{"name":"Ponta Grossa","pop":292177,"rank":10,"scalerank":4,"minzoom":5.6,"capital":0,"nation":"bra"},"geometry":{"type":"Point","coordinates":[-50.16,-25.09]}},{"type":"Feature","properties":{"name":"Minna","pop":291905,"rank":10,"scalerank":6,"minzoom":6,"capital":0,"nation":"nga"},"geometry":{"type":"Point","coordinates":[6.55,9.62]}},{"type":"Feature","properties":{"name":"Białystok","pop":291855,"rank":10,"scalerank":7,"minzoom":6.1,"capital":0,"nation":"pol"},"geometry":{"type":"Point","coordinates":[23.182,53.132]}},{"type":"Feature","properties":{"name":"Mbeya","pop":291649,"rank":10,"scalerank":3,"minzoom":5,"capital":0,"nation":"tza"},"geometry":{"type":"Point","coordinates":[33.43,-8.89]}},{"type":"Feature","properties":{"name":"Cagliari","pop":291511,"rank":10,"scalerank":7,"minzoom":6.1,"capital":0,"nation":"ita"},"geometry":{"type":"Point","coordinates":[9.104,39.222]}},{"type":"Feature","properties":{"name":"Mayagüez","pop":291339,"rank":10,"scalerank":7,"minzoom":6.7,"capital":0,"nation":"usa"},"geometry":{"type":"Point","coordinates":[-67.14,18.202]}},{"type":"Feature","properties":{"name":"Khammam","pop":290839,"rank":10,"scalerank":7,"minzoom":6.7,"capital":0,"nation":"ind"},"geometry":{"type":"Point","coordinates":[80.16,17.28]}},{"type":"Feature","properties":{"name":"Bafoussam","pop":290768,"rank":10,"scalerank":7,"minzoom":6.7,"capital":0,"nation":"cmr"},"geometry":{"type":"Point","coordinates":[10.41,5.49]}},{"type":"Feature","properties":{"name":"Kasur","pop":290643,"rank":10,"scalerank":7,"minzoom":6.7,"capital":0,"nation":"pak"},"geometry":{"type":"Point","coordinates":[74.455,31.125]}},{"type":"Feature","properties":{"name":"Fularji","pop":289999,"rank":10,"scalerank":8,"minzoom":7,"capital":0,"nation":"chn"},"geometry":{"type":"Point","coordinates":[123.61,47.21]}},{"type":"Feature","properties":{"name":"Cassel","pop":289924,"rank":10,"scalerank":8,"minzoom":7,"capital":0,"nation":"deu"},"geometry":{"type":"Point","coordinates":[9.5,51.3]}},{"type":"Feature","properties":{"name":"Limeira","pop":289665,"rank":10,"scalerank":7,"minzoom":6.7,"capital":0,"nation":"bra"},"geometry":{"type":"Point","coordinates":[-47.402,-22.565]}},{"type":"Feature","properties":{"name":"Victoria","pop":289625,"rank":10,"scalerank":3,"minzoom":5,"capital":0,"nation":"can"},"geometry":{"type":"Point","coordinates":[-123.35,48.433]}},{"type":"Feature","properties":{"name":"Bhuj","pop":289429,"rank":10,"scalerank":7,"minzoom":6.1,"capital":0,"nation":"ind"},"geometry":{"type":"Point","coordinates":[69.674,23.234]}},{"type":"Feature","properties":{"name":"Huizhou","pop":289201,"rank":10,"scalerank":8,"minzoom":7,"capital":0,"nation":"chn"},"geometry":{"type":"Point","coordinates":[114.4,23.08]}},{"type":"Feature","properties":{"name":"Karimnagar","pop":288251,"rank":10,"scalerank":7,"minzoom":6.7,"capital":0,"nation":"ind"},"geometry":{"type":"Point","coordinates":[79.11,18.46]}},{"type":"Feature","properties":{"name":"Sinuiju","pop":288112,"rank":10,"scalerank":4,"minzoom":5.6,"capital":0,"nation":"prk"},"geometry":{"type":"Point","coordinates":[124.421,40.086]}},{"type":"Feature","properties":{"name":"Talcahuano","pop":288074,"rank":10,"scalerank":8,"minzoom":7,"capital":0,"nation":"chl"},"geometry":{"type":"Point","coordinates":[-73.117,-36.717]}},{"type":"Feature","properties":{"name":"Ciudad Obregón","pop":288002,"rank":10,"scalerank":7,"minzoom":6.1,"capital":0,"nation":"mex"},"geometry":{"type":"Point","coordinates":[-109.925,27.467]}},{"type":"Feature","properties":{"name":"Worcester","pop":287365,"rank":10,"scalerank":7,"minzoom":6.7,"capital":0,"nation":"usa"},"geometry":{"type":"Point","coordinates":[-71.8,42.27]}},{"type":"Feature","properties":{"name":"Coatzacoalcos","pop":287285,"rank":10,"scalerank":7,"minzoom":6.7,"capital":0,"nation":"mex"},"geometry":{"type":"Point","coordinates":[-94.42,18.12]}},{"type":"Feature","properties":{"name":"Tirupati","pop":287035,"rank":10,"scalerank":7,"minzoom":6.7,"capital":0,"nation":"ind"},"geometry":{"type":"Point","coordinates":[79.42,13.65]}},{"type":"Feature","properties":{"name":"Cuenca","pop":286878,"rank":10,"scalerank":4,"minzoom":5.6,"capital":0,"nation":"ecu"},"geometry":{"type":"Point","coordinates":[-79,-2.9]}},{"type":"Feature","properties":{"name":"Adapazarı","pop":286787,"rank":10,"scalerank":10,"minzoom":7,"capital":0,"nation":"tur"},"geometry":{"type":"Point","coordinates":[30.4,40.767]}},{"type":"Feature","properties":{"name":"Bartlett","pop":286423,"rank":10,"scalerank":8,"minzoom":7,"capital":0,"nation":"usa"},"geometry":{"type":"Point","coordinates":[-89.841,35.223]}},{"type":"Feature","properties":{"name":"Butembo","pop":286403,"rank":10,"scalerank":4,"minzoom":5.6,"capital":0,"nation":"cod"},"geometry":{"type":"Point","coordinates":[29.28,0.13]}},{"type":"Feature","properties":{"name":"Sékondi","pop":286248,"rank":10,"scalerank":6,"minzoom":6,"capital":0,"nation":"gha"},"geometry":{"type":"Point","coordinates":[-1.704,4.943]}},{"type":"Feature","properties":{"name":"Petrópolis","pop":286071,"rank":10,"scalerank":7,"minzoom":6.7,"capital":0,"nation":"bra"},"geometry":{"type":"Point","coordinates":[-43.2,-22.509]}},{"type":"Feature","properties":{"name":"Hospet","pop":286007,"rank":10,"scalerank":7,"minzoom":6.7,"capital":0,"nation":"ind"},"geometry":{"type":"Point","coordinates":[76.375,15.28]}},{"type":"Feature","properties":{"name":"Rangpur","pop":285564,"rank":10,"scalerank":6,"minzoom":6,"capital":0,"nation":"bgd"},"geometry":{"type":"Point","coordinates":[89.28,25.75]}},{"type":"Feature","properties":{"name":"Zagazig","pop":285097,"rank":10,"scalerank":10,"minzoom":8,"capital":0,"nation":"egy"},"geometry":{"type":"Point","coordinates":[31.517,30.583]}},{"type":"Feature","properties":{"name":"Mandya","pop":285034,"rank":10,"scalerank":7,"minzoom":6.7,"capital":0,"nation":"ind"},"geometry":{"type":"Point","coordinates":[76.92,12.57]}},{"type":"Feature","properties":{"name":"Pégou","pop":284318,"rank":10,"scalerank":6,"minzoom":6,"capital":0,"nation":"mmr"},"geometry":{"type":"Point","coordinates":[96.515,17.32]}},{"type":"Feature","properties":{"name":"Barinas","pop":284289,"rank":10,"scalerank":8,"minzoom":7,"capital":0,"nation":"ven"},"geometry":{"type":"Point","coordinates":[-70.25,8.6]}},{"type":"Feature","properties":{"name":"Port Moresby","pop":283733,"rank":10,"scalerank":3,"minzoom":4,"capital":1,"nation":"png"},"geometry":{"type":"Point","coordinates":[147.193,-9.465]}},{"type":"Feature","properties":{"name":"Iksan","pop":283501,"rank":10,"scalerank":8,"minzoom":7,"capital":0,"nation":"kor"},"geometry":{"type":"Point","coordinates":[126.945,35.941]}},{"type":"Feature","properties":{"name":"Alwar","pop":283228,"rank":10,"scalerank":7,"minzoom":6.7,"capital":0,"nation":"ind"},"geometry":{"type":"Point","coordinates":[76.605,27.545]}},{"type":"Feature","properties":{"name":"Cadiz","pop":283157,"rank":10,"scalerank":7,"minzoom":6.7,"capital":0,"nation":"phl"},"geometry":{"type":"Point","coordinates":[123.309,10.959]}},{"type":"Feature","properties":{"name":"Cadix","pop":283157,"rank":10,"scalerank":6,"minzoom":6,"capital":0,"nation":"esp"},"geometry":{"type":"Point","coordinates":[-6.286,36.525]}},{"type":"Feature","properties":{"name":"Aizawl","pop":283021,"rank":10,"scalerank":7,"minzoom":6.7,"capital":0,"nation":"ind"},"geometry":{"type":"Point","coordinates":[92.72,23.71]}},{"type":"Feature","properties":{"name":"Kupang","pop":282396,"rank":10,"scalerank":4,"minzoom":5.6,"capital":0,"nation":"idn"},"geometry":{"type":"Point","coordinates":[123.583,-10.179]}},{"type":"Feature","properties":{"name":"Tongchuan","pop":282258,"rank":10,"scalerank":6,"minzoom":6,"capital":0,"nation":"chn"},"geometry":{"type":"Point","coordinates":[109.03,35.08]}},{"type":"Feature","properties":{"name":"Jytomyr","pop":282192,"rank":10,"scalerank":4,"minzoom":5.6,"capital":0,"nation":"ukr"},"geometry":{"type":"Point","coordinates":[28.662,50.246]}},{"type":"Feature","properties":{"name":"Jining","pop":281716,"rank":10,"scalerank":6,"minzoom":6,"capital":0,"nation":"chn"},"geometry":{"type":"Point","coordinates":[113.08,41.03]}},{"type":"Feature","properties":{"name":"Winston-Salem","pop":281683,"rank":10,"scalerank":7,"minzoom":6.1,"capital":0,"nation":"usa"},"geometry":{"type":"Point","coordinates":[-80.26,36.105]}},{"type":"Feature","properties":{"name":"Bahía Blanca","pop":281536,"rank":10,"scalerank":3,"minzoom":5,"capital":0,"nation":"arg"},"geometry":{"type":"Point","coordinates":[-62.265,-38.74]}},{"type":"Feature","properties":{"name":"Cap-Haïtien","pop":281487,"rank":10,"scalerank":6,"minzoom":6,"capital":0,"nation":"hti"},"geometry":{"type":"Point","coordinates":[-72.213,19.759]}},{"type":"Feature","properties":{"name":"Ambato","pop":281425,"rank":10,"scalerank":7,"minzoom":6.7,"capital":0,"nation":"ecu"},"geometry":{"type":"Point","coordinates":[-78.62,-1.27]}},{"type":"Feature","properties":{"name":"Gorgan","pop":281023,"rank":10,"scalerank":7,"minzoom":6.1,"capital":0,"nation":"irn"},"geometry":{"type":"Point","coordinates":[54.48,36.83]}},{"type":"Feature","properties":{"name":"Batna","pop":280798,"rank":10,"scalerank":6,"minzoom":6,"capital":0,"nation":"dza"},"geometry":{"type":"Point","coordinates":[6.17,35.57]}},{"type":"Feature","properties":{"name":"Hébron","pop":280321,"rank":10,"scalerank":8,"minzoom":7,"capital":0,"nation":"pse"},"geometry":{"type":"Point","coordinates":[35.096,31.541]}},{"type":"Feature","properties":{"name":"Newark","pop":280123,"rank":10,"scalerank":7,"minzoom":6.7,"capital":0,"nation":"usa"},"geometry":{"type":"Point","coordinates":[-74.17,40.7]}},{"type":"Feature","properties":{"name":"Tacna","pop":280098,"rank":10,"scalerank":3,"minzoom":5,"capital":0,"nation":"per"},"geometry":{"type":"Point","coordinates":[-70.25,-18]}},{"type":"Feature","properties":{"name":"Tacloban","pop":280006,"rank":10,"scalerank":7,"minzoom":6.7,"capital":0,"nation":"phl"},"geometry":{"type":"Point","coordinates":[125,11.25]}},{"type":"Feature","properties":{"name":"Lansing","pop":279952,"rank":10,"scalerank":6,"minzoom":5,"capital":0,"nation":"usa"},"geometry":{"type":"Point","coordinates":[-84.547,42.734]}},{"type":"Feature","properties":{"name":"Xinzhou","pop":279607,"rank":10,"scalerank":7,"minzoom":6.7,"capital":0,"nation":"chn"},"geometry":{"type":"Point","coordinates":[112.72,38.41]}},{"type":"Feature","properties":{"name":"Cotabato","pop":279519,"rank":10,"scalerank":6,"minzoom":6,"capital":0,"nation":"phl"},"geometry":{"type":"Point","coordinates":[124.248,7.217]}},{"type":"Feature","properties":{"name":"Rize","pop":279450,"rank":10,"scalerank":8,"minzoom":7,"capital":0,"nation":"tur"},"geometry":{"type":"Point","coordinates":[40.522,41.021]}},{"type":"Feature","properties":{"name":"Ica","pop":279420,"rank":10,"scalerank":3,"minzoom":5,"capital":0,"nation":"per"},"geometry":{"type":"Point","coordinates":[-75.725,-14.068]}},{"type":"Feature","properties":{"name":"Sumqayıt","pop":279159,"rank":10,"scalerank":8,"minzoom":7,"capital":0,"nation":"aze"},"geometry":{"type":"Point","coordinates":[49.63,40.58]}},{"type":"Feature","properties":{"name":"Taganrog","pop":279056,"rank":10,"scalerank":8,"minzoom":7,"capital":0,"nation":"rus"},"geometry":{"type":"Point","coordinates":[38.92,47.23]}},{"type":"Feature","properties":{"name":"Kaolack","pop":277812,"rank":10,"scalerank":4,"minzoom":5.6,"capital":0,"nation":"sen"},"geometry":{"type":"Point","coordinates":[-16.1,14.15]}},{"type":"Feature","properties":{"name":"Kostroma","pop":277656,"rank":10,"scalerank":6,"minzoom":6,"capital":0,"nation":"rus"},"geometry":{"type":"Point","coordinates":[40.94,57.77]}},{"type":"Feature","properties":{"name":"Corpus Christi","pop":277454,"rank":10,"scalerank":4,"minzoom":5.6,"capital":0,"nation":"usa"},"geometry":{"type":"Point","coordinates":[-97.402,27.743]}},{"type":"Feature","properties":{"name":"Owo","pop":276574,"rank":10,"scalerank":7,"minzoom":6.7,"capital":0,"nation":"nga"},"geometry":{"type":"Point","coordinates":[5.59,7.2]}},{"type":"Feature","properties":{"name":"Sukabumi","pop":276414,"rank":10,"scalerank":7,"minzoom":8,"capital":0,"nation":"idn"},"geometry":{"type":"Point","coordinates":[106.9,-6.91]}},{"type":"Feature","properties":{"name":"Komsomolsk-sur-l'Amour","pop":275908,"rank":10,"scalerank":6,"minzoom":6,"capital":0,"nation":"rus"},"geometry":{"type":"Point","coordinates":[137.02,50.555]}},{"type":"Feature","properties":{"name":"Prokopievsk","pop":275615,"rank":10,"scalerank":6,"minzoom":6,"capital":0,"nation":"rus"},"geometry":{"type":"Point","coordinates":[86.71,53.9]}},{"type":"Feature","properties":{"name":"Berne","pop":275329,"rank":10,"scalerank":4,"minzoom":5.6,"capital":1,"nation":"che"},"geometry":{"type":"Point","coordinates":[7.467,46.917]}},{"type":"Feature","properties":{"name":"Montería","pop":275198,"rank":10,"scalerank":6,"minzoom":6,"capital":0,"nation":"col"},"geometry":{"type":"Point","coordinates":[-75.89,8.758]}},{"type":"Feature","properties":{"name":"Mbandaka","pop":274996,"rank":10,"scalerank":4,"minzoom":5.6,"capital":0,"nation":"cod"},"geometry":{"type":"Point","coordinates":[18.26,0.04]}},{"type":"Feature","properties":{"name":"Ciudad Victoria","pop":274900,"rank":10,"scalerank":6,"minzoom":6,"capital":0,"nation":"mex"},"geometry":{"type":"Point","coordinates":[-99.13,23.72]}},{"type":"Feature","properties":{"name":"Sétif","pop":274744,"rank":10,"scalerank":6,"minzoom":6,"capital":0,"nation":"dza"},"geometry":{"type":"Point","coordinates":[5.4,36.18]}},{"type":"Feature","properties":{"name":"Pampelune","pop":274545,"rank":10,"scalerank":6,"minzoom":6.7,"capital":0,"nation":"esp"},"geometry":{"type":"Point","coordinates":[-1.65,42.82]}},{"type":"Feature","properties":{"name":"Jinshi","pop":274000,"rank":10,"scalerank":7,"minzoom":6.1,"capital":0,"nation":"chn"},"geometry":{"type":"Point","coordinates":[111.852,29.632]}},{"type":"Feature","properties":{"name":"Ubon Ratchathani","pop":273893,"rank":10,"scalerank":6,"minzoom":6,"capital":0,"nation":"tha"},"geometry":{"type":"Point","coordinates":[104.83,15.25]}},{"type":"Feature","properties":{"name":"Crato","pop":273883,"rank":10,"scalerank":7,"minzoom":6.7,"capital":0,"nation":"bra"},"geometry":{"type":"Point","coordinates":[-39.42,-7.23]}},{"type":"Feature","properties":{"name":"Crato","pop":273883,"rank":10,"scalerank":6,"minzoom":6,"capital":0,"nation":"bra"},"geometry":{"type":"Point","coordinates":[-63.04,-7.464]}},{"type":"Feature","properties":{"name":"Guantánamo","pop":272801,"rank":10,"scalerank":6,"minzoom":6,"capital":0,"nation":"cub"},"geometry":{"type":"Point","coordinates":[-75.206,20.145]}},{"type":"Feature","properties":{"name":"Blackpool","pop":272792,"rank":10,"scalerank":7,"minzoom":6.7,"capital":0,"nation":"gbr"},"geometry":{"type":"Point","coordinates":[-3.05,53.83]}},{"type":"Feature","properties":{"name":"Majene","pop":272377,"rank":10,"scalerank":7,"minzoom":6.7,"capital":0,"nation":"idn"},"geometry":{"type":"Point","coordinates":[118.966,-3.534]}},{"type":"Feature","properties":{"name":"Yamagata","pop":272209,"rank":10,"scalerank":7,"minzoom":6.7,"capital":0,"nation":"jpn"},"geometry":{"type":"Point","coordinates":[140.32,38.27]}},{"type":"Feature","properties":{"name":"Pekalongan","pop":272000,"rank":10,"scalerank":7,"minzoom":6.7,"capital":0,"nation":"idn"},"geometry":{"type":"Point","coordinates":[109.67,-6.88]}},{"type":"Feature","properties":{"name":"Elazığ","pop":271492,"rank":10,"scalerank":8,"minzoom":6,"capital":0,"nation":"tur"},"geometry":{"type":"Point","coordinates":[39.23,38.68]}},{"type":"Feature","properties":{"name":"Sari","pop":271467,"rank":10,"scalerank":7,"minzoom":6.7,"capital":0,"nation":"irn"},"geometry":{"type":"Point","coordinates":[53.1,36.55]}},{"type":"Feature","properties":{"name":"Tasikmalaya","pop":271143,"rank":10,"scalerank":6,"minzoom":6,"capital":0,"nation":"idn"},"geometry":{"type":"Point","coordinates":[108.215,-7.325]}},{"type":"Feature","properties":{"name":"Bîjâpur","pop":271064,"rank":10,"scalerank":6,"minzoom":6,"capital":0,"nation":"ind"},"geometry":{"type":"Point","coordinates":[75.71,16.835]}},{"type":"Feature","properties":{"name":"Little Rock","pop":270893,"rank":10,"scalerank":6,"minzoom":5.1,"capital":0,"nation":"usa"},"geometry":{"type":"Point","coordinates":[-92.331,34.736]}},{"type":"Feature","properties":{"name":"Venise","pop":270816,"rank":10,"scalerank":4,"minzoom":5.1,"capital":0,"nation":"ita"},"geometry":{"type":"Point","coordinates":[12.335,45.439]}},{"type":"Feature","properties":{"name":"Gombe","pop":270366,"rank":10,"scalerank":7,"minzoom":6.1,"capital":0,"nation":"nga"},"geometry":{"type":"Point","coordinates":[11.17,10.29]}},{"type":"Feature","properties":{"name":"Münster","pop":270184,"rank":10,"scalerank":7,"minzoom":6.1,"capital":0,"nation":"deu"},"geometry":{"type":"Point","coordinates":[7.62,51.97]}},{"type":"Feature","properties":{"name":"Thohoyandou","pop":269707,"rank":10,"scalerank":6,"minzoom":6,"capital":0,"nation":"zaf"},"geometry":{"type":"Point","coordinates":[30.48,-22.95]}},{"type":"Feature","properties":{"name":"Kiel","pop":269427,"rank":10,"scalerank":7,"minzoom":6.7,"capital":0,"nation":"deu"},"geometry":{"type":"Point","coordinates":[10.13,54.33]}},{"type":"Feature","properties":{"name":"Malmö","pop":269349,"rank":10,"scalerank":4,"minzoom":5.1,"capital":0,"nation":"swe"},"geometry":{"type":"Point","coordinates":[13.023,55.599]}},{"type":"Feature","properties":{"name":"Nancy","pop":268976,"rank":10,"scalerank":7,"minzoom":5.1,"capital":0,"nation":"fra"},"geometry":{"type":"Point","coordinates":[6.2,48.684]}},{"type":"Feature","properties":{"name":"Mokpo","pop":268402,"rank":10,"scalerank":7,"minzoom":6.7,"capital":0,"nation":"kor"},"geometry":{"type":"Point","coordinates":[126.396,34.807]}},{"type":"Feature","properties":{"name":"Windhoek","pop":268132,"rank":10,"scalerank":3,"minzoom":5,"capital":1,"nation":"nam"},"geometry":{"type":"Point","coordinates":[17.084,-22.57]}},{"type":"Feature","properties":{"name":"Tebing Tinggi","pop":268043,"rank":10,"scalerank":7,"minzoom":6.7,"capital":0,"nation":"idn"},"geometry":{"type":"Point","coordinates":[99.13,3.33]}},{"type":"Feature","properties":{"name":"Yanbu","pop":267590,"rank":10,"scalerank":8,"minzoom":6.1,"capital":0,"nation":"sau"},"geometry":{"type":"Point","coordinates":[38.049,24.094]}},{"type":"Feature","properties":{"name":"Tshikapa","pop":267462,"rank":10,"scalerank":6,"minzoom":6,"capital":0,"nation":"cod"},"geometry":{"type":"Point","coordinates":[20.77,-6.41]}},{"type":"Feature","properties":{"name":"Sterlitamak","pop":267231,"rank":10,"scalerank":6,"minzoom":6,"capital":0,"nation":"rus"},"geometry":{"type":"Point","coordinates":[55.96,53.63]}},{"type":"Feature","properties":{"name":"Padang Sidempuan","pop":266882,"rank":10,"scalerank":7,"minzoom":6.7,"capital":0,"nation":"idn"},"geometry":{"type":"Point","coordinates":[99.273,1.389]}},{"type":"Feature","properties":{"name":"Mergui","pop":266720,"rank":10,"scalerank":6,"minzoom":6,"capital":0,"nation":"mmr"},"geometry":{"type":"Point","coordinates":[98.611,12.454]}},{"type":"Feature","properties":{"name":"Ann Arbor","pop":265976,"rank":10,"scalerank":7,"minzoom":6.1,"capital":0,"nation":"usa"},"geometry":{"type":"Point","coordinates":[-83.72,42.3]}},{"type":"Feature","properties":{"name":"Temuco","pop":265901,"rank":10,"scalerank":6,"minzoom":6,"capital":0,"nation":"chl"},"geometry":{"type":"Point","coordinates":[-72.58,-38.73]}},{"type":"Feature","properties":{"name":"Lausanne","pop":265702,"rank":10,"scalerank":7,"minzoom":6.7,"capital":0,"nation":"che"},"geometry":{"type":"Point","coordinates":[6.65,46.53]}},{"type":"Feature","properties":{"name":"Saint-Étienne","pop":265684,"rank":10,"scalerank":7,"minzoom":6.7,"capital":0,"nation":"fra"},"geometry":{"type":"Point","coordinates":[4.38,45.43]}},{"type":"Feature","properties":{"name":"Melbourne","pop":265414,"rank":10,"scalerank":8,"minzoom":7,"capital":0,"nation":"usa"},"geometry":{"type":"Point","coordinates":[-80.608,28.083]}},{"type":"Feature","properties":{"name":"Petrozavodsk","pop":265025,"rank":10,"scalerank":4,"minzoom":5.1,"capital":0,"nation":"rus"},"geometry":{"type":"Point","coordinates":[34.361,61.781]}},{"type":"Feature","properties":{"name":"Imphāl","pop":264986,"rank":10,"scalerank":6,"minzoom":6,"capital":0,"nation":"ind"},"geometry":{"type":"Point","coordinates":[93.95,24.8]}},{"type":"Feature","properties":{"name":"Umuahia","pop":264662,"rank":10,"scalerank":10,"minzoom":7,"capital":0,"nation":"nga"},"geometry":{"type":"Point","coordinates":[7.486,5.532]}},{"type":"Feature","properties":{"name":"Lexington","pop":264578,"rank":10,"scalerank":6,"minzoom":6,"capital":0,"nation":"usa"},"geometry":{"type":"Point","coordinates":[-84.5,38.05]}},{"type":"Feature","properties":{"name":"Uruapan","pop":264531,"rank":10,"scalerank":7,"minzoom":6.7,"capital":0,"nation":"mex"},"geometry":{"type":"Point","coordinates":[-102.07,19.42]}},{"type":"Feature","properties":{"name":"Georgetown","pop":264350,"rank":10,"scalerank":3,"minzoom":4,"capital":1,"nation":"guy"},"geometry":{"type":"Point","coordinates":[-58.167,6.802]}},{"type":"Feature","properties":{"name":"Sivas","pop":264022,"rank":10,"scalerank":7,"minzoom":6.1,"capital":0,"nation":"tur"},"geometry":{"type":"Point","coordinates":[37.035,39.745]}},{"type":"Feature","properties":{"name":"Tobrouk","pop":263527,"rank":10,"scalerank":6,"minzoom":6,"capital":0,"nation":"lby"},"geometry":{"type":"Point","coordinates":[23.96,32.08]}},{"type":"Feature","properties":{"name":"Graz","pop":263234,"rank":10,"scalerank":7,"minzoom":6.1,"capital":0,"nation":"aut"},"geometry":{"type":"Point","coordinates":[15.41,47.078]}},{"type":"Feature","properties":{"name":"Kindu","pop":262914,"rank":10,"scalerank":6,"minzoom":6,"capital":0,"nation":"cod"},"geometry":{"type":"Point","coordinates":[25.91,-2.964]}},{"type":"Feature","properties":{"name":"Aktioubé","pop":262457,"rank":10,"scalerank":4,"minzoom":5.6,"capital":0,"nation":"kaz"},"geometry":{"type":"Point","coordinates":[57.17,50.28]}},{"type":"Feature","properties":{"name":"Augusta","pop":262332,"rank":10,"scalerank":6,"minzoom":6,"capital":0,"nation":"usa"},"geometry":{"type":"Point","coordinates":[-81.985,33.461]}},{"type":"Feature","properties":{"name":"Naples","pop":262306,"rank":10,"scalerank":7,"minzoom":6.1,"capital":0,"nation":"usa"},"geometry":{"type":"Point","coordinates":[-81.795,26.142]}},{"type":"Feature","properties":{"name":"Paraná","pop":262295,"rank":10,"scalerank":8,"minzoom":7,"capital":0,"nation":"arg"},"geometry":{"type":"Point","coordinates":[-60.533,-31.733]}},{"type":"Feature","properties":{"name":"Az Zubayr","pop":262219,"rank":10,"scalerank":8,"minzoom":7,"capital":0,"nation":"irq"},"geometry":{"type":"Point","coordinates":[47.708,30.389]}},{"type":"Feature","properties":{"name":"Cabo Frio","pop":261721,"rank":10,"scalerank":8,"minzoom":7,"capital":0,"nation":"bra"},"geometry":{"type":"Point","coordinates":[-42.04,-22.89]}},{"type":"Feature","properties":{"name":"Balıkesir","pop":261516,"rank":10,"scalerank":7,"minzoom":6.7,"capital":0,"nation":"tur"},"geometry":{"type":"Point","coordinates":[27.89,39.65]}},{"type":"Feature","properties":{"name":"Zhuanghe","pop":261510,"rank":10,"scalerank":7,"minzoom":6.7,"capital":0,"nation":"chn"},"geometry":{"type":"Point","coordinates":[122.962,39.682]}},{"type":"Feature","properties":{"name":"Karamay","pop":261445,"rank":10,"scalerank":6,"minzoom":6,"capital":0,"nation":"chn"},"geometry":{"type":"Point","coordinates":[84.86,45.59]}},{"type":"Feature","properties":{"name":"Lakeville","pop":261308,"rank":10,"scalerank":7,"minzoom":6.7,"capital":0,"nation":"usa"},"geometry":{"type":"Point","coordinates":[-93.243,44.65]}},{"type":"Feature","properties":{"name":"Sincelejo","pop":261187,"rank":10,"scalerank":7,"minzoom":6.7,"capital":0,"nation":"col"},"geometry":{"type":"Point","coordinates":[-75.38,9.29]}},{"type":"Feature","properties":{"name":"Petrolina","pop":260985,"rank":10,"scalerank":4,"minzoom":5.6,"capital":0,"nation":"bra"},"geometry":{"type":"Point","coordinates":[-40.51,-9.38]}},{"type":"Feature","properties":{"name":"Acarigua","pop":260921,"rank":10,"scalerank":7,"minzoom":6.7,"capital":0,"nation":"ven"},"geometry":{"type":"Point","coordinates":[-69.2,9.58]}},{"type":"Feature","properties":{"name":"Wollongong","pop":260914,"rank":10,"scalerank":6,"minzoom":6,"capital":0,"nation":"aus"},"geometry":{"type":"Point","coordinates":[150.89,-34.415]}},{"type":"Feature","properties":{"name":"Uberaba","pop":260843,"rank":10,"scalerank":6,"minzoom":6,"capital":0,"nation":"bra"},"geometry":{"type":"Point","coordinates":[-47.95,-19.78]}},{"type":"Feature","properties":{"name":"Anchorage","pop":260283,"rank":10,"scalerank":2,"minzoom":3,"capital":0,"nation":"usa"},"geometry":{"type":"Point","coordinates":[-149.887,61.214]}},{"type":"Feature","properties":{"name":"Adapazarı","pop":260109,"rank":10,"scalerank":6,"minzoom":5.1,"capital":0,"nation":"tur"},"geometry":{"type":"Point","coordinates":[30.415,40.8]}},{"type":"Feature","properties":{"name":"Konibodom","pop":259876,"rank":10,"scalerank":8,"minzoom":7,"capital":0,"nation":"tjk"},"geometry":{"type":"Point","coordinates":[70.427,40.292]}},{"type":"Feature","properties":{"name":"Kondôz","pop":259809,"rank":10,"scalerank":7,"minzoom":6.1,"capital":0,"nation":"afg"},"geometry":{"type":"Point","coordinates":[68.873,36.728]}},{"type":"Feature","properties":{"name":"Tampere","pop":259279,"rank":10,"scalerank":4,"minzoom":5.1,"capital":0,"nation":"fin"},"geometry":{"type":"Point","coordinates":[23.75,61.5]}},{"type":"Feature","properties":{"name":"Popayán","pop":258750,"rank":10,"scalerank":6,"minzoom":6,"capital":0,"nation":"col"},"geometry":{"type":"Point","coordinates":[-76.61,2.42]}},{"type":"Feature","properties":{"name":"Canton","pop":258660,"rank":10,"scalerank":6,"minzoom":6,"capital":0,"nation":"usa"},"geometry":{"type":"Point","coordinates":[-81.379,40.799]}},{"type":"Feature","properties":{"name":"Nonthaburi","pop":258550,"rank":10,"scalerank":7,"minzoom":8,"capital":0,"nation":"tha"},"geometry":{"type":"Point","coordinates":[100.483,13.834]}},{"type":"Feature","properties":{"name":"Al Mukalla","pop":258132,"rank":10,"scalerank":6,"minzoom":6,"capital":0,"nation":"yem"},"geometry":{"type":"Point","coordinates":[49.126,14.541]}},{"type":"Feature","properties":{"name":"Rio Branco","pop":257642,"rank":10,"scalerank":4,"minzoom":5.6,"capital":0,"nation":"bra"},"geometry":{"type":"Point","coordinates":[-67.8,-9.967]}},{"type":"Feature","properties":{"name":"Chattanooga","pop":257589,"rank":10,"scalerank":6,"minzoom":6,"capital":0,"nation":"usa"},"geometry":{"type":"Point","coordinates":[-85.25,35.07]}},{"type":"Feature","properties":{"name":"Etawah","pop":257448,"rank":10,"scalerank":7,"minzoom":6.7,"capital":0,"nation":"ind"},"geometry":{"type":"Point","coordinates":[79.015,26.785]}},{"type":"Feature","properties":{"name":"Mendefera","pop":257390,"rank":10,"scalerank":7,"minzoom":6.7,"capital":0,"nation":"eri"},"geometry":{"type":"Point","coordinates":[38.816,14.886]}},{"type":"Feature","properties":{"name":"Cascavel","pop":257172,"rank":10,"scalerank":7,"minzoom":6.7,"capital":0,"nation":"bra"},"geometry":{"type":"Point","coordinates":[-53.46,-24.96]}},{"type":"Feature","properties":{"name":"Ondo","pop":257005,"rank":10,"scalerank":7,"minzoom":6.7,"capital":0,"nation":"nga"},"geometry":{"type":"Point","coordinates":[4.84,7.09]}},{"type":"Feature","properties":{"name":"Chimoio","pop":256936,"rank":10,"scalerank":6,"minzoom":6,"capital":0,"nation":"moz"},"geometry":{"type":"Point","coordinates":[33.47,-19.12]}},{"type":"Feature","properties":{"name":"Ensenada","pop":256565,"rank":10,"scalerank":6,"minzoom":6,"capital":0,"nation":"mex"},"geometry":{"type":"Point","coordinates":[-116.62,31.87]}},{"type":"Feature","properties":{"name":"Dzerjinsk","pop":256537,"rank":10,"scalerank":7,"minzoom":6.7,"capital":0,"nation":"rus"},"geometry":{"type":"Point","coordinates":[43.46,56.25]}},{"type":"Feature","properties":{"name":"Đà Lạt","pop":256019,"rank":10,"scalerank":7,"minzoom":6.7,"capital":0,"nation":"vnm"},"geometry":{"type":"Point","coordinates":[108.42,11.93]}},{"type":"Feature","properties":{"name":"Rockford","pop":255978,"rank":10,"scalerank":8,"minzoom":6.1,"capital":0,"nation":"usa"},"geometry":{"type":"Point","coordinates":[-89.07,42.27]}},{"type":"Feature","properties":{"name":"Damaturu","pop":255895,"rank":10,"scalerank":9,"minzoom":7,"capital":0,"nation":"nga"},"geometry":{"type":"Point","coordinates":[11.966,11.749]}},{"type":"Feature","properties":{"name":"Davenport","pop":255738,"rank":10,"scalerank":7,"minzoom":6.1,"capital":0,"nation":"usa"},"geometry":{"type":"Point","coordinates":[-90.588,41.554]}},{"type":"Feature","properties":{"name":"Raichur","pop":255240,"rank":10,"scalerank":7,"minzoom":6.7,"capital":0,"nation":"ind"},"geometry":{"type":"Point","coordinates":[77.355,16.21]}},{"type":"Feature","properties":{"name":"Daloa","pop":255168,"rank":10,"scalerank":6,"minzoom":6,"capital":0,"nation":"civ"},"geometry":{"type":"Point","coordinates":[-6.45,6.89]}},{"type":"Feature","properties":{"name":"Rivne","pop":255106,"rank":10,"scalerank":7,"minzoom":6.7,"capital":0,"nation":"ukr"},"geometry":{"type":"Point","coordinates":[26.253,50.617]}},{"type":"Feature","properties":{"name":"Fribourg-en-Brisgau","pop":254889,"rank":10,"scalerank":7,"minzoom":6.7,"capital":0,"nation":"deu"},"geometry":{"type":"Point","coordinates":[7.87,48]}},{"type":"Feature","properties":{"name":"Poza Rica","pop":254481,"rank":10,"scalerank":7,"minzoom":6.7,"capital":0,"nation":"mex"},"geometry":{"type":"Point","coordinates":[-97.444,20.526]}},{"type":"Feature","properties":{"name":"Chuxiong","pop":254370,"rank":10,"scalerank":8,"minzoom":7,"capital":0,"nation":"chn"},"geometry":{"type":"Point","coordinates":[101.546,25.036]}},{"type":"Feature","properties":{"name":"Cirebon","pop":254298,"rank":10,"scalerank":6,"minzoom":6,"capital":0,"nation":"idn"},"geometry":{"type":"Point","coordinates":[108.567,-6.733]}},{"type":"Feature","properties":{"name":"Paramaribo","pop":254169,"rank":10,"scalerank":3,"minzoom":5,"capital":1,"nation":"sur"},"geometry":{"type":"Point","coordinates":[-55.167,5.835]}},{"type":"Feature","properties":{"name":"Fort-de-France","pop":253995,"rank":10,"scalerank":7,"minzoom":6.7,"capital":0,"nation":"fra"},"geometry":{"type":"Point","coordinates":[-61.08,14.61]}},{"type":"Feature","properties":{"name":"Pathankot","pop":253987,"rank":10,"scalerank":7,"minzoom":6.7,"capital":0,"nation":"ind"},"geometry":{"type":"Point","coordinates":[75.72,32.27]}},{"type":"Feature","properties":{"name":"Mobile","pop":253466,"rank":10,"scalerank":6,"minzoom":6,"capital":0,"nation":"usa"},"geometry":{"type":"Point","coordinates":[-88.05,30.68]}},{"type":"Feature","properties":{"name":"Chirala","pop":253000,"rank":10,"scalerank":7,"minzoom":6.7,"capital":0,"nation":"ind"},"geometry":{"type":"Point","coordinates":[80.34,15.86]}},{"type":"Feature","properties":{"name":"Buenaventura","pop":252805,"rank":10,"scalerank":7,"minzoom":6.7,"capital":0,"nation":"col"},"geometry":{"type":"Point","coordinates":[-77.05,3.872]}},{"type":"Feature","properties":{"name":"El Fasher","pop":252609,"rank":10,"scalerank":6,"minzoom":6,"capital":0,"nation":"sdn"},"geometry":{"type":"Point","coordinates":[25.35,13.63]}},{"type":"Feature","properties":{"name":"Dire Dawa","pop":252279,"rank":10,"scalerank":4,"minzoom":5.6,"capital":0,"nation":"eth"},"geometry":{"type":"Point","coordinates":[41.86,9.59]}},{"type":"Feature","properties":{"name":"Suihua","pop":252245,"rank":10,"scalerank":7,"minzoom":6.7,"capital":0,"nation":"chn"},"geometry":{"type":"Point","coordinates":[126.98,46.63]}},{"type":"Feature","properties":{"name":"Messine","pop":252026,"rank":10,"scalerank":7,"minzoom":6.1,"capital":0,"nation":"ita"},"geometry":{"type":"Point","coordinates":[15.55,38.2]}},{"type":"Feature","properties":{"name":"Borujerd","pop":251958,"rank":10,"scalerank":8,"minzoom":7,"capital":0,"nation":"irn"},"geometry":{"type":"Point","coordinates":[48.8,33.92]}},{"type":"Feature","properties":{"name":"Linhai","pop":251759,"rank":10,"scalerank":8,"minzoom":7,"capital":0,"nation":"chn"},"geometry":{"type":"Point","coordinates":[121.12,28.85]}},{"type":"Feature","properties":{"name":"Khon Kaen","pop":251056,"rank":10,"scalerank":6,"minzoom":6,"capital":0,"nation":"tha"},"geometry":{"type":"Point","coordinates":[102.83,16.42]}},{"type":"Feature","properties":{"name":"Jackson","pop":250902,"rank":10,"scalerank":3,"minzoom":5,"capital":0,"nation":"usa"},"geometry":{"type":"Point","coordinates":[-90.185,32.299]}},{"type":"Feature","properties":{"name":"Morogoro","pop":250902,"rank":10,"scalerank":4,"minzoom":5.6,"capital":0,"nation":"tza"},"geometry":{"type":"Point","coordinates":[37.66,-6.82]}},{"type":"Feature","properties":{"name":"Governador Valadares","pop":250878,"rank":10,"scalerank":6,"minzoom":6,"capital":0,"nation":"bra"},"geometry":{"type":"Point","coordinates":[-41.97,-18.87]}},{"type":"Feature","properties":{"name":"Sonipat","pop":250521,"rank":10,"scalerank":8,"minzoom":7,"capital":0,"nation":"ind"},"geometry":{"type":"Point","coordinates":[77.02,29]}},{"type":"Feature","properties":{"name":"Santa Clara","pop":250512,"rank":10,"scalerank":6,"minzoom":6,"capital":0,"nation":"cub"},"geometry":{"type":"Point","coordinates":[-79.967,22.4]}},{"type":"Feature","properties":{"name":"Iwo","pop":250443,"rank":10,"scalerank":8,"minzoom":7,"capital":0,"nation":"nga"},"geometry":{"type":"Point","coordinates":[4.18,7.63]}},{"type":"Feature","properties":{"name":"Arua","pop":250000,"rank":10,"scalerank":7,"minzoom":6.7,"capital":0,"nation":"uga"},"geometry":{"type":"Point","coordinates":[30.9,3.02]}},{"type":"Feature","properties":{"name":"Caserte","pop":250000,"rank":10,"scalerank":8,"minzoom":7,"capital":0,"nation":"ita"},"geometry":{"type":"Point","coordinates":[14.337,41.06]}},{"type":"Feature","properties":{"name":"Côme","pop":250000,"rank":10,"scalerank":8,"minzoom":7,"capital":0,"nation":"ita"},"geometry":{"type":"Point","coordinates":[9.08,45.81]}},{"type":"Feature","properties":{"name":"Coral Springs","pop":250000,"rank":10,"scalerank":8,"minzoom":7,"capital":0,"nation":"usa"},"geometry":{"type":"Point","coordinates":[-80.271,26.271]}},{"type":"Feature","properties":{"name":"Jaffna","pop":250000,"rank":10,"scalerank":6,"minzoom":6,"capital":0,"nation":"lka"},"geometry":{"type":"Point","coordinates":[80.005,9.675]}},{"type":"Feature","properties":{"name":"Kashan","pop":250000,"rank":10,"scalerank":7,"minzoom":6.1,"capital":0,"nation":"irn"},"geometry":{"type":"Point","coordinates":[51.58,33.98]}},{"type":"Feature","properties":{"name":"Laiyang","pop":250000,"rank":10,"scalerank":6,"minzoom":6,"capital":0,"nation":"chn"},"geometry":{"type":"Point","coordinates":[120.708,36.968]}},{"type":"Feature","properties":{"name":"Lucerne","pop":250000,"rank":10,"scalerank":7,"minzoom":6.7,"capital":0,"nation":"che"},"geometry":{"type":"Point","coordinates":[8.28,47.05]}},{"type":"Feature","properties":{"name":"Niš","pop":250000,"rank":10,"scalerank":7,"minzoom":6.1,"capital":0,"nation":"srb"},"geometry":{"type":"Point","coordinates":[21.9,43.33]}},{"type":"Feature","properties":{"name":"Quảng Ngãi","pop":250000,"rank":10,"scalerank":7,"minzoom":6.7,"capital":0,"nation":"vnm"},"geometry":{"type":"Point","coordinates":[108.83,15.15]}},{"type":"Feature","properties":{"name":"Zumpango","pop":250000,"rank":10,"scalerank":7,"minzoom":6.7,"capital":0,"nation":"mex"},"geometry":{"type":"Point","coordinates":[-99.11,19.81]}},{"type":"Feature","properties":{"name":"Waukesha","pop":249912,"rank":10,"scalerank":8,"minzoom":7,"capital":0,"nation":"usa"},"geometry":{"type":"Point","coordinates":[-88.231,43.012]}},{"type":"Feature","properties":{"name":"Várzea Grande","pop":249752,"rank":10,"scalerank":8,"minzoom":7,"capital":0,"nation":"bra"},"geometry":{"type":"Point","coordinates":[-56.14,-15.65]}},{"type":"Feature","properties":{"name":"Kropyvnytsky","pop":249454,"rank":10,"scalerank":7,"minzoom":6.7,"capital":0,"nation":"ukr"},"geometry":{"type":"Point","coordinates":[32.26,48.504]}},{"type":"Feature","properties":{"name":"Melun","pop":249432,"rank":10,"scalerank":8,"minzoom":6.7,"capital":0,"nation":"fra"},"geometry":{"type":"Point","coordinates":[2.667,48.533]}},{"type":"Feature","properties":{"name":"Mutare","pop":249365,"rank":10,"scalerank":6,"minzoom":6,"capital":0,"nation":"zwe"},"geometry":{"type":"Point","coordinates":[32.65,-18.97]}},{"type":"Feature","properties":{"name":"Santa Maria","pop":249219,"rank":10,"scalerank":6,"minzoom":6,"capital":0,"nation":"bra"},"geometry":{"type":"Point","coordinates":[-53.8,-29.683]}},{"type":"Feature","properties":{"name":"Hafar Al-Batin","pop":249194,"rank":10,"scalerank":7,"minzoom":6.1,"capital":0,"nation":"sau"},"geometry":{"type":"Point","coordinates":[45.96,28.434]}},{"type":"Feature","properties":{"name":"Los Mochis","pop":249047,"rank":10,"scalerank":6,"minzoom":6,"capital":0,"nation":"mex"},"geometry":{"type":"Point","coordinates":[-109,25.79]}},{"type":"Feature","properties":{"name":"Djalalabad","pop":248899,"rank":10,"scalerank":7,"minzoom":6.7,"capital":0,"nation":"kgz"},"geometry":{"type":"Point","coordinates":[73.003,40.943]}},{"type":"Feature","properties":{"name":"Cap Saint Jacques","pop":248767,"rank":10,"scalerank":7,"minzoom":6.7,"capital":0,"nation":"vnm"},"geometry":{"type":"Point","coordinates":[107.085,10.355]}},{"type":"Feature","properties":{"name":"Fukui","pop":248707,"rank":10,"scalerank":7,"minzoom":6.7,"capital":0,"nation":"jpn"},"geometry":{"type":"Point","coordinates":[136.22,36.07]}},{"type":"Feature","properties":{"name":"Shreveport","pop":248053,"rank":10,"scalerank":4,"minzoom":5.6,"capital":0,"nation":"usa"},"geometry":{"type":"Point","coordinates":[-93.77,32.5]}},{"type":"Feature","properties":{"name":"Singkawang","pop":248012,"rank":10,"scalerank":7,"minzoom":6.1,"capital":0,"nation":"idn"},"geometry":{"type":"Point","coordinates":[108.965,0.912]}},{"type":"Feature","properties":{"name":"Miskolc","pop":247757,"rank":10,"scalerank":7,"minzoom":6.7,"capital":0,"nation":"hun"},"geometry":{"type":"Point","coordinates":[20.78,48.1]}},{"type":"Feature","properties":{"name":"Plymouth","pop":247297,"rank":10,"scalerank":7,"minzoom":6.7,"capital":0,"nation":"gbr"},"geometry":{"type":"Point","coordinates":[-4.16,50.385]}},{"type":"Feature","properties":{"name":"Udon Thani","pop":247231,"rank":10,"scalerank":7,"minzoom":6.7,"capital":0,"nation":"tha"},"geometry":{"type":"Point","coordinates":[102.789,17.405]}},{"type":"Feature","properties":{"name":"Kattakourgan","pop":247113,"rank":10,"scalerank":8,"minzoom":7,"capital":0,"nation":"uzb"},"geometry":{"type":"Point","coordinates":[66.261,39.901]}},{"type":"Feature","properties":{"name":"Orsk","pop":246836,"rank":10,"scalerank":6,"minzoom":6,"capital":0,"nation":"rus"},"geometry":{"type":"Point","coordinates":[58.627,51.21]}},{"type":"Feature","properties":{"name":"San Bernardo","pop":246762,"rank":10,"scalerank":8,"minzoom":8,"capital":0,"nation":"chl"},"geometry":{"type":"Point","coordinates":[-70.7,-33.6]}},{"type":"Feature","properties":{"name":"Oruro","pop":246501,"rank":10,"scalerank":6,"minzoom":6,"capital":0,"nation":"bol"},"geometry":{"type":"Point","coordinates":[-67.13,-17.98]}},{"type":"Feature","properties":{"name":"Bratsk","pop":246348,"rank":10,"scalerank":3,"minzoom":5,"capital":0,"nation":"rus"},"geometry":{"type":"Point","coordinates":[101.615,56.157]}},{"type":"Feature","properties":{"name":"Lincoln","pop":246220,"rank":10,"scalerank":6,"minzoom":6,"capital":0,"nation":"usa"},"geometry":{"type":"Point","coordinates":[-96.68,40.82]}},{"type":"Feature","properties":{"name":"Matadi","pop":245862,"rank":10,"scalerank":3,"minzoom":5,"capital":0,"nation":"cod"},"geometry":{"type":"Point","coordinates":[13.45,-5.817]}},{"type":"Feature","properties":{"name":"Mirzapur","pop":245817,"rank":10,"scalerank":7,"minzoom":6.7,"capital":0,"nation":"ind"},"geometry":{"type":"Point","coordinates":[82.57,25.145]}},{"type":"Feature","properties":{"name":"Shimonoseki","pop":245786,"rank":10,"scalerank":8,"minzoom":7,"capital":0,"nation":"jpn"},"geometry":{"type":"Point","coordinates":[130.945,33.965]}},{"type":"Feature","properties":{"name":"Rzeszów","pop":245686,"rank":10,"scalerank":7,"minzoom":6.1,"capital":0,"nation":"pol"},"geometry":{"type":"Point","coordinates":[21.996,50.029]}},{"type":"Feature","properties":{"name":"Juliaca","pop":245675,"rank":10,"scalerank":6,"minzoom":6,"capital":0,"nation":"per"},"geometry":{"type":"Point","coordinates":[-70.14,-15.5]}},{"type":"Feature","properties":{"name":"Qinzhou","pop":245376,"rank":10,"scalerank":7,"minzoom":6.1,"capital":0,"nation":"chn"},"geometry":{"type":"Point","coordinates":[108.62,21.95]}},{"type":"Feature","properties":{"name":"Eugene","pop":245158,"rank":10,"scalerank":6,"minzoom":6,"capital":0,"nation":"usa"},"geometry":{"type":"Point","coordinates":[-123.1,44.05]}},{"type":"Feature","properties":{"name":"Nijnevartovsk","pop":244937,"rank":10,"scalerank":6,"minzoom":5.1,"capital":0,"nation":"rus"},"geometry":{"type":"Point","coordinates":[76.58,60.935]}},{"type":"Feature","properties":{"name":"Ternopil","pop":244768,"rank":10,"scalerank":7,"minzoom":6.7,"capital":0,"nation":"ukr"},"geometry":{"type":"Point","coordinates":[25.582,49.536]}},{"type":"Feature","properties":{"name":"Brunswick","pop":244715,"rank":10,"scalerank":8,"minzoom":7,"capital":0,"nation":"deu"},"geometry":{"type":"Point","coordinates":[10.5,52.25]}},{"type":"Feature","properties":{"name":"Hebi","pop":244662,"rank":10,"scalerank":7,"minzoom":6.7,"capital":0,"nation":"chn"},"geometry":{"type":"Point","coordinates":[114.22,35.95]}},{"type":"Feature","properties":{"name":"Thủ Dầu Một","pop":244277,"rank":10,"scalerank":10,"minzoom":9,"capital":0,"nation":"vnm"},"geometry":{"type":"Point","coordinates":[106.653,10.969]}},{"type":"Feature","properties":{"name":"Gunsan","pop":244080,"rank":10,"scalerank":7,"minzoom":6.7,"capital":0,"nation":"kor"},"geometry":{"type":"Point","coordinates":[126.716,35.982]}},{"type":"Feature","properties":{"name":"Jessore","pop":243987,"rank":10,"scalerank":7,"minzoom":6.7,"capital":0,"nation":"bgd"},"geometry":{"type":"Point","coordinates":[89.2,23.17]}},{"type":"Feature","properties":{"name":"Manisa","pop":243971,"rank":10,"scalerank":7,"minzoom":6.1,"capital":0,"nation":"tur"},"geometry":{"type":"Point","coordinates":[27.44,38.63]}},{"type":"Feature","properties":{"name":"Wonju","pop":243387,"rank":10,"scalerank":8,"minzoom":7,"capital":0,"nation":"kor"},"geometry":{"type":"Point","coordinates":[127.94,37.355]}},{"type":"Feature","properties":{"name":"Fayetteville","pop":243306,"rank":10,"scalerank":7,"minzoom":6.1,"capital":0,"nation":"usa"},"geometry":{"type":"Point","coordinates":[-78.887,35.051]}},{"type":"Feature","properties":{"name":"Nam Định","pop":243186,"rank":10,"scalerank":6,"minzoom":6,"capital":0,"nation":"vnm"},"geometry":{"type":"Point","coordinates":[106.2,20.42]}},{"type":"Feature","properties":{"name":"Angarsk","pop":243158,"rank":10,"scalerank":4,"minzoom":5.6,"capital":0,"nation":"rus"},"geometry":{"type":"Point","coordinates":[103.92,52.56]}},{"type":"Feature","properties":{"name":"Hapur","pop":242920,"rank":10,"scalerank":8,"minzoom":7,"capital":0,"nation":"ind"},"geometry":{"type":"Point","coordinates":[77.763,28.744]}},{"type":"Feature","properties":{"name":"Berbera","pop":242344,"rank":10,"scalerank":4,"minzoom":5.6,"capital":0,"nation":"sol"},"geometry":{"type":"Point","coordinates":[45.016,10.436]}},{"type":"Feature","properties":{"name":"Le Havre","pop":242124,"rank":10,"scalerank":4,"minzoom":5,"capital":0,"nation":"fra"},"geometry":{"type":"Point","coordinates":[0.105,49.505]}},{"type":"Feature","properties":{"name":"Caruaru","pop":242094,"rank":10,"scalerank":6,"minzoom":6,"capital":0,"nation":"bra"},"geometry":{"type":"Point","coordinates":[-35.98,-8.28]}},{"type":"Feature","properties":{"name":"Neuquén","pop":242092,"rank":10,"scalerank":4,"minzoom":5.1,"capital":0,"nation":"arg"},"geometry":{"type":"Point","coordinates":[-68.06,-38.95]}},{"type":"Feature","properties":{"name":"Ulan Hot","pop":241894,"rank":10,"scalerank":4,"minzoom":5.6,"capital":0,"nation":"chn"},"geometry":{"type":"Point","coordinates":[122.08,46.08]}},{"type":"Feature","properties":{"name":"Novorossiisk","pop":241856,"rank":10,"scalerank":6,"minzoom":6,"capital":0,"nation":"rus"},"geometry":{"type":"Point","coordinates":[37.77,44.73]}},{"type":"Feature","properties":{"name":"Tehuacán","pop":241429,"rank":10,"scalerank":7,"minzoom":6.7,"capital":0,"nation":"mex"},"geometry":{"type":"Point","coordinates":[-97.38,18.45]}},{"type":"Feature","properties":{"name":"Ivano-Frankivsk","pop":241239,"rank":10,"scalerank":7,"minzoom":6.7,"capital":0,"nation":"ukr"},"geometry":{"type":"Point","coordinates":[24.709,48.935]}},{"type":"Feature","properties":{"name":"Fuzhou","pop":241104,"rank":10,"scalerank":7,"minzoom":6.7,"capital":0,"nation":"chn"},"geometry":{"type":"Point","coordinates":[116.36,27.97]}},{"type":"Feature","properties":{"name":"San Pablo","pop":240830,"rank":10,"scalerank":7,"minzoom":6.7,"capital":0,"nation":"phl"},"geometry":{"type":"Point","coordinates":[121.323,14.07]}},{"type":"Feature","properties":{"name":"South Bend","pop":239822,"rank":10,"scalerank":8,"minzoom":6.1,"capital":0,"nation":"usa"},"geometry":{"type":"Point","coordinates":[-86.25,41.683]}},{"type":"Feature","properties":{"name":"Hachinohe","pop":239046,"rank":10,"scalerank":6,"minzoom":6,"capital":0,"nation":"jpn"},"geometry":{"type":"Point","coordinates":[141.54,40.51]}},{"type":"Feature","properties":{"name":"Fürth","pop":237844,"rank":10,"scalerank":8,"minzoom":7,"capital":0,"nation":"deu"},"geometry":{"type":"Point","coordinates":[11,49.47]}},{"type":"Feature","properties":{"name":"Sib","pop":237816,"rank":10,"scalerank":6,"minzoom":6,"capital":0,"nation":"omn"},"geometry":{"type":"Point","coordinates":[58.183,23.68]}},{"type":"Feature","properties":{"name":"Aarhus","pop":237551,"rank":10,"scalerank":6,"minzoom":6,"capital":0,"nation":"dnk"},"geometry":{"type":"Point","coordinates":[10.211,56.157]}},{"type":"Feature","properties":{"name":"Sasebo","pop":237444,"rank":10,"scalerank":7,"minzoom":6.7,"capital":0,"nation":"jpn"},"geometry":{"type":"Point","coordinates":[129.718,33.163]}},{"type":"Feature","properties":{"name":"Al-Jubayl","pop":237274,"rank":10,"scalerank":7,"minzoom":6.1,"capital":0,"nation":"sau"},"geometry":{"type":"Point","coordinates":[49.646,27.005]}},{"type":"Feature","properties":{"name":"Taiping","pop":237095,"rank":10,"scalerank":6,"minzoom":6,"capital":0,"nation":"mys"},"geometry":{"type":"Point","coordinates":[100.72,4.865]}},{"type":"Feature","properties":{"name":"Pathein","pop":237089,"rank":10,"scalerank":7,"minzoom":6.7,"capital":0,"nation":"mmr"},"geometry":{"type":"Point","coordinates":[94.75,16.77]}},{"type":"Feature","properties":{"name":"Tegal","pop":237084,"rank":10,"scalerank":7,"minzoom":6.7,"capital":0,"nation":"idn"},"geometry":{"type":"Point","coordinates":[109.12,-6.87]}},{"type":"Feature","properties":{"name":"Zicheng","pop":237042,"rank":10,"scalerank":7,"minzoom":6.7,"capital":0,"nation":"chn"},"geometry":{"type":"Point","coordinates":[111.5,30.3]}},{"type":"Feature","properties":{"name":"Sylhet","pop":237000,"rank":10,"scalerank":8,"minzoom":7,"capital":0,"nation":"bgd"},"geometry":{"type":"Point","coordinates":[91.874,24.904]}},{"type":"Feature","properties":{"name":"Kostanaï","pop":236901,"rank":10,"scalerank":6,"minzoom":6,"capital":0,"nation":"kaz"},"geometry":{"type":"Point","coordinates":[63.628,53.221]}},{"type":"Feature","properties":{"name":"Košice","pop":236563,"rank":10,"scalerank":7,"minzoom":6.1,"capital":0,"nation":"svk"},"geometry":{"type":"Point","coordinates":[21.25,48.73]}},{"type":"Feature","properties":{"name":"Monclova","pop":236244,"rank":10,"scalerank":6,"minzoom":6,"capital":0,"nation":"mex"},"geometry":{"type":"Point","coordinates":[-101.42,26.9]}},{"type":"Feature","properties":{"name":"Tours","pop":236096,"rank":10,"scalerank":7,"minzoom":6,"capital":0,"nation":"fra"},"geometry":{"type":"Point","coordinates":[0.7,47.38]}},{"type":"Feature","properties":{"name":"Dera Ghazi Khan","pop":236093,"rank":10,"scalerank":7,"minzoom":6.7,"capital":0,"nation":"pak"},"geometry":{"type":"Point","coordinates":[70.635,30.06]}},{"type":"Feature","properties":{"name":"Springs","pop":236083,"rank":10,"scalerank":7,"minzoom":6.7,"capital":0,"nation":"zaf"},"geometry":{"type":"Point","coordinates":[28.43,-26.27]}},{"type":"Feature","properties":{"name":"Luton","pop":235958,"rank":10,"scalerank":7,"minzoom":6.7,"capital":0,"nation":"gbr"},"geometry":{"type":"Point","coordinates":[-0.42,51.88]}},{"type":"Feature","properties":{"name":"Sahiwal","pop":235695,"rank":10,"scalerank":8,"minzoom":7,"capital":0,"nation":"pak"},"geometry":{"type":"Point","coordinates":[73.112,30.672]}},{"type":"Feature","properties":{"name":"Oviedo","pop":235651,"rank":10,"scalerank":7,"minzoom":6.7,"capital":0,"nation":"esp"},"geometry":{"type":"Point","coordinates":[-5.83,43.35]}},{"type":"Feature","properties":{"name":"Iakoutsk","pop":235600,"rank":10,"scalerank":3,"minzoom":4,"capital":0,"nation":"rus"},"geometry":{"type":"Point","coordinates":[129.735,62.035]}},{"type":"Feature","properties":{"name":"Lübeck","pop":235390,"rank":10,"scalerank":7,"minzoom":6.1,"capital":0,"nation":"deu"},"geometry":{"type":"Point","coordinates":[10.67,53.87]}},{"type":"Feature","properties":{"name":"Djizak","pop":235352,"rank":10,"scalerank":7,"minzoom":6.1,"capital":0,"nation":"uzb"},"geometry":{"type":"Point","coordinates":[67.83,40.1]}},{"type":"Feature","properties":{"name":"Palmas","pop":235315,"rank":10,"scalerank":6,"minzoom":6,"capital":0,"nation":"bra"},"geometry":{"type":"Point","coordinates":[-48.288,-10.238]}},{"type":"Feature","properties":{"name":"Boa Vista","pop":235150,"rank":10,"scalerank":3,"minzoom":5,"capital":0,"nation":"bra"},"geometry":{"type":"Point","coordinates":[-60.666,2.816]}},{"type":"Feature","properties":{"name":"Kediri","pop":235143,"rank":10,"scalerank":7,"minzoom":6.7,"capital":0,"nation":"idn"},"geometry":{"type":"Point","coordinates":[112,-7.79]}},{"type":"Feature","properties":{"name":"Kismaayo","pop":234852,"rank":10,"scalerank":6,"minzoom":6,"capital":0,"nation":"som"},"geometry":{"type":"Point","coordinates":[42.518,-0.357]}},{"type":"Feature","properties":{"name":"Ibb","pop":234837,"rank":10,"scalerank":8,"minzoom":7,"capital":0,"nation":"yem"},"geometry":{"type":"Point","coordinates":[44.171,13.976]}},{"type":"Feature","properties":{"name":"Türkmenabat","pop":234817,"rank":10,"scalerank":4,"minzoom":5.6,"capital":0,"nation":"tkm"},"geometry":{"type":"Point","coordinates":[63.58,39.11]}},{"type":"Feature","properties":{"name":"Punto Fijo","pop":234736,"rank":10,"scalerank":6,"minzoom":6,"capital":0,"nation":"ven"},"geometry":{"type":"Point","coordinates":[-70.21,11.72]}},{"type":"Feature","properties":{"name":"Porbandar","pop":234684,"rank":10,"scalerank":6,"minzoom":6,"capital":0,"nation":"ind"},"geometry":{"type":"Point","coordinates":[69.67,21.67]}},{"type":"Feature","properties":{"name":"Zacatecas","pop":234481,"rank":10,"scalerank":7,"minzoom":6.7,"capital":0,"nation":"mex"},"geometry":{"type":"Point","coordinates":[-102.58,22.77]}},{"type":"Feature","properties":{"name":"Santa Ana del Yacuma","pop":234478,"rank":10,"scalerank":8,"minzoom":7,"capital":0,"nation":"bol"},"geometry":{"type":"Point","coordinates":[-65.58,-13.76]}},{"type":"Feature","properties":{"name":"Santa Ana","pop":234478,"rank":10,"scalerank":7,"minzoom":6.7,"capital":0,"nation":"slv"},"geometry":{"type":"Point","coordinates":[-89.56,13.995]}},{"type":"Feature","properties":{"name":"Singaraja","pop":234468,"rank":10,"scalerank":7,"minzoom":6.7,"capital":0,"nation":"idn"},"geometry":{"type":"Point","coordinates":[115.094,-8.115]}},{"type":"Feature","properties":{"name":"Pensacola","pop":234384,"rank":10,"scalerank":6,"minzoom":6,"capital":0,"nation":"usa"},"geometry":{"type":"Point","coordinates":[-87.217,30.421]}},{"type":"Feature","properties":{"name":"Dili","pop":234331,"rank":10,"scalerank":3,"minzoom":5,"capital":1,"nation":"tls"},"geometry":{"type":"Point","coordinates":[125.579,-8.559]}},{"type":"Feature","properties":{"name":"Nijnekamsk","pop":234297,"rank":10,"scalerank":7,"minzoom":6.1,"capital":0,"nation":"rus"},"geometry":{"type":"Point","coordinates":[51.82,55.64]}},{"type":"Feature","properties":{"name":"Zabol","pop":233968,"rank":10,"scalerank":6,"minzoom":6,"capital":0,"nation":"irn"},"geometry":{"type":"Point","coordinates":[61.481,31.021]}},{"type":"Feature","properties":{"name":"Rancagua","pop":233268,"rank":10,"scalerank":6,"minzoom":6,"capital":0,"nation":"chl"},"geometry":{"type":"Point","coordinates":[-70.74,-34.17]}},{"type":"Feature","properties":{"name":"Clermont-Ferrand","pop":233050,"rank":10,"scalerank":8,"minzoom":6,"capital":0,"nation":"fra"},"geometry":{"type":"Point","coordinates":[3.08,45.78]}},{"type":"Feature","properties":{"name":"Krementchouk","pop":232742,"rank":10,"scalerank":7,"minzoom":6.1,"capital":0,"nation":"ukr"},"geometry":{"type":"Point","coordinates":[33.43,49.084]}},{"type":"Feature","properties":{"name":"Maradi","pop":232555,"rank":10,"scalerank":4,"minzoom":5.6,"capital":0,"nation":"ner"},"geometry":{"type":"Point","coordinates":[7.096,13.492]}},{"type":"Feature","properties":{"name":"Ploiești","pop":232542,"rank":10,"scalerank":7,"minzoom":6.7,"capital":0,"nation":"rou"},"geometry":{"type":"Point","coordinates":[26.036,44.947]}},{"type":"Feature","properties":{"name":"Nakhon Si Thammarat","pop":232335,"rank":10,"scalerank":6,"minzoom":6,"capital":0,"nation":"tha"},"geometry":{"type":"Point","coordinates":[99.97,8.4]}},{"type":"Feature","properties":{"name":"Hetauda","pop":232334,"rank":10,"scalerank":8,"minzoom":7,"capital":0,"nation":"npl"},"geometry":{"type":"Point","coordinates":[85.033,27.417]}},{"type":"Feature","properties":{"name":"Saiyadpur","pop":232209,"rank":10,"scalerank":7,"minzoom":6.7,"capital":0,"nation":"bgd"},"geometry":{"type":"Point","coordinates":[89,25.8]}},{"type":"Feature","properties":{"name":"Falloujah","pop":231819,"rank":10,"scalerank":7,"minzoom":6.1,"capital":0,"nation":"irq"},"geometry":{"type":"Point","coordinates":[43.777,33.348]}},{"type":"Feature","properties":{"name":"Santa Rosa","pop":231792,"rank":10,"scalerank":7,"minzoom":6.1,"capital":0,"nation":"usa"},"geometry":{"type":"Point","coordinates":[-122.7,38.45]}},{"type":"Feature","properties":{"name":"Shishou","pop":231787,"rank":10,"scalerank":7,"minzoom":6.7,"capital":0,"nation":"chn"},"geometry":{"type":"Point","coordinates":[112.4,29.7]}},{"type":"Feature","properties":{"name":"Ngaoundéré","pop":231357,"rank":10,"scalerank":7,"minzoom":6.7,"capital":0,"nation":"cmr"},"geometry":{"type":"Point","coordinates":[13.58,7.32]}},{"type":"Feature","properties":{"name":"Debrecen","pop":231286,"rank":10,"scalerank":7,"minzoom":6.1,"capital":0,"nation":"hun"},"geometry":{"type":"Point","coordinates":[21.63,47.53]}},{"type":"Feature","properties":{"name":"Osnabrück","pop":231268,"rank":10,"scalerank":7,"minzoom":6.7,"capital":0,"nation":"deu"},"geometry":{"type":"Point","coordinates":[8.05,52.28]}},{"type":"Feature","properties":{"name":"Hailar","pop":231171,"rank":10,"scalerank":4,"minzoom":5.6,"capital":0,"nation":"chn"},"geometry":{"type":"Point","coordinates":[119.7,49.2]}},{"type":"Feature","properties":{"name":"Syktyvkar","pop":230910,"rank":10,"scalerank":6,"minzoom":6,"capital":0,"nation":"rus"},"geometry":{"type":"Point","coordinates":[50.82,61.66]}},{"type":"Feature","properties":{"name":"Zhangye","pop":230728,"rank":10,"scalerank":4,"minzoom":5.6,"capital":0,"nation":"chn"},"geometry":{"type":"Point","coordinates":[100.45,38.93]}},{"type":"Feature","properties":{"name":"Ilhéus","pop":230622,"rank":10,"scalerank":6,"minzoom":6,"capital":0,"nation":"bra"},"geometry":{"type":"Point","coordinates":[-39.05,-14.78]}},{"type":"Feature","properties":{"name":"Santarém","pop":230428,"rank":10,"scalerank":3,"minzoom":5,"capital":0,"nation":"bra"},"geometry":{"type":"Point","coordinates":[-54.7,-2.433]}},{"type":"Feature","properties":{"name":"Zinder","pop":230358,"rank":10,"scalerank":3,"minzoom":5,"capital":0,"nation":"ner"},"geometry":{"type":"Point","coordinates":[8.983,13.8]}},{"type":"Feature","properties":{"name":"Noukous","pop":230006,"rank":10,"scalerank":4,"minzoom":5.6,"capital":0,"nation":"uzb"},"geometry":{"type":"Point","coordinates":[59.615,42.47]}},{"type":"Feature","properties":{"name":"Magdebourg","pop":229826,"rank":10,"scalerank":7,"minzoom":6.1,"capital":0,"nation":"deu"},"geometry":{"type":"Point","coordinates":[11.62,52.13]}},{"type":"Feature","properties":{"name":"Tlemcen","pop":229777,"rank":10,"scalerank":7,"minzoom":6.7,"capital":0,"nation":"dza"},"geometry":{"type":"Point","coordinates":[-1.32,34.89]}},{"type":"Feature","properties":{"name":"Noguinsk","pop":229731,"rank":10,"scalerank":7,"minzoom":6.7,"capital":0,"nation":"rus"},"geometry":{"type":"Point","coordinates":[38.48,55.87]}},{"type":"Feature","properties":{"name":"Noguinsk","pop":229731,"rank":10,"scalerank":6,"minzoom":6,"capital":0,"nation":"rus"},"geometry":{"type":"Point","coordinates":[91.233,64.483]}},{"type":"Feature","properties":{"name":"Nawabshah","pop":229504,"rank":10,"scalerank":7,"minzoom":6.1,"capital":0,"nation":"pak"},"geometry":{"type":"Point","coordinates":[68.4,26.245]}},{"type":"Feature","properties":{"name":"Bhâratpur","pop":229384,"rank":10,"scalerank":7,"minzoom":6.7,"capital":0,"nation":"ind"},"geometry":{"type":"Point","coordinates":[77.507,27.209]}},{"type":"Feature","properties":{"name":"Salem","pop":229010,"rank":10,"scalerank":4,"minzoom":5.6,"capital":0,"nation":"usa"},"geometry":{"type":"Point","coordinates":[-123.024,44.928]}},{"type":"Feature","properties":{"name":"Uitenhage","pop":228912,"rank":10,"scalerank":7,"minzoom":6.7,"capital":0,"nation":"zaf"},"geometry":{"type":"Point","coordinates":[25.39,-33.76]}},{"type":"Feature","properties":{"name":"Beipiao","pop":228515,"rank":10,"scalerank":8,"minzoom":7,"capital":0,"nation":"chn"},"geometry":{"type":"Point","coordinates":[120.76,41.81]}},{"type":"Feature","properties":{"name":"Errachidia","pop":228489,"rank":10,"scalerank":7,"minzoom":6.1,"capital":0,"nation":"mar"},"geometry":{"type":"Point","coordinates":[-4.45,31.94]}},{"type":"Feature","properties":{"name":"Fort Collins","pop":228385,"rank":10,"scalerank":7,"minzoom":6.1,"capital":0,"nation":"usa"},"geometry":{"type":"Point","coordinates":[-105.059,40.561]}},{"type":"Feature","properties":{"name":"Fort Pierce","pop":228245,"rank":10,"scalerank":7,"minzoom":6.1,"capital":0,"nation":"usa"},"geometry":{"type":"Point","coordinates":[-80.326,27.447]}},{"type":"Feature","properties":{"name":"Petropavl","pop":228238,"rank":10,"scalerank":6,"minzoom":6,"capital":0,"nation":"kaz"},"geometry":{"type":"Point","coordinates":[69.22,54.88]}},{"type":"Feature","properties":{"name":"Miri","pop":228212,"rank":10,"scalerank":7,"minzoom":6.7,"capital":0,"nation":"mys"},"geometry":{"type":"Point","coordinates":[113.985,4.4]}},{"type":"Feature","properties":{"name":"Nassau","pop":227940,"rank":10,"scalerank":3,"minzoom":5,"capital":1,"nation":"bhs"},"geometry":{"type":"Point","coordinates":[-77.35,25.083]}},{"type":"Feature","properties":{"name":"Iquique","pop":227499,"rank":10,"scalerank":3,"minzoom":5,"capital":0,"nation":"chl"},"geometry":{"type":"Point","coordinates":[-70.13,-20.25]}},{"type":"Feature","properties":{"name":"Hyesan","pop":227461,"rank":10,"scalerank":7,"minzoom":6.7,"capital":0,"nation":"prk"},"geometry":{"type":"Point","coordinates":[128.193,41.393]}},{"type":"Feature","properties":{"name":"Pondichéry","pop":227411,"rank":10,"scalerank":4,"minzoom":5.1,"capital":0,"nation":"ind"},"geometry":{"type":"Point","coordinates":[79.83,11.935]}},{"type":"Feature","properties":{"name":"Quillacollo","pop":227052,"rank":10,"scalerank":8,"minzoom":7,"capital":0,"nation":"bol"},"geometry":{"type":"Point","coordinates":[-66.28,-17.4]}},{"type":"Feature","properties":{"name":"Stary Oskol","pop":226977,"rank":10,"scalerank":7,"minzoom":5.1,"capital":0,"nation":"rus"},"geometry":{"type":"Point","coordinates":[37.84,51.3]}},{"type":"Feature","properties":{"name":"Liaocheng","pop":226930,"rank":10,"scalerank":7,"minzoom":6.7,"capital":0,"nation":"chn"},"geometry":{"type":"Point","coordinates":[115.97,36.43]}},{"type":"Feature","properties":{"name":"Gusau","pop":226857,"rank":10,"scalerank":7,"minzoom":6.7,"capital":0,"nation":"nga"},"geometry":{"type":"Point","coordinates":[6.66,12.17]}},{"type":"Feature","properties":{"name":"Tanjungpinang","pop":226666,"rank":10,"scalerank":7,"minzoom":6.7,"capital":0,"nation":"idn"},"geometry":{"type":"Point","coordinates":[104.471,0.917]}},{"type":"Feature","properties":{"name":"Chonburi","pop":226618,"rank":10,"scalerank":7,"minzoom":6.7,"capital":0,"nation":"tha"},"geometry":{"type":"Point","coordinates":[101,13.4]}},{"type":"Feature","properties":{"name":"Chuncheon","pop":226509,"rank":10,"scalerank":8,"minzoom":7,"capital":0,"nation":"kor"},"geometry":{"type":"Point","coordinates":[127.734,37.875]}},{"type":"Feature","properties":{"name":"Monywa","pop":226222,"rank":10,"scalerank":6,"minzoom":6,"capital":0,"nation":"mmr"},"geometry":{"type":"Point","coordinates":[95.15,22.105]}},{"type":"Feature","properties":{"name":"Sabzevar","pop":226183,"rank":10,"scalerank":6,"minzoom":6,"capital":0,"nation":"irn"},"geometry":{"type":"Point","coordinates":[57.63,36.22]}},{"type":"Feature","properties":{"name":"Grozny","pop":226100,"rank":10,"scalerank":4,"minzoom":5,"capital":0,"nation":"rus"},"geometry":{"type":"Point","coordinates":[45.699,43.319]}},{"type":"Feature","properties":{"name":"Kolpino","pop":225801,"rank":10,"scalerank":8,"minzoom":7,"capital":0,"nation":"rus"},"geometry":{"type":"Point","coordinates":[30.65,59.73]}},{"type":"Feature","properties":{"name":"Lancaster","pop":225799,"rank":10,"scalerank":6,"minzoom":6,"capital":0,"nation":"usa"},"geometry":{"type":"Point","coordinates":[-118.136,34.698]}},{"type":"Feature","properties":{"name":"Sikasso","pop":225753,"rank":10,"scalerank":7,"minzoom":6.7,"capital":0,"nation":"mli"},"geometry":{"type":"Point","coordinates":[-5.68,11.32]}},{"type":"Feature","properties":{"name":"Mubi","pop":225705,"rank":10,"scalerank":7,"minzoom":6.7,"capital":0,"nation":"nga"},"geometry":{"type":"Point","coordinates":[13.27,10.27]}},{"type":"Feature","properties":{"name":"Kissimmee","pop":225494,"rank":10,"scalerank":7,"minzoom":6.7,"capital":0,"nation":"usa"},"geometry":{"type":"Point","coordinates":[-81.408,28.292]}},{"type":"Feature","properties":{"name":"Novi Sad","pop":225457,"rank":10,"scalerank":7,"minzoom":6.1,"capital":0,"nation":"srb"},"geometry":{"type":"Point","coordinates":[19.85,45.25]}},{"type":"Feature","properties":{"name":"Juazeiro do Norte","pop":225230,"rank":10,"scalerank":6,"minzoom":6,"capital":0,"nation":"bra"},"geometry":{"type":"Point","coordinates":[-39.32,-7.21]}},{"type":"Feature","properties":{"name":"Nyanza","pop":225209,"rank":10,"scalerank":7,"minzoom":6.7,"capital":0,"nation":"rwa"},"geometry":{"type":"Point","coordinates":[29.74,-2.35]}},{"type":"Feature","properties":{"name":"Skikda","pop":225181,"rank":10,"scalerank":7,"minzoom":6.7,"capital":0,"nation":"dza"},"geometry":{"type":"Point","coordinates":[6.9,36.88]}},{"type":"Feature","properties":{"name":"Karnal","pop":225049,"rank":10,"scalerank":7,"minzoom":6.7,"capital":0,"nation":"ind"},"geometry":{"type":"Point","coordinates":[76.97,29.68]}},{"type":"Feature","properties":{"name":"Bạc Liêu","pop":225000,"rank":10,"scalerank":7,"minzoom":8,"capital":0,"nation":"vnm"},"geometry":{"type":"Point","coordinates":[105.72,9.28]}},{"type":"Feature","properties":{"name":"Matsumoto","pop":224926,"rank":10,"scalerank":7,"minzoom":6.7,"capital":0,"nation":"jpn"},"geometry":{"type":"Point","coordinates":[137.97,36.24]}},{"type":"Feature","properties":{"name":"Tanga","pop":224876,"rank":10,"scalerank":6,"minzoom":6,"capital":0,"nation":"tza"},"geometry":{"type":"Point","coordinates":[39.09,-5.07]}},{"type":"Feature","properties":{"name":"Sucre","pop":224838,"rank":10,"scalerank":3,"minzoom":4.7,"capital":1,"nation":"bol"},"geometry":{"type":"Point","coordinates":[-65.26,-19.041]}},{"type":"Feature","properties":{"name":"Nacala","pop":224795,"rank":10,"scalerank":3,"minzoom":5,"capital":0,"nation":"moz"},"geometry":{"type":"Point","coordinates":[40.715,-14.519]}},{"type":"Feature","properties":{"name":"Vitoria-Gasteiz","pop":224578,"rank":10,"scalerank":8,"minzoom":6.1,"capital":0,"nation":"esp"},"geometry":{"type":"Point","coordinates":[-2.67,42.85]}},{"type":"Feature","properties":{"name":"Nagercoil","pop":224329,"rank":10,"scalerank":7,"minzoom":6.7,"capital":0,"nation":"ind"},"geometry":{"type":"Point","coordinates":[77.43,8.18]}},{"type":"Feature","properties":{"name":"Nicosie","pop":224300,"rank":10,"scalerank":3,"minzoom":5,"capital":1,"nation":"cyp"},"geometry":{"type":"Point","coordinates":[33.367,35.167]}},{"type":"Feature","properties":{"name":"Haeju","pop":224231,"rank":10,"scalerank":7,"minzoom":6.7,"capital":0,"nation":"prk"},"geometry":{"type":"Point","coordinates":[125.714,38.039]}},{"type":"Feature","properties":{"name":"Adıyaman","pop":223744,"rank":10,"scalerank":7,"minzoom":6.1,"capital":0,"nation":"tur"},"geometry":{"type":"Point","coordinates":[38.28,37.77]}},{"type":"Feature","properties":{"name":"Okara","pop":223648,"rank":10,"scalerank":7,"minzoom":6.7,"capital":0,"nation":"pak"},"geometry":{"type":"Point","coordinates":[73.45,30.81]}},{"type":"Feature","properties":{"name":"Narayanganj","pop":223622,"rank":10,"scalerank":7,"minzoom":6.7,"capital":0,"nation":"bgd"},"geometry":{"type":"Point","coordinates":[90.5,23.62]}},{"type":"Feature","properties":{"name":"Colima","pop":223287,"rank":10,"scalerank":4,"minzoom":5.6,"capital":0,"nation":"mex"},"geometry":{"type":"Point","coordinates":[-103.72,19.23]}},{"type":"Feature","properties":{"name":"Hancheng","pop":222135,"rank":10,"scalerank":7,"minzoom":6.7,"capital":0,"nation":"chn"},"geometry":{"type":"Point","coordinates":[110.43,35.47]}},{"type":"Feature","properties":{"name":"Arar","pop":222016,"rank":10,"scalerank":7,"minzoom":6.1,"capital":0,"nation":"sau"},"geometry":{"type":"Point","coordinates":[41.021,30.99]}},{"type":"Feature","properties":{"name":"Itabuna","pop":221938,"rank":10,"scalerank":7,"minzoom":6.7,"capital":0,"nation":"bra"},"geometry":{"type":"Point","coordinates":[-39.28,-14.79]}},{"type":"Feature","properties":{"name":"Banja Luka","pop":221738,"rank":10,"scalerank":7,"minzoom":6.1,"capital":0,"nation":"bih"},"geometry":{"type":"Point","coordinates":[17.18,44.78]}},{"type":"Feature","properties":{"name":"Gueckedou","pop":221715,"rank":10,"scalerank":10,"minzoom":9,"capital":0,"nation":"gin"},"geometry":{"type":"Point","coordinates":[-10.151,8.554]}},{"type":"Feature","properties":{"name":"Nishapur","pop":221700,"rank":10,"scalerank":8,"minzoom":6,"capital":0,"nation":"irn"},"geometry":{"type":"Point","coordinates":[58.82,36.22]}},{"type":"Feature","properties":{"name":"Amol","pop":221650,"rank":10,"scalerank":7,"minzoom":6.1,"capital":0,"nation":"irn"},"geometry":{"type":"Point","coordinates":[52.363,36.471]}},{"type":"Feature","properties":{"name":"Tapachula","pop":221521,"rank":10,"scalerank":6,"minzoom":6,"capital":0,"nation":"mex"},"geometry":{"type":"Point","coordinates":[-92.27,14.9]}},{"type":"Feature","properties":{"name":"Formosa","pop":221383,"rank":10,"scalerank":4,"minzoom":5.6,"capital":0,"nation":"arg"},"geometry":{"type":"Point","coordinates":[-58.183,-26.173]}},{"type":"Feature","properties":{"name":"Chakhty","pop":221312,"rank":10,"scalerank":7,"minzoom":6.1,"capital":0,"nation":"rus"},"geometry":{"type":"Point","coordinates":[40.27,47.72]}},{"type":"Feature","properties":{"name":"Blagovechtchensk","pop":221296,"rank":10,"scalerank":4,"minzoom":5.6,"capital":0,"nation":"rus"},"geometry":{"type":"Point","coordinates":[127.533,50.267]}},{"type":"Feature","properties":{"name":"Tallahassee","pop":221222,"rank":10,"scalerank":4,"minzoom":5.6,"capital":0,"nation":"usa"},"geometry":{"type":"Point","coordinates":[-84.28,30.45]}},{"type":"Feature","properties":{"name":"Saint-Louis","pop":220792,"rank":10,"scalerank":6,"minzoom":6,"capital":0,"nation":"mrt"},"geometry":{"type":"Point","coordinates":[-16.51,16.02]}},{"type":"Feature","properties":{"name":"Córdoba","pop":220563,"rank":10,"scalerank":7,"minzoom":6.7,"capital":0,"nation":"mex"},"geometry":{"type":"Point","coordinates":[-96.92,18.92]}},{"type":"Feature","properties":{"name":"Babrouïsk","pop":220517,"rank":10,"scalerank":7,"minzoom":6.1,"capital":0,"nation":"blr"},"geometry":{"type":"Point","coordinates":[29.193,53.127]}},{"type":"Feature","properties":{"name":"Cabanatuan","pop":220250,"rank":10,"scalerank":7,"minzoom":6.7,"capital":0,"nation":"phl"},"geometry":{"type":"Point","coordinates":[120.962,15.502]}},{"type":"Feature","properties":{"name":"Polokwane","pop":220045,"rank":10,"scalerank":6,"minzoom":6,"capital":0,"nation":"zaf"},"geometry":{"type":"Point","coordinates":[29.45,-23.89]}},{"type":"Feature","properties":{"name":"Lhassa","pop":219599,"rank":10,"scalerank":3,"minzoom":4,"capital":0,"nation":"chn"},"geometry":{"type":"Point","coordinates":[91.1,29.645]}},{"type":"Feature","properties":{"name":"Tanjavûr","pop":219571,"rank":10,"scalerank":7,"minzoom":6.7,"capital":0,"nation":"ind"},"geometry":{"type":"Point","coordinates":[79.15,10.77]}},{"type":"Feature","properties":{"name":"Gabès","pop":219517,"rank":10,"scalerank":7,"minzoom":6.1,"capital":0,"nation":"tun"},"geometry":{"type":"Point","coordinates":[10.1,33.9]}},{"type":"Feature","properties":{"name":"Baghlân","pop":218748,"rank":10,"scalerank":6,"minzoom":6,"capital":0,"nation":"afg"},"geometry":{"type":"Point","coordinates":[68.699,36.139]}},{"type":"Feature","properties":{"name":"Novgorod","pop":218717,"rank":10,"scalerank":6,"minzoom":6,"capital":0,"nation":"rus"},"geometry":{"type":"Point","coordinates":[31.33,58.5]}},{"type":"Feature","properties":{"name":"Wuhai","pop":218427,"rank":10,"scalerank":6,"minzoom":6,"capital":0,"nation":"chn"},"geometry":{"type":"Point","coordinates":[106.812,39.665]}},{"type":"Feature","properties":{"name":"Dodoma","pop":218269,"rank":10,"scalerank":4,"minzoom":5.6,"capital":0,"nation":"tza"},"geometry":{"type":"Point","coordinates":[35.75,-6.183]}},{"type":"Feature","properties":{"name":"Bertoua","pop":218111,"rank":10,"scalerank":7,"minzoom":6.7,"capital":0,"nation":"cmr"},"geometry":{"type":"Point","coordinates":[13.68,4.58]}},{"type":"Feature","properties":{"name":"Imperatriz","pop":218106,"rank":10,"scalerank":6,"minzoom":6,"capital":0,"nation":"bra"},"geometry":{"type":"Point","coordinates":[-47.49,-5.52]}},{"type":"Feature","properties":{"name":"Potsdam","pop":218095,"rank":10,"scalerank":7,"minzoom":6.7,"capital":0,"nation":"deu"},"geometry":{"type":"Point","coordinates":[13.07,52.4]}},{"type":"Feature","properties":{"name":"York","pop":218010,"rank":10,"scalerank":7,"minzoom":6.7,"capital":0,"nation":"usa"},"geometry":{"type":"Point","coordinates":[-76.728,39.963]}},{"type":"Feature","properties":{"name":"Columbus","pop":217980,"rank":10,"scalerank":7,"minzoom":6.1,"capital":0,"nation":"usa"},"geometry":{"type":"Point","coordinates":[-84.98,32.47]}},{"type":"Feature","properties":{"name":"San Pedro de Macorís","pop":217899,"rank":10,"scalerank":7,"minzoom":6.7,"capital":0,"nation":"dom"},"geometry":{"type":"Point","coordinates":[-69.3,18.45]}},{"type":"Feature","properties":{"name":"Mallawi","pop":217365,"rank":10,"scalerank":7,"minzoom":6.7,"capital":0,"nation":"egy"},"geometry":{"type":"Point","coordinates":[30.84,27.73]}},{"type":"Feature","properties":{"name":"Sibolga","pop":217312,"rank":10,"scalerank":6,"minzoom":6,"capital":0,"nation":"idn"},"geometry":{"type":"Point","coordinates":[98.8,1.75]}},{"type":"Feature","properties":{"name":"Orléans","pop":217301,"rank":10,"scalerank":7,"minzoom":6.1,"capital":0,"nation":"fra"},"geometry":{"type":"Point","coordinates":[1.9,47.9]}},{"type":"Feature","properties":{"name":"Denov","pop":217274,"rank":10,"scalerank":8,"minzoom":7,"capital":0,"nation":"uzb"},"geometry":{"type":"Point","coordinates":[67.887,38.277]}},{"type":"Feature","properties":{"name":"Colombo","pop":217000,"rank":10,"scalerank":3,"minzoom":5,"capital":1,"nation":"lka"},"geometry":{"type":"Point","coordinates":[79.858,6.932]}},{"type":"Feature","properties":{"name":"Daytona Beach","pop":216890,"rank":10,"scalerank":6,"minzoom":6,"capital":0,"nation":"usa"},"geometry":{"type":"Point","coordinates":[-81.023,29.211]}},{"type":"Feature","properties":{"name":"Gilgit","pop":216760,"rank":10,"scalerank":7,"minzoom":6.1,"capital":0,"nation":"pak"},"geometry":{"type":"Point","coordinates":[74.3,35.917]}},{"type":"Feature","properties":{"name":"Rybinsk","pop":216724,"rank":10,"scalerank":7,"minzoom":6.7,"capital":0,"nation":"rus"},"geometry":{"type":"Point","coordinates":[38.82,58.05]}},{"type":"Feature","properties":{"name":"Groningue","pop":216688,"rank":10,"scalerank":7,"minzoom":6.1,"capital":0,"nation":"nld"},"geometry":{"type":"Point","coordinates":[6.58,53.22]}},{"type":"Feature","properties":{"name":"Trieste","pop":216035,"rank":10,"scalerank":7,"minzoom":6.7,"capital":0,"nation":"ita"},"geometry":{"type":"Point","coordinates":[13.8,45.65]}},{"type":"Feature","properties":{"name":"Naplouse","pop":215981,"rank":10,"scalerank":7,"minzoom":6.7,"capital":0,"nation":"pse"},"geometry":{"type":"Point","coordinates":[35.254,32.221]}},{"type":"Feature","properties":{"name":"Kielce","pop":215733,"rank":10,"scalerank":7,"minzoom":6.7,"capital":0,"nation":"pol"},"geometry":{"type":"Point","coordinates":[20.66,50.89]}},{"type":"Feature","properties":{"name":"Mulhouse","pop":215454,"rank":10,"scalerank":7,"minzoom":6,"capital":0,"nation":"fra"},"geometry":{"type":"Point","coordinates":[7.35,47.75]}},{"type":"Feature","properties":{"name":"Biïsk","pop":215430,"rank":10,"scalerank":7,"minzoom":6.1,"capital":0,"nation":"rus"},"geometry":{"type":"Point","coordinates":[85.18,52.534]}},{"type":"Feature","properties":{"name":"Owerri","pop":215038,"rank":10,"scalerank":10,"minzoom":7,"capital":0,"nation":"nga"},"geometry":{"type":"Point","coordinates":[7.026,5.493]}},{"type":"Feature","properties":{"name":"Zamora","pop":214947,"rank":10,"scalerank":7,"minzoom":6.7,"capital":0,"nation":"mex"},"geometry":{"type":"Point","coordinates":[-102.28,19.98]}},{"type":"Feature","properties":{"name":"Navoï","pop":214828,"rank":10,"scalerank":7,"minzoom":6.7,"capital":0,"nation":"uzb"},"geometry":{"type":"Point","coordinates":[65.355,40.11]}},{"type":"Feature","properties":{"name":"Split","pop":214741,"rank":10,"scalerank":7,"minzoom":6.1,"capital":0,"nation":"hrv"},"geometry":{"type":"Point","coordinates":[16.47,43.52]}},{"type":"Feature","properties":{"name":"Oradea","pop":213830,"rank":10,"scalerank":8,"minzoom":6.1,"capital":0,"nation":"rou"},"geometry":{"type":"Point","coordinates":[21.92,47.05]}},{"type":"Feature","properties":{"name":"Loutsk","pop":213661,"rank":10,"scalerank":7,"minzoom":6.1,"capital":0,"nation":"ukr"},"geometry":{"type":"Point","coordinates":[25.333,50.747]}},{"type":"Feature","properties":{"name":"Portoviejo","pop":213601,"rank":10,"scalerank":6,"minzoom":6,"capital":0,"nation":"ecu"},"geometry":{"type":"Point","coordinates":[-80.46,-1.06]}},{"type":"Feature","properties":{"name":"Bergen","pop":213585,"rank":10,"scalerank":3,"minzoom":5,"capital":0,"nation":"nor"},"geometry":{"type":"Point","coordinates":[5.325,60.391]}},{"type":"Feature","properties":{"name":"Brăila","pop":213569,"rank":10,"scalerank":10,"minzoom":9,"capital":0,"nation":"rou"},"geometry":{"type":"Point","coordinates":[27.969,45.292]}},{"type":"Feature","properties":{"name":"Lubbock","pop":213300,"rank":10,"scalerank":6,"minzoom":6,"capital":0,"nation":"usa"},"geometry":{"type":"Point","coordinates":[-101.88,33.58]}},{"type":"Feature","properties":{"name":"Nanping","pop":213054,"rank":10,"scalerank":7,"minzoom":6.1,"capital":0,"nation":"chn"},"geometry":{"type":"Point","coordinates":[118.17,26.63]}},{"type":"Feature","properties":{"name":"Machala","pop":213034,"rank":10,"scalerank":6,"minzoom":6,"capital":0,"nation":"ecu"},"geometry":{"type":"Point","coordinates":[-79.96,-3.26]}},{"type":"Feature","properties":{"name":"Huntsville","pop":212733,"rank":10,"scalerank":6,"minzoom":6,"capital":0,"nation":"usa"},"geometry":{"type":"Point","coordinates":[-86.61,34.72]}},{"type":"Feature","properties":{"name":"Limbé","pop":212474,"rank":10,"scalerank":7,"minzoom":6.7,"capital":0,"nation":"cmr"},"geometry":{"type":"Point","coordinates":[9.19,4.03]}},{"type":"Feature","properties":{"name":"Marília","pop":212218,"rank":10,"scalerank":8,"minzoom":7,"capital":0,"nation":"bra"},"geometry":{"type":"Point","coordinates":[-49.95,-22.21]}},{"type":"Feature","properties":{"name":"Kırıkkale","pop":211138,"rank":10,"scalerank":7,"minzoom":6.1,"capital":0,"nation":"tur"},"geometry":{"type":"Point","coordinates":[33.53,39.85]}},{"type":"Feature","properties":{"name":"Springfield","pop":210939,"rank":10,"scalerank":6,"minzoom":6,"capital":0,"nation":"usa"},"geometry":{"type":"Point","coordinates":[-93.32,37.18]}},{"type":"Feature","properties":{"name":"Abha","pop":210886,"rank":10,"scalerank":6,"minzoom":6,"capital":0,"nation":"sau"},"geometry":{"type":"Point","coordinates":[42.5,18.23]}},{"type":"Feature","properties":{"name":"San-Pédro","pop":210273,"rank":10,"scalerank":7,"minzoom":6.7,"capital":0,"nation":"civ"},"geometry":{"type":"Point","coordinates":[-6.64,4.77]}},{"type":"Feature","properties":{"name":"Tamatave","pop":210226,"rank":10,"scalerank":6,"minzoom":6,"capital":0,"nation":"mdg"},"geometry":{"type":"Point","coordinates":[49.405,-18.182]}},{"type":"Feature","properties":{"name":"Pali","pop":210103,"rank":10,"scalerank":7,"minzoom":6.7,"capital":0,"nation":"ind"},"geometry":{"type":"Point","coordinates":[73.33,25.79]}},{"type":"Feature","properties":{"name":"Thái Bình","pop":210000,"rank":10,"scalerank":10,"minzoom":8,"capital":0,"nation":"vnm"},"geometry":{"type":"Point","coordinates":[106.333,20.45]}},{"type":"Feature","properties":{"name":"Oural","pop":209788,"rank":10,"scalerank":6,"minzoom":6,"capital":0,"nation":"kaz"},"geometry":{"type":"Point","coordinates":[51.335,51.271]}},{"type":"Feature","properties":{"name":"Presidente Prudente","pop":209502,"rank":10,"scalerank":8,"minzoom":7,"capital":0,"nation":"bra"},"geometry":{"type":"Point","coordinates":[-51.39,-22.12]}},{"type":"Feature","properties":{"name":"Lancaster","pop":209489,"rank":10,"scalerank":8,"minzoom":6.1,"capital":0,"nation":"usa"},"geometry":{"type":"Point","coordinates":[-76.306,40.038]}},{"type":"Feature","properties":{"name":"Sanming","pop":209444,"rank":10,"scalerank":8,"minzoom":7,"capital":0,"nation":"chn"},"geometry":{"type":"Point","coordinates":[117.58,26.23]}},{"type":"Feature","properties":{"name":"Rennes","pop":209375,"rank":10,"scalerank":6,"minzoom":6,"capital":0,"nation":"fra"},"geometry":{"type":"Point","coordinates":[-1.67,48.1]}},{"type":"Feature","properties":{"name":"Ijebu Ode","pop":209175,"rank":10,"scalerank":7,"minzoom":6.7,"capital":0,"nation":"nga"},"geometry":{"type":"Point","coordinates":[3.92,6.82]}},{"type":"Feature","properties":{"name":"Tema","pop":209000,"rank":10,"scalerank":7,"minzoom":6.7,"capital":0,"nation":"gha"},"geometry":{"type":"Point","coordinates":[0.01,5.64]}},{"type":"Feature","properties":{"name":"Santander","pop":208763,"rank":10,"scalerank":7,"minzoom":6.7,"capital":0,"nation":"esp"},"geometry":{"type":"Point","coordinates":[-3.8,43.38]}},{"type":"Feature","properties":{"name":"Sidi Bel Abbès","pop":208604,"rank":10,"scalerank":7,"minzoom":6.7,"capital":0,"nation":"dza"},"geometry":{"type":"Point","coordinates":[-0.64,35.19]}},{"type":"Feature","properties":{"name":"Bojnourd","pop":208582,"rank":10,"scalerank":8,"minzoom":7,"capital":0,"nation":"irn"},"geometry":{"type":"Point","coordinates":[57.32,37.47]}},{"type":"Feature","properties":{"name":"La Romana","pop":208437,"rank":10,"scalerank":7,"minzoom":6.7,"capital":0,"nation":""},"geometry":{"type":"Point","coordinates":[-68.967,18.417]}},{"type":"Feature","properties":{"name":"Gaborone","pop":208411,"rank":10,"scalerank":3,"minzoom":5,"capital":1,"nation":"bwa"},"geometry":{"type":"Point","coordinates":[25.912,-24.646]}},{"type":"Feature","properties":{"name":"Hajjah","pop":208287,"rank":10,"scalerank":7,"minzoom":6.7,"capital":0,"nation":"yem"},"geometry":{"type":"Point","coordinates":[43.602,15.692]}},{"type":"Feature","properties":{"name":"Waitakere","pop":208100,"rank":10,"scalerank":7,"minzoom":6.7,"capital":0,"nation":"nzl"},"geometry":{"type":"Point","coordinates":[174.554,-36.852]}},{"type":"Feature","properties":{"name":"Lobito","pop":207932,"rank":10,"scalerank":6,"minzoom":6,"capital":0,"nation":"ago"},"geometry":{"type":"Point","coordinates":[13.541,-12.37]}},{"type":"Feature","properties":{"name":"Pingliang","pop":207256,"rank":10,"scalerank":7,"minzoom":6.7,"capital":0,"nation":"chn"},"geometry":{"type":"Point","coordinates":[106.68,35.53]}},{"type":"Feature","properties":{"name":"Laoag","pop":207048,"rank":10,"scalerank":4,"minzoom":5.6,"capital":0,"nation":"phl"},"geometry":{"type":"Point","coordinates":[120.594,18.199]}},{"type":"Feature","properties":{"name":"Baher Dar","pop":206748,"rank":10,"scalerank":4,"minzoom":5.6,"capital":0,"nation":"eth"},"geometry":{"type":"Point","coordinates":[37.383,11.6]}},{"type":"Feature","properties":{"name":"Yamoussoukro","pop":206499,"rank":10,"scalerank":3,"minzoom":5,"capital":1,"nation":"civ"},"geometry":{"type":"Point","coordinates":[-5.276,6.818]}},{"type":"Feature","properties":{"name":"Beer-Sheva","pop":206408,"rank":10,"scalerank":8,"minzoom":7,"capital":0,"nation":"isr"},"geometry":{"type":"Point","coordinates":[34.83,31.25]}},{"type":"Feature","properties":{"name":"Salzbourg","pop":206279,"rank":10,"scalerank":7,"minzoom":6.1,"capital":0,"nation":"aut"},"geometry":{"type":"Point","coordinates":[13.04,47.81]}},{"type":"Feature","properties":{"name":"Kalemie","pop":206257,"rank":10,"scalerank":4,"minzoom":5.6,"capital":0,"nation":"cod"},"geometry":{"type":"Point","coordinates":[29.2,-5.933]}},{"type":"Feature","properties":{"name":"North Shore City","pop":205605,"rank":10,"scalerank":7,"minzoom":6.7,"capital":0,"nation":"nzl"},"geometry":{"type":"Point","coordinates":[174.776,-36.791]}},{"type":"Feature","properties":{"name":"Jiutai","pop":205399,"rank":10,"scalerank":7,"minzoom":6.7,"capital":0,"nation":"chn"},"geometry":{"type":"Point","coordinates":[125.844,44.145]}},{"type":"Feature","properties":{"name":"Campeche","pop":205212,"rank":10,"scalerank":4,"minzoom":5.6,"capital":0,"nation":"mex"},"geometry":{"type":"Point","coordinates":[-90.5,19.83]}},{"type":"Feature","properties":{"name":"Puqi","pop":205164,"rank":10,"scalerank":7,"minzoom":6.7,"capital":0,"nation":"chn"},"geometry":{"type":"Point","coordinates":[113.88,29.72]}},{"type":"Feature","properties":{"name":"São Carlos","pop":205035,"rank":10,"scalerank":8,"minzoom":7,"capital":0,"nation":"bra"},"geometry":{"type":"Point","coordinates":[-47.89,-22.02]}},{"type":"Feature","properties":{"name":"Funchal","pop":204767,"rank":10,"scalerank":6,"minzoom":6,"capital":0,"nation":"prt"},"geometry":{"type":"Point","coordinates":[-16.88,32.65]}},{"type":"Feature","properties":{"name":"Criciúma","pop":204217,"rank":10,"scalerank":6,"minzoom":6,"capital":0,"nation":"bra"},"geometry":{"type":"Point","coordinates":[-49.39,-28.68]}},{"type":"Feature","properties":{"name":"Lampang","pop":204081,"rank":10,"scalerank":7,"minzoom":6.1,"capital":0,"nation":"tha"},"geometry":{"type":"Point","coordinates":[99.481,18.292]}},{"type":"Feature","properties":{"name":"Colón","pop":204000,"rank":10,"scalerank":6,"minzoom":6,"capital":0,"nation":"pan"},"geometry":{"type":"Point","coordinates":[-79.875,9.365]}},{"type":"Feature","properties":{"name":"Salalah","pop":203877,"rank":10,"scalerank":6,"minzoom":6,"capital":0,"nation":"omn"},"geometry":{"type":"Point","coordinates":[54.085,17.025]}},{"type":"Feature","properties":{"name":"Sibu","pop":203832,"rank":10,"scalerank":6,"minzoom":6,"capital":0,"nation":"mys"},"geometry":{"type":"Point","coordinates":[111.843,2.303]}},{"type":"Feature","properties":{"name":"Las Tunas","pop":203684,"rank":10,"scalerank":7,"minzoom":6.7,"capital":0,"nation":"cub"},"geometry":{"type":"Point","coordinates":[-76.954,20.96]}},{"type":"Feature","properties":{"name":"Appleton","pop":203665,"rank":10,"scalerank":8,"minzoom":6.1,"capital":0,"nation":"usa"},"geometry":{"type":"Point","coordinates":[-88.401,44.269]}},{"type":"Feature","properties":{"name":"Lianzhou","pop":203639,"rank":10,"scalerank":7,"minzoom":6.7,"capital":0,"nation":"chn"},"geometry":{"type":"Point","coordinates":[112.383,24.782]}},{"type":"Feature","properties":{"name":"Guaratinguetá","pop":203580,"rank":10,"scalerank":8,"minzoom":7,"capital":0,"nation":"bra"},"geometry":{"type":"Point","coordinates":[-45.19,-22.82]}},{"type":"Feature","properties":{"name":"Pise","pop":203336,"rank":10,"scalerank":7,"minzoom":6.1,"capital":0,"nation":"ita"},"geometry":{"type":"Point","coordinates":[10.4,43.72]}},{"type":"Feature","properties":{"name":"Agartala","pop":203264,"rank":10,"scalerank":7,"minzoom":6.7,"capital":0,"nation":"ind"},"geometry":{"type":"Point","coordinates":[91.28,23.835]}},{"type":"Feature","properties":{"name":"Erfurt","pop":203254,"rank":10,"scalerank":8,"minzoom":7,"capital":0,"nation":"deu"},"geometry":{"type":"Point","coordinates":[11.03,50.97]}},{"type":"Feature","properties":{"name":"Timon","pop":203157,"rank":10,"scalerank":8,"minzoom":7,"capital":0,"nation":"bra"},"geometry":{"type":"Point","coordinates":[-42.845,-5.115]}},{"type":"Feature","properties":{"name":"Édéa","pop":203149,"rank":10,"scalerank":7,"minzoom":6.7,"capital":0,"nation":"cmr"},"geometry":{"type":"Point","coordinates":[10.12,3.8]}},{"type":"Feature","properties":{"name":"Rostock","pop":203080,"rank":10,"scalerank":7,"minzoom":6.1,"capital":0,"nation":"deu"},"geometry":{"type":"Point","coordinates":[12.15,54.07]}},{"type":"Feature","properties":{"name":"Ongole","pop":202860,"rank":10,"scalerank":7,"minzoom":6.1,"capital":0,"nation":"ind"},"geometry":{"type":"Point","coordinates":[80.058,15.506]}},{"type":"Feature","properties":{"name":"Djougou","pop":202810,"rank":10,"scalerank":7,"minzoom":6.7,"capital":0,"nation":"ben"},"geometry":{"type":"Point","coordinates":[1.68,9.7]}},{"type":"Feature","properties":{"name":"Khoy","pop":202728,"rank":10,"scalerank":7,"minzoom":6.1,"capital":0,"nation":"irn"},"geometry":{"type":"Point","coordinates":[44.97,38.53]}},{"type":"Feature","properties":{"name":"Mossoró","pop":202583,"rank":10,"scalerank":6,"minzoom":6,"capital":0,"nation":"bra"},"geometry":{"type":"Point","coordinates":[-37.34,-5.19]}},{"type":"Feature","properties":{"name":"Barisal","pop":202242,"rank":10,"scalerank":7,"minzoom":6.1,"capital":0,"nation":"bgd"},"geometry":{"type":"Point","coordinates":[90.375,22.7]}},{"type":"Feature","properties":{"name":"Biskra","pop":202103,"rank":10,"scalerank":6,"minzoom":6,"capital":0,"nation":"dza"},"geometry":{"type":"Point","coordinates":[5.73,34.86]}},{"type":"Feature","properties":{"name":"Angren","pop":202070,"rank":10,"scalerank":7,"minzoom":6.7,"capital":0,"nation":"uzb"},"geometry":{"type":"Point","coordinates":[70.155,41.03]}},{"type":"Feature","properties":{"name":"Tarente","pop":202033,"rank":10,"scalerank":7,"minzoom":6.1,"capital":0,"nation":"ita"},"geometry":{"type":"Point","coordinates":[17.23,40.508]}},{"type":"Feature","properties":{"name":"Pskov","pop":201990,"rank":10,"scalerank":4,"minzoom":5.1,"capital":0,"nation":"rus"},"geometry":{"type":"Point","coordinates":[28.33,57.83]}},{"type":"Feature","properties":{"name":"Khoms","pop":201943,"rank":10,"scalerank":7,"minzoom":6.7,"capital":0,"nation":"lby"},"geometry":{"type":"Point","coordinates":[14.26,32.66]}},{"type":"Feature","properties":{"name":"Minatitlán","pop":201902,"rank":10,"scalerank":7,"minzoom":6.7,"capital":0,"nation":"mex"},"geometry":{"type":"Point","coordinates":[-94.53,17.98]}},{"type":"Feature","properties":{"name":"Chiniot","pop":201781,"rank":10,"scalerank":8,"minzoom":7,"capital":0,"nation":"pak"},"geometry":{"type":"Point","coordinates":[72.98,31.72]}},{"type":"Feature","properties":{"name":"Pingzhen","pop":201632,"rank":10,"scalerank":9,"minzoom":8,"capital":0,"nation":"twn"},"geometry":{"type":"Point","coordinates":[121.216,24.944]}},{"type":"Feature","properties":{"name":"San Miguel","pop":201563,"rank":10,"scalerank":8,"minzoom":7,"capital":0,"nation":"slv"},"geometry":{"type":"Point","coordinates":[-88.183,13.483]}},{"type":"Feature","properties":{"name":"Lashkar Gah","pop":201546,"rank":10,"scalerank":10,"minzoom":7,"capital":0,"nation":"afg"},"geometry":{"type":"Point","coordinates":[64.36,31.583]}},{"type":"Feature","properties":{"name":"Daşoguz","pop":201424,"rank":10,"scalerank":6,"minzoom":6,"capital":0,"nation":"tkm"},"geometry":{"type":"Point","coordinates":[59.965,41.84]}},{"type":"Feature","properties":{"name":"Sete Lagoas","pop":201334,"rank":10,"scalerank":7,"minzoom":6.7,"capital":0,"nation":"bra"},"geometry":{"type":"Point","coordinates":[-44.25,-19.45]}},{"type":"Feature","properties":{"name":"Al-Qadarif","pop":201282,"rank":10,"scalerank":6,"minzoom":6,"capital":0,"nation":"sdn"},"geometry":{"type":"Point","coordinates":[35.38,14.04]}},{"type":"Feature","properties":{"name":"Carthagène","pop":201274,"rank":10,"scalerank":7,"minzoom":6.1,"capital":0,"nation":"esp"},"geometry":{"type":"Point","coordinates":[-0.98,37.6]}},{"type":"Feature","properties":{"name":"Purî","pop":201026,"rank":10,"scalerank":7,"minzoom":6.1,"capital":0,"nation":"ind"},"geometry":{"type":"Point","coordinates":[85.9,19.82]}},{"type":"Feature","properties":{"name":"Dindigul","pop":200797,"rank":10,"scalerank":6,"minzoom":6,"capital":0,"nation":"ind"},"geometry":{"type":"Point","coordinates":[77.978,10.36]}},{"type":"Feature","properties":{"name":"Haldia","pop":200762,"rank":10,"scalerank":7,"minzoom":6.7,"capital":0,"nation":"ind"},"geometry":{"type":"Point","coordinates":[88.058,22.026]}},{"type":"Feature","properties":{"name":"Zaouïa","pop":200000,"rank":9,"scalerank":7,"minzoom":6.7,"capital":0,"nation":"lby"},"geometry":{"type":"Point","coordinates":[12.72,32.76]}},{"type":"Feature","properties":{"name":"Bergame","pop":200000,"rank":9,"scalerank":7,"minzoom":6.7,"capital":0,"nation":"ita"},"geometry":{"type":"Point","coordinates":[9.67,45.7]}},{"type":"Feature","properties":{"name":"Kasama","pop":200000,"rank":9,"scalerank":7,"minzoom":6.1,"capital":0,"nation":"zmb"},"geometry":{"type":"Point","coordinates":[31.18,-10.2]}},{"type":"Feature","properties":{"name":"Moratuwa","pop":200000,"rank":9,"scalerank":7,"minzoom":6.7,"capital":0,"nation":"lka"},"geometry":{"type":"Point","coordinates":[79.88,6.78]}},{"type":"Feature","properties":{"name":"Néma","pop":200000,"rank":9,"scalerank":7,"minzoom":6.7,"capital":0,"nation":"mrt"},"geometry":{"type":"Point","coordinates":[-7.25,16.617]}},{"type":"Feature","properties":{"name":"Pokhara","pop":200000,"rank":9,"scalerank":7,"minzoom":6.1,"capital":0,"nation":"npl"},"geometry":{"type":"Point","coordinates":[84.006,28.204]}},{"type":"Feature","properties":{"name":"Rivera","pop":200000,"rank":9,"scalerank":7,"minzoom":6.7,"capital":0,"nation":"ury"},"geometry":{"type":"Point","coordinates":[-55.56,-30.9]}},{"type":"Feature","properties":{"name":"Waukegan","pop":200000,"rank":9,"scalerank":7,"minzoom":6.1,"capital":0,"nation":"usa"},"geometry":{"type":"Point","coordinates":[-87.845,42.364]}},{"type":"Feature","properties":{"name":"Zhubei","pop":200000,"rank":9,"scalerank":9,"minzoom":7,"capital":0,"nation":"twn"},"geometry":{"type":"Point","coordinates":[121.012,24.833]}},{"type":"Feature","properties":{"name":"Maïmana","pop":199795,"rank":9,"scalerank":7,"minzoom":6.7,"capital":0,"nation":"afg"},"geometry":{"type":"Point","coordinates":[64.77,35.93]}},{"type":"Feature","properties":{"name":"Bacău","pop":199668,"rank":9,"scalerank":7,"minzoom":6.1,"capital":0,"nation":"rou"},"geometry":{"type":"Point","coordinates":[26.92,46.578]}},{"type":"Feature","properties":{"name":"Taza","pop":199633,"rank":9,"scalerank":7,"minzoom":6.7,"capital":0,"nation":"mar"},"geometry":{"type":"Point","coordinates":[-4.02,34.22]}},{"type":"Feature","properties":{"name":"Batu Pahat","pop":199619,"rank":9,"scalerank":7,"minzoom":6.7,"capital":0,"nation":"mys"},"geometry":{"type":"Point","coordinates":[102.933,1.85]}},{"type":"Feature","properties":{"name":"Balakovo","pop":199572,"rank":9,"scalerank":6,"minzoom":6,"capital":0,"nation":"rus"},"geometry":{"type":"Point","coordinates":[47.8,52.03]}},{"type":"Feature","properties":{"name":"Armavir","pop":199548,"rank":9,"scalerank":7,"minzoom":6.1,"capital":0,"nation":"rus"},"geometry":{"type":"Point","coordinates":[41.13,45]}},{"type":"Feature","properties":{"name":"Rosette","pop":199509,"rank":9,"scalerank":7,"minzoom":6.7,"capital":0,"nation":"egy"},"geometry":{"type":"Point","coordinates":[30.39,31.46]}},{"type":"Feature","properties":{"name":"Bila Tserkva","pop":199163,"rank":9,"scalerank":8,"minzoom":7,"capital":0,"nation":"ukr"},"geometry":{"type":"Point","coordinates":[30.131,49.774]}},{"type":"Feature","properties":{"name":"Saskatoon","pop":198958,"rank":9,"scalerank":3,"minzoom":5,"capital":0,"nation":"can"},"geometry":{"type":"Point","coordinates":[-106.67,52.17]}},{"type":"Feature","properties":{"name":"Aydın","pop":198857,"rank":9,"scalerank":8,"minzoom":6,"capital":0,"nation":"tur"},"geometry":{"type":"Point","coordinates":[27.85,37.85]}},{"type":"Feature","properties":{"name":"Huangyan","pop":198713,"rank":9,"scalerank":8,"minzoom":7,"capital":0,"nation":"chn"},"geometry":{"type":"Point","coordinates":[121.25,28.65]}},{"type":"Feature","properties":{"name":"Bulandshahr","pop":198612,"rank":9,"scalerank":8,"minzoom":7,"capital":0,"nation":"ind"},"geometry":{"type":"Point","coordinates":[77.848,28.41]}},{"type":"Feature","properties":{"name":"Green Bay","pop":198611,"rank":9,"scalerank":6,"minzoom":6,"capital":0,"nation":"usa"},"geometry":{"type":"Point","coordinates":[-88,44.53]}},{"type":"Feature","properties":{"name":"Kushiro","pop":198566,"rank":9,"scalerank":4,"minzoom":5.1,"capital":0,"nation":"jpn"},"geometry":{"type":"Point","coordinates":[144.375,42.975]}},{"type":"Feature","properties":{"name":"Purnia","pop":198453,"rank":9,"scalerank":7,"minzoom":6.7,"capital":0,"nation":"ind"},"geometry":{"type":"Point","coordinates":[87.48,25.785]}},{"type":"Feature","properties":{"name":"Montgomery","pop":198325,"rank":9,"scalerank":4,"minzoom":5.6,"capital":0,"nation":"usa"},"geometry":{"type":"Point","coordinates":[-86.279,32.362]}},{"type":"Feature","properties":{"name":"Martapura","pop":198239,"rank":9,"scalerank":6,"minzoom":6,"capital":0,"nation":"idn"},"geometry":{"type":"Point","coordinates":[114.836,-3.414]}},{"type":"Feature","properties":{"name":"Roanoke","pop":198171,"rank":9,"scalerank":7,"minzoom":6.1,"capital":0,"nation":"usa"},"geometry":{"type":"Point","coordinates":[-79.942,37.271]}},{"type":"Feature","properties":{"name":"Gemena","pop":198056,"rank":9,"scalerank":6,"minzoom":6,"capital":0,"nation":"cod"},"geometry":{"type":"Point","coordinates":[19.77,3.26]}},{"type":"Feature","properties":{"name":"Thanh Hóa","pop":197551,"rank":9,"scalerank":6,"minzoom":6,"capital":0,"nation":"vnm"},"geometry":{"type":"Point","coordinates":[105.8,19.82]}},{"type":"Feature","properties":{"name":"Mbanza-Ngungu","pop":197545,"rank":9,"scalerank":7,"minzoom":6.7,"capital":0,"nation":"cod"},"geometry":{"type":"Point","coordinates":[14.86,-5.25]}},{"type":"Feature","properties":{"name":"Kōfu","pop":197540,"rank":9,"scalerank":7,"minzoom":6.1,"capital":0,"nation":"jpn"},"geometry":{"type":"Point","coordinates":[138.583,35.65]}},{"type":"Feature","properties":{"name":"Salamanca","pop":197524,"rank":9,"scalerank":7,"minzoom":6.7,"capital":0,"nation":"mex"},"geometry":{"type":"Point","coordinates":[-101.2,20.57]}},{"type":"Feature","properties":{"name":"Talca","pop":197479,"rank":9,"scalerank":6,"minzoom":6,"capital":0,"nation":"chl"},"geometry":{"type":"Point","coordinates":[-71.666,-35.43]}},{"type":"Feature","properties":{"name":"Proddatur","pop":197451,"rank":9,"scalerank":7,"minzoom":6.7,"capital":0,"nation":"ind"},"geometry":{"type":"Point","coordinates":[78.57,14.75]}},{"type":"Feature","properties":{"name":"El Tigre","pop":197440,"rank":9,"scalerank":7,"minzoom":6.1,"capital":0,"nation":"ven"},"geometry":{"type":"Point","coordinates":[-64.26,8.89]}},{"type":"Feature","properties":{"name":"Gurgaon","pop":197340,"rank":9,"scalerank":8,"minzoom":7,"capital":0,"nation":"ind"},"geometry":{"type":"Point","coordinates":[77.02,28.45]}},{"type":"Feature","properties":{"name":"Burhanpur","pop":197233,"rank":9,"scalerank":7,"minzoom":6.7,"capital":0,"nation":"ind"},"geometry":{"type":"Point","coordinates":[76.172,21.285]}},{"type":"Feature","properties":{"name":"Kure","pop":196991,"rank":9,"scalerank":7,"minzoom":6.7,"capital":0,"nation":"jpn"},"geometry":{"type":"Point","coordinates":[132.566,34.251]}},{"type":"Feature","properties":{"name":"Cartago","pop":196946,"rank":9,"scalerank":8,"minzoom":7,"capital":0,"nation":"cri"},"geometry":{"type":"Point","coordinates":[-83.93,9.87]}},{"type":"Feature","properties":{"name":"Porlamar","pop":196934,"rank":9,"scalerank":7,"minzoom":6.7,"capital":0,"nation":"ven"},"geometry":{"type":"Point","coordinates":[-63.85,10.96]}},{"type":"Feature","properties":{"name":"Manchester","pop":196566,"rank":9,"scalerank":7,"minzoom":6.7,"capital":0,"nation":"usa"},"geometry":{"type":"Point","coordinates":[-71.455,42.996]}},{"type":"Feature","properties":{"name":"Reims","pop":196565,"rank":9,"scalerank":7,"minzoom":6.1,"capital":0,"nation":"fra"},"geometry":{"type":"Point","coordinates":[4.03,49.25]}},{"type":"Feature","properties":{"name":"Engels","pop":196011,"rank":9,"scalerank":7,"minzoom":6.7,"capital":0,"nation":"rus"},"geometry":{"type":"Point","coordinates":[46.12,51.5]}},{"type":"Feature","properties":{"name":"Bourgas","pop":195966,"rank":9,"scalerank":6,"minzoom":6,"capital":0,"nation":"bgr"},"geometry":{"type":"Point","coordinates":[27.475,42.515]}},{"type":"Feature","properties":{"name":"Gandhinagar","pop":195891,"rank":9,"scalerank":7,"minzoom":6.7,"capital":0,"nation":"ind"},"geometry":{"type":"Point","coordinates":[72.644,23.219]}},{"type":"Feature","properties":{"name":"Iskandar","pop":195633,"rank":9,"scalerank":8,"minzoom":7,"capital":0,"nation":"uzb"},"geometry":{"type":"Point","coordinates":[69.681,41.551]}},{"type":"Feature","properties":{"name":"Nagaoka","pop":195318,"rank":9,"scalerank":7,"minzoom":6.1,"capital":0,"nation":"jpn"},"geometry":{"type":"Point","coordinates":[138.86,37.45]}},{"type":"Feature","properties":{"name":"Coro","pop":195227,"rank":9,"scalerank":6,"minzoom":6,"capital":0,"nation":"ven"},"geometry":{"type":"Point","coordinates":[-69.68,11.42]}},{"type":"Feature","properties":{"name":"Brikama","pop":195136,"rank":9,"scalerank":7,"minzoom":6.7,"capital":0,"nation":"gmb"},"geometry":{"type":"Point","coordinates":[-16.66,13.28]}},{"type":"Feature","properties":{"name":"Severodvinsk","pop":194292,"rank":9,"scalerank":6,"minzoom":6,"capital":0,"nation":"rus"},"geometry":{"type":"Point","coordinates":[39.83,64.57]}},{"type":"Feature","properties":{"name":"Al Jahra","pop":194193,"rank":9,"scalerank":8,"minzoom":7,"capital":0,"nation":"kwt"},"geometry":{"type":"Point","coordinates":[47.658,29.337]}},{"type":"Feature","properties":{"name":"Bongor","pop":193941,"rank":9,"scalerank":7,"minzoom":6.7,"capital":0,"nation":"tcd"},"geometry":{"type":"Point","coordinates":[15.387,10.286]}},{"type":"Feature","properties":{"name":"Divinópolis","pop":193832,"rank":9,"scalerank":7,"minzoom":6.7,"capital":0,"nation":"bra"},"geometry":{"type":"Point","coordinates":[-44.9,-20.15]}},{"type":"Feature","properties":{"name":"Tarakan","pop":193069,"rank":9,"scalerank":3,"minzoom":5,"capital":0,"nation":"idn"},"geometry":{"type":"Point","coordinates":[117.633,3.3]}},{"type":"Feature","properties":{"name":"Machilipatnam","pop":192827,"rank":9,"scalerank":7,"minzoom":6.7,"capital":0,"nation":"ind"},"geometry":{"type":"Point","coordinates":[81.18,16.2]}},{"type":"Feature","properties":{"name":"Oxford","pop":192796,"rank":9,"scalerank":7,"minzoom":6.1,"capital":0,"nation":"gbr"},"geometry":{"type":"Point","coordinates":[-1.248,51.752]}},{"type":"Feature","properties":{"name":"Ciudad Madero","pop":192736,"rank":9,"scalerank":8,"minzoom":7,"capital":0,"nation":"mex"},"geometry":{"type":"Point","coordinates":[-97.836,22.319]}},{"type":"Feature","properties":{"name":"Bayamo","pop":192632,"rank":9,"scalerank":7,"minzoom":6.7,"capital":0,"nation":"cub"},"geometry":{"type":"Point","coordinates":[-76.643,20.38]}},{"type":"Feature","properties":{"name":"Klaipėda","pop":192307,"rank":9,"scalerank":7,"minzoom":6.1,"capital":0,"nation":"ltu"},"geometry":{"type":"Point","coordinates":[21.12,55.72]}},{"type":"Feature","properties":{"name":"Dunhua","pop":191870,"rank":9,"scalerank":7,"minzoom":6.7,"capital":0,"nation":"chn"},"geometry":{"type":"Point","coordinates":[128.22,43.35]}},{"type":"Feature","properties":{"name":"Ziguinchor","pop":191716,"rank":9,"scalerank":6,"minzoom":6,"capital":0,"nation":"sen"},"geometry":{"type":"Point","coordinates":[-16.29,12.59]}},{"type":"Feature","properties":{"name":"Barrancabermeja","pop":191403,"rank":9,"scalerank":8,"minzoom":7,"capital":0,"nation":"col"},"geometry":{"type":"Point","coordinates":[-73.85,7.09]}},{"type":"Feature","properties":{"name":"Zlatooust","pop":191366,"rank":9,"scalerank":6,"minzoom":6,"capital":0,"nation":"rus"},"geometry":{"type":"Point","coordinates":[59.65,55.175]}},{"type":"Feature","properties":{"name":"Muar","pop":191346,"rank":9,"scalerank":7,"minzoom":6.7,"capital":0,"nation":"mys"},"geometry":{"type":"Point","coordinates":[102.567,2.034]}},{"type":"Feature","properties":{"name":"Dhamar","pop":191259,"rank":9,"scalerank":8,"minzoom":7,"capital":0,"nation":"yem"},"geometry":{"type":"Point","coordinates":[44.387,14.557]}},{"type":"Feature","properties":{"name":"Valera","pop":191167,"rank":9,"scalerank":8,"minzoom":7,"capital":0,"nation":"ven"},"geometry":{"type":"Point","coordinates":[-70.62,9.32]}},{"type":"Feature","properties":{"name":"Bridgetown","pop":191152,"rank":9,"scalerank":4,"minzoom":5.6,"capital":1,"nation":"brb"},"geometry":{"type":"Point","coordinates":[-59.617,13.102]}},{"type":"Feature","properties":{"name":"Gainesville","pop":191097,"rank":9,"scalerank":6,"minzoom":6,"capital":0,"nation":"usa"},"geometry":{"type":"Point","coordinates":[-82.325,29.651]}},{"type":"Feature","properties":{"name":"Bhiwani","pop":190855,"rank":9,"scalerank":8,"minzoom":7,"capital":0,"nation":"ind"},"geometry":{"type":"Point","coordinates":[76.125,28.81]}},{"type":"Feature","properties":{"name":"Norwich","pop":190756,"rank":9,"scalerank":7,"minzoom":6.1,"capital":0,"nation":"gbr"},"geometry":{"type":"Point","coordinates":[1.3,52.63]}},{"type":"Feature","properties":{"name":"Butuan","pop":190557,"rank":9,"scalerank":7,"minzoom":6.7,"capital":0,"nation":"phl"},"geometry":{"type":"Point","coordinates":[125.544,8.95]}},{"type":"Feature","properties":{"name":"Caen","pop":190099,"rank":9,"scalerank":7,"minzoom":6.7,"capital":0,"nation":"fra"},"geometry":{"type":"Point","coordinates":[-0.35,49.184]}},{"type":"Feature","properties":{"name":"Saint-Denis","pop":190047,"rank":9,"scalerank":4,"minzoom":5.6,"capital":0,"nation":"fra"},"geometry":{"type":"Point","coordinates":[55.448,-20.879]}},{"type":"Feature","properties":{"name":"Sadiqabad","pop":189876,"rank":9,"scalerank":7,"minzoom":6.1,"capital":0,"nation":"pak"},"geometry":{"type":"Point","coordinates":[70.13,28.301]}},{"type":"Feature","properties":{"name":"La Paz","pop":189767,"rank":9,"scalerank":4,"minzoom":5.6,"capital":0,"nation":"mex"},"geometry":{"type":"Point","coordinates":[-110.32,24.14]}},{"type":"Feature","properties":{"name":"Sơn Tây","pop":189547,"rank":9,"scalerank":7,"minzoom":7.7,"capital":0,"nation":"vnm"},"geometry":{"type":"Point","coordinates":[105.505,21.138]}},{"type":"Feature","properties":{"name":"Aberdeen","pop":189364,"rank":9,"scalerank":7,"minzoom":6.1,"capital":0,"nation":"gbr"},"geometry":{"type":"Point","coordinates":[-2.105,57.145]}},{"type":"Feature","properties":{"name":"Syzran","pop":189338,"rank":9,"scalerank":8,"minzoom":6.1,"capital":0,"nation":"rus"},"geometry":{"type":"Point","coordinates":[48.48,53.17]}},{"type":"Feature","properties":{"name":"Đồng Hới","pop":189265,"rank":9,"scalerank":6,"minzoom":6,"capital":0,"nation":"vnm"},"geometry":{"type":"Point","coordinates":[106.6,17.483]}},{"type":"Feature","properties":{"name":"Mwene-Ditu","pop":189177,"rank":9,"scalerank":6,"minzoom":6,"capital":0,"nation":"cod"},"geometry":{"type":"Point","coordinates":[23.44,-7]}},{"type":"Feature","properties":{"name":"Kabwe","pop":188979,"rank":9,"scalerank":4,"minzoom":5.6,"capital":0,"nation":"zmb"},"geometry":{"type":"Point","coordinates":[28.45,-14.44]}},{"type":"Feature","properties":{"name":"Quelimane","pop":188964,"rank":9,"scalerank":4,"minzoom":5.6,"capital":0,"nation":"moz"},"geometry":{"type":"Point","coordinates":[36.89,-17.88]}},{"type":"Feature","properties":{"name":"Cork","pop":188907,"rank":9,"scalerank":6,"minzoom":6,"capital":0,"nation":"irl"},"geometry":{"type":"Point","coordinates":[-8.465,51.893]}},{"type":"Feature","properties":{"name":"Parakou","pop":188853,"rank":9,"scalerank":4,"minzoom":5.6,"capital":0,"nation":"ben"},"geometry":{"type":"Point","coordinates":[2.62,9.34]}},{"type":"Feature","properties":{"name":"San Fernando del Valle de Catamarca","pop":188812,"rank":9,"scalerank":6,"minzoom":6,"capital":0,"nation":"arg"},"geometry":{"type":"Point","coordinates":[-65.78,-28.47]}},{"type":"Feature","properties":{"name":"Nandyal","pop":188654,"rank":9,"scalerank":7,"minzoom":6.7,"capital":0,"nation":"ind"},"geometry":{"type":"Point","coordinates":[78.487,15.464]}},{"type":"Feature","properties":{"name":"Fort Myers","pop":188606,"rank":9,"scalerank":6,"minzoom":6,"capital":0,"nation":"usa"},"geometry":{"type":"Point","coordinates":[-81.86,26.64]}},{"type":"Feature","properties":{"name":"Angers","pop":188380,"rank":9,"scalerank":8,"minzoom":6.7,"capital":0,"nation":"fra"},"geometry":{"type":"Point","coordinates":[-0.53,47.48]}},{"type":"Feature","properties":{"name":"Mostaganem","pop":188354,"rank":9,"scalerank":7,"minzoom":6.7,"capital":0,"nation":"dza"},"geometry":{"type":"Point","coordinates":[0.09,35.94]}},{"type":"Feature","properties":{"name":"Laâyoune","pop":188084,"rank":9,"scalerank":4,"minzoom":5.6,"capital":0,"nation":"mar"},"geometry":{"type":"Point","coordinates":[-13.2,27.15]}},{"type":"Feature","properties":{"name":"Paarl","pop":187865,"rank":9,"scalerank":7,"minzoom":6.7,"capital":0,"nation":"zaf"},"geometry":{"type":"Point","coordinates":[18.96,-33.7]}},{"type":"Feature","properties":{"name":"Rio Grande","pop":187838,"rank":9,"scalerank":7,"minzoom":6.7,"capital":0,"nation":"bra"},"geometry":{"type":"Point","coordinates":[-52.12,-32.049]}},{"type":"Feature","properties":{"name":"Szeged","pop":187765,"rank":9,"scalerank":7,"minzoom":6.1,"capital":0,"nation":"hun"},"geometry":{"type":"Point","coordinates":[20.15,46.25]}},{"type":"Feature","properties":{"name":"Arapiraca","pop":187668,"rank":9,"scalerank":6,"minzoom":6,"capital":0,"nation":"bra"},"geometry":{"type":"Point","coordinates":[-36.67,-9.75]}},{"type":"Feature","properties":{"name":"Kota Ternate","pop":187521,"rank":9,"scalerank":4,"minzoom":5.6,"capital":0,"nation":"idn"},"geometry":{"type":"Point","coordinates":[127.363,0.793]}},{"type":"Feature","properties":{"name":"Petropavlovsk-Kamtchatski","pop":187282,"rank":9,"scalerank":3,"minzoom":5,"capital":0,"nation":"rus"},"geometry":{"type":"Point","coordinates":[158.623,53.062]}},{"type":"Feature","properties":{"name":"Kimch'aek","pop":187270,"rank":9,"scalerank":6,"minzoom":6,"capital":0,"nation":"prk"},"geometry":{"type":"Point","coordinates":[129.203,40.672]}},{"type":"Feature","properties":{"name":"Puerto Vallarta","pop":187134,"rank":9,"scalerank":7,"minzoom":6.7,"capital":0,"nation":"mex"},"geometry":{"type":"Point","coordinates":[-105.245,20.677]}},{"type":"Feature","properties":{"name":"Gibraltar","pop":187083,"rank":9,"scalerank":6,"minzoom":5.1,"capital":0,"nation":"gbr"},"geometry":{"type":"Point","coordinates":[-5.346,36.128]}},{"type":"Feature","properties":{"name":"Cachoeiro de Itapemirim","pop":187019,"rank":9,"scalerank":8,"minzoom":7,"capital":0,"nation":"bra"},"geometry":{"type":"Point","coordinates":[-41.13,-20.85]}},{"type":"Feature","properties":{"name":"Pinar del Río","pop":186990,"rank":9,"scalerank":6,"minzoom":6,"capital":0,"nation":"cub"},"geometry":{"type":"Point","coordinates":[-83.698,22.418]}},{"type":"Feature","properties":{"name":"Manpho","pop":186827,"rank":9,"scalerank":8,"minzoom":7,"capital":0,"nation":"prk"},"geometry":{"type":"Point","coordinates":[126.296,41.145]}},{"type":"Feature","properties":{"name":"Olsztyn","pop":186670,"rank":9,"scalerank":8,"minzoom":7,"capital":0,"nation":"pol"},"geometry":{"type":"Point","coordinates":[20.486,53.773]}},{"type":"Feature","properties":{"name":"San Cristóbal de Las Casas","pop":186661,"rank":9,"scalerank":8,"minzoom":7,"capital":0,"nation":"mex"},"geometry":{"type":"Point","coordinates":[-92.633,16.75]}},{"type":"Feature","properties":{"name":"Cienfuegos","pop":186644,"rank":9,"scalerank":7,"minzoom":6.7,"capital":0,"nation":"cub"},"geometry":{"type":"Point","coordinates":[-80.44,22.144]}},{"type":"Feature","properties":{"name":"Chendi","pop":186611,"rank":9,"scalerank":7,"minzoom":6.1,"capital":0,"nation":"sdn"},"geometry":{"type":"Point","coordinates":[33.42,16.68]}},{"type":"Feature","properties":{"name":"Pécs","pop":186262,"rank":9,"scalerank":7,"minzoom":6.1,"capital":0,"nation":"hun"},"geometry":{"type":"Point","coordinates":[18.22,46.08]}},{"type":"Feature","properties":{"name":"Marbella","pop":186131,"rank":9,"scalerank":8,"minzoom":7,"capital":0,"nation":"esp"},"geometry":{"type":"Point","coordinates":[-4.883,36.517]}},{"type":"Feature","properties":{"name":"Madiun","pop":186099,"rank":9,"scalerank":7,"minzoom":7,"capital":0,"nation":"idn"},"geometry":{"type":"Point","coordinates":[111.515,-7.635]}},{"type":"Feature","properties":{"name":"Ad-Damazin","pop":186051,"rank":9,"scalerank":7,"minzoom":6.7,"capital":0,"nation":"sdn"},"geometry":{"type":"Point","coordinates":[34.35,11.77]}},{"type":"Feature","properties":{"name":"Arica","pop":185999,"rank":9,"scalerank":4,"minzoom":5.6,"capital":0,"nation":"chl"},"geometry":{"type":"Point","coordinates":[-70.29,-18.5]}},{"type":"Feature","properties":{"name":"Jamaame","pop":185270,"rank":9,"scalerank":6,"minzoom":6,"capital":0,"nation":"som"},"geometry":{"type":"Point","coordinates":[42.751,0.072]}},{"type":"Feature","properties":{"name":"Kütahya","pop":185008,"rank":9,"scalerank":8,"minzoom":7,"capital":0,"nation":"tur"},"geometry":{"type":"Point","coordinates":[29.93,39.42]}},{"type":"Feature","properties":{"name":"Yei","pop":185000,"rank":9,"scalerank":7,"minzoom":6.1,"capital":0,"nation":"ssd"},"geometry":{"type":"Point","coordinates":[30.68,4.09]}},{"type":"Feature","properties":{"name":"Mayence","pop":184997,"rank":9,"scalerank":9,"minzoom":8,"capital":0,"nation":"deu"},"geometry":{"type":"Point","coordinates":[8.273,49.982]}},{"type":"Feature","properties":{"name":"Roussé","pop":184270,"rank":9,"scalerank":7,"minzoom":6.1,"capital":0,"nation":"bgr"},"geometry":{"type":"Point","coordinates":[25.973,43.854]}},{"type":"Feature","properties":{"name":"Tiaret","pop":184195,"rank":9,"scalerank":7,"minzoom":6.7,"capital":0,"nation":"dza"},"geometry":{"type":"Point","coordinates":[1.32,35.38]}},{"type":"Feature","properties":{"name":"Fianarantsoa","pop":184184,"rank":9,"scalerank":4,"minzoom":5.6,"capital":0,"nation":"mdg"},"geometry":{"type":"Point","coordinates":[47.083,-21.433]}},{"type":"Feature","properties":{"name":"Kramatorsk","pop":184105,"rank":9,"scalerank":8,"minzoom":6.1,"capital":0,"nation":"ukr"},"geometry":{"type":"Point","coordinates":[37.534,48.719]}},{"type":"Feature","properties":{"name":"Koutaïssi","pop":183945,"rank":9,"scalerank":8,"minzoom":7,"capital":0,"nation":"geo"},"geometry":{"type":"Point","coordinates":[42.73,42.25]}},{"type":"Feature","properties":{"name":"Tarlac","pop":183930,"rank":9,"scalerank":7,"minzoom":6.7,"capital":0,"nation":"phl"},"geometry":{"type":"Point","coordinates":[120.583,15.484]}},{"type":"Feature","properties":{"name":"Dessie","pop":183802,"rank":9,"scalerank":6,"minzoom":6,"capital":0,"nation":"eth"},"geometry":{"type":"Point","coordinates":[39.63,11.13]}},{"type":"Feature","properties":{"name":"Çorum","pop":183418,"rank":9,"scalerank":8,"minzoom":6.1,"capital":0,"nation":"tur"},"geometry":{"type":"Point","coordinates":[34.95,40.52]}},{"type":"Feature","properties":{"name":"Kalamazoo","pop":183381,"rank":9,"scalerank":7,"minzoom":6.1,"capital":0,"nation":"usa"},"geometry":{"type":"Point","coordinates":[-85.587,42.292]}},{"type":"Feature","properties":{"name":"Gweru","pop":183358,"rank":9,"scalerank":6,"minzoom":6,"capital":0,"nation":"zwe"},"geometry":{"type":"Point","coordinates":[29.82,-19.45]}},{"type":"Feature","properties":{"name":"Mataró","pop":183293,"rank":9,"scalerank":8,"minzoom":7,"capital":0,"nation":"esp"},"geometry":{"type":"Point","coordinates":[2.45,41.54]}},{"type":"Feature","properties":{"name":"Manta","pop":183166,"rank":9,"scalerank":6,"minzoom":6,"capital":0,"nation":"ecu"},"geometry":{"type":"Point","coordinates":[-80.73,-0.98]}},{"type":"Feature","properties":{"name":"Bhusawal","pop":183001,"rank":9,"scalerank":8,"minzoom":7,"capital":0,"nation":"ind"},"geometry":{"type":"Point","coordinates":[75.83,21.02]}},{"type":"Feature","properties":{"name":"Shibin El Kom","pop":182900,"rank":9,"scalerank":10,"minzoom":8,"capital":0,"nation":"egy"},"geometry":{"type":"Point","coordinates":[31.007,30.554]}},{"type":"Feature","properties":{"name":"Atyraou","pop":182753,"rank":9,"scalerank":4,"minzoom":5,"capital":0,"nation":"kaz"},"geometry":{"type":"Point","coordinates":[51.92,47.113]}},{"type":"Feature","properties":{"name":"Pinrang","pop":182731,"rank":9,"scalerank":7,"minzoom":6.7,"capital":0,"nation":"idn"},"geometry":{"type":"Point","coordinates":[119.652,-3.786]}},{"type":"Feature","properties":{"name":"Kamensk-Ouralski","pop":182500,"rank":9,"scalerank":7,"minzoom":6.7,"capital":0,"nation":"rus"},"geometry":{"type":"Point","coordinates":[61.935,56.42]}},{"type":"Feature","properties":{"name":"Chilpancingo","pop":182387,"rank":9,"scalerank":8,"minzoom":7,"capital":0,"nation":"mex"},"geometry":{"type":"Point","coordinates":[-99.5,17.55]}},{"type":"Feature","properties":{"name":"Biratnagar","pop":182324,"rank":9,"scalerank":7,"minzoom":6.7,"capital":0,"nation":"npl"},"geometry":{"type":"Point","coordinates":[87.283,26.484]}},{"type":"Feature","properties":{"name":"Bahraich","pop":182218,"rank":9,"scalerank":7,"minzoom":6.7,"capital":0,"nation":"ind"},"geometry":{"type":"Point","coordinates":[81.606,27.567]}},{"type":"Feature","properties":{"name":"Barrie","pop":182041,"rank":9,"scalerank":7,"minzoom":6.7,"capital":0,"nation":"can"},"geometry":{"type":"Point","coordinates":[-79.7,44.384]}},{"type":"Feature","properties":{"name":"Chingola","pop":182015,"rank":9,"scalerank":7,"minzoom":6.7,"capital":0,"nation":"zmb"},"geometry":{"type":"Point","coordinates":[27.85,-12.54]}},{"type":"Feature","properties":{"name":"Amarillo","pop":181766,"rank":9,"scalerank":4,"minzoom":5.6,"capital":0,"nation":"usa"},"geometry":{"type":"Point","coordinates":[-101.83,35.23]}},{"type":"Feature","properties":{"name":"Tonk","pop":181734,"rank":9,"scalerank":7,"minzoom":6.7,"capital":0,"nation":"ind"},"geometry":{"type":"Point","coordinates":[75.79,26.15]}},{"type":"Feature","properties":{"name":"Probolinggo","pop":181656,"rank":9,"scalerank":7,"minzoom":8,"capital":0,"nation":"idn"},"geometry":{"type":"Point","coordinates":[113.15,-7.75]}},{"type":"Feature","properties":{"name":"Sirsa","pop":181639,"rank":9,"scalerank":7,"minzoom":6.1,"capital":0,"nation":"ind"},"geometry":{"type":"Point","coordinates":[75.03,29.49]}},{"type":"Feature","properties":{"name":"Santa Barbara","pop":181632,"rank":9,"scalerank":4,"minzoom":5.6,"capital":0,"nation":"usa"},"geometry":{"type":"Point","coordinates":[-119.717,34.411]}},{"type":"Feature","properties":{"name":"Anda","pop":181533,"rank":9,"scalerank":8,"minzoom":7,"capital":0,"nation":"chn"},"geometry":{"type":"Point","coordinates":[125.32,46.4]}},{"type":"Feature","properties":{"name":"Brownsville","pop":181399,"rank":9,"scalerank":6,"minzoom":6,"capital":0,"nation":"usa"},"geometry":{"type":"Point","coordinates":[-97.5,25.92]}},{"type":"Feature","properties":{"name":"Henzada","pop":180728,"rank":9,"scalerank":7,"minzoom":6.7,"capital":0,"nation":"mmr"},"geometry":{"type":"Point","coordinates":[95.468,17.648]}},{"type":"Feature","properties":{"name":"Gangneung","pop":180611,"rank":9,"scalerank":7,"minzoom":6.1,"capital":0,"nation":"kor"},"geometry":{"type":"Point","coordinates":[128.896,37.756]}},{"type":"Feature","properties":{"name":"Castelló de la Plana","pop":180610,"rank":9,"scalerank":7,"minzoom":6.1,"capital":0,"nation":"esp"},"geometry":{"type":"Point","coordinates":[-0.05,39.97]}},{"type":"Feature","properties":{"name":"Funtua","pop":180475,"rank":9,"scalerank":7,"minzoom":6.7,"capital":0,"nation":"nga"},"geometry":{"type":"Point","coordinates":[7.32,11.52]}},{"type":"Feature","properties":{"name":"El Jadida","pop":180470,"rank":9,"scalerank":7,"minzoom":6.7,"capital":0,"nation":"mar"},"geometry":{"type":"Point","coordinates":[-8.51,33.26]}},{"type":"Feature","properties":{"name":"Reggio de Calabre","pop":180353,"rank":9,"scalerank":8,"minzoom":7,"capital":0,"nation":"ita"},"geometry":{"type":"Point","coordinates":[15.641,38.115]}},{"type":"Feature","properties":{"name":"Zouara","pop":180310,"rank":9,"scalerank":4,"minzoom":5.6,"capital":0,"nation":"lby"},"geometry":{"type":"Point","coordinates":[12.079,32.934]}},{"type":"Feature","properties":{"name":"Savannah","pop":180187,"rank":9,"scalerank":4,"minzoom":5.1,"capital":0,"nation":"usa"},"geometry":{"type":"Point","coordinates":[-81.11,32.021]}},{"type":"Feature","properties":{"name":"Rio Claro","pop":180147,"rank":9,"scalerank":8,"minzoom":7,"capital":0,"nation":"bra"},"geometry":{"type":"Point","coordinates":[-47.56,-22.41]}},{"type":"Feature","properties":{"name":"Tangail","pop":180144,"rank":9,"scalerank":8,"minzoom":7,"capital":0,"nation":"bgd"},"geometry":{"type":"Point","coordinates":[89.92,24.25]}},{"type":"Feature","properties":{"name":"Obuasi","pop":180117,"rank":9,"scalerank":7,"minzoom":6.7,"capital":0,"nation":"gha"},"geometry":{"type":"Point","coordinates":[-1.66,6.19]}},{"type":"Feature","properties":{"name":"Erigavo","pop":180000,"rank":9,"scalerank":10,"minzoom":9,"capital":0,"nation":"sol"},"geometry":{"type":"Point","coordinates":[47.333,10.583]}},{"type":"Feature","properties":{"name":"Zhaodong","pop":179980,"rank":9,"scalerank":7,"minzoom":6.7,"capital":0,"nation":"chn"},"geometry":{"type":"Point","coordinates":[125.98,46.08]}},{"type":"Feature","properties":{"name":"Balkh","pop":179969,"rank":9,"scalerank":7,"minzoom":6.7,"capital":0,"nation":"afg"},"geometry":{"type":"Point","coordinates":[66.9,36.75]}},{"type":"Feature","properties":{"name":"Potosí","pop":179901,"rank":9,"scalerank":7,"minzoom":6.7,"capital":0,"nation":"bol"},"geometry":{"type":"Point","coordinates":[-65.75,-19.57]}},{"type":"Feature","properties":{"name":"Phan Rang - Tháp Chàm","pop":179773,"rank":9,"scalerank":7,"minzoom":6.7,"capital":0,"nation":"vnm"},"geometry":{"type":"Point","coordinates":[108.983,11.567]}},{"type":"Feature","properties":{"name":"Varamin","pop":179603,"rank":9,"scalerank":8,"minzoom":6,"capital":0,"nation":"irn"},"geometry":{"type":"Point","coordinates":[51.647,35.317]}},{"type":"Feature","properties":{"name":"Passo Fundo","pop":179529,"rank":9,"scalerank":6,"minzoom":6,"capital":0,"nation":"bra"},"geometry":{"type":"Point","coordinates":[-52.42,-28.25]}},{"type":"Feature","properties":{"name":"Almería","pop":179405,"rank":9,"scalerank":7,"minzoom":6.1,"capital":0,"nation":"esp"},"geometry":{"type":"Point","coordinates":[-2.43,36.83]}},{"type":"Feature","properties":{"name":"Vizianagaram","pop":179358,"rank":9,"scalerank":7,"minzoom":6.7,"capital":0,"nation":"ind"},"geometry":{"type":"Point","coordinates":[83.401,18.111]}},{"type":"Feature","properties":{"name":"Sittwe","pop":179032,"rank":9,"scalerank":4,"minzoom":5.6,"capital":0,"nation":"mmr"},"geometry":{"type":"Point","coordinates":[92.88,20.14]}},{"type":"Feature","properties":{"name":"Klerksdorp","pop":178921,"rank":9,"scalerank":6,"minzoom":6,"capital":0,"nation":"zaf"},"geometry":{"type":"Point","coordinates":[26.62,-26.88]}},{"type":"Feature","properties":{"name":"Si Racha","pop":178916,"rank":9,"scalerank":7,"minzoom":8,"capital":0,"nation":"tha"},"geometry":{"type":"Point","coordinates":[100.929,13.159]}},{"type":"Feature","properties":{"name":"Mary","pop":178708,"rank":9,"scalerank":4,"minzoom":5.1,"capital":0,"nation":"tkm"},"geometry":{"type":"Point","coordinates":[61.833,37.6]}},{"type":"Feature","properties":{"name":"El-Arich","pop":178651,"rank":9,"scalerank":7,"minzoom":6.7,"capital":0,"nation":"egy"},"geometry":{"type":"Point","coordinates":[33.801,31.125]}},{"type":"Feature","properties":{"name":"Boma","pop":178638,"rank":9,"scalerank":6,"minzoom":6,"capital":0,"nation":"cod"},"geometry":{"type":"Point","coordinates":[13.05,-5.83]}},{"type":"Feature","properties":{"name":"Sangolquí","pop":178582,"rank":9,"scalerank":8,"minzoom":8,"capital":0,"nation":"ecu"},"geometry":{"type":"Point","coordinates":[-78.46,-0.31]}},{"type":"Feature","properties":{"name":"Érié","pop":178182,"rank":9,"scalerank":7,"minzoom":6.1,"capital":0,"nation":"usa"},"geometry":{"type":"Point","coordinates":[-80.085,42.13]}},{"type":"Feature","properties":{"name":"Nogales","pop":178097,"rank":9,"scalerank":4,"minzoom":5.6,"capital":0,"nation":"mex"},"geometry":{"type":"Point","coordinates":[-110.945,31.305]}},{"type":"Feature","properties":{"name":"Teziutlán","pop":177796,"rank":9,"scalerank":7,"minzoom":6.7,"capital":0,"nation":"mex"},"geometry":{"type":"Point","coordinates":[-97.36,19.82]}},{"type":"Feature","properties":{"name":"Korhogo","pop":177711,"rank":9,"scalerank":6,"minzoom":6,"capital":0,"nation":"civ"},"geometry":{"type":"Point","coordinates":[-5.64,9.46]}},{"type":"Feature","properties":{"name":"Termez","pop":177687,"rank":9,"scalerank":6,"minzoom":6,"capital":0,"nation":"uzb"},"geometry":{"type":"Point","coordinates":[67.273,37.233]}},{"type":"Feature","properties":{"name":"Raqqa","pop":177636,"rank":9,"scalerank":7,"minzoom":6.1,"capital":0,"nation":"syr"},"geometry":{"type":"Point","coordinates":[39.02,35.93]}},{"type":"Feature","properties":{"name":"El Oued","pop":177497,"rank":9,"scalerank":7,"minzoom":6.7,"capital":0,"nation":"dza"},"geometry":{"type":"Point","coordinates":[6.86,33.37]}},{"type":"Feature","properties":{"name":"Trévise","pop":177309,"rank":9,"scalerank":8,"minzoom":7,"capital":0,"nation":"ita"},"geometry":{"type":"Point","coordinates":[12.24,45.67]}},{"type":"Feature","properties":{"name":"Vellore","pop":177081,"rank":9,"scalerank":7,"minzoom":6.1,"capital":0,"nation":"ind"},"geometry":{"type":"Point","coordinates":[79.15,12.92]}},{"type":"Feature","properties":{"name":"Kaduqli","pop":176931,"rank":9,"scalerank":6,"minzoom":6,"capital":0,"nation":"sdn"},"geometry":{"type":"Point","coordinates":[29.7,11.01]}},{"type":"Feature","properties":{"name":"Denton","pop":176930,"rank":9,"scalerank":7,"minzoom":6.7,"capital":0,"nation":"usa"},"geometry":{"type":"Point","coordinates":[-97.129,33.216]}},{"type":"Feature","properties":{"name":"Nyíregyháza","pop":176880,"rank":9,"scalerank":8,"minzoom":7,"capital":0,"nation":"hun"},"geometry":{"type":"Point","coordinates":[21.719,47.965]}},{"type":"Feature","properties":{"name":"Alleppey","pop":176783,"rank":9,"scalerank":7,"minzoom":6.7,"capital":0,"nation":"ind"},"geometry":{"type":"Point","coordinates":[76.37,9.5]}},{"type":"Feature","properties":{"name":"Malayer","pop":176573,"rank":9,"scalerank":8,"minzoom":6,"capital":0,"nation":"irn"},"geometry":{"type":"Point","coordinates":[48.85,34.32]}},{"type":"Feature","properties":{"name":"Letpadan","pop":176571,"rank":9,"scalerank":7,"minzoom":6.7,"capital":0,"nation":"mmr"},"geometry":{"type":"Point","coordinates":[95.741,17.782]}},{"type":"Feature","properties":{"name":"Ioujno-Sakhalinsk","pop":176484,"rank":9,"scalerank":4,"minzoom":5.1,"capital":0,"nation":"rus"},"geometry":{"type":"Point","coordinates":[142.74,46.965]}},{"type":"Feature","properties":{"name":"Ouargla","pop":176271,"rank":9,"scalerank":6,"minzoom":6,"capital":0,"nation":"dza"},"geometry":{"type":"Point","coordinates":[5.34,31.97]}},{"type":"Feature","properties":{"name":"Regina","pop":176183,"rank":9,"scalerank":3,"minzoom":5,"capital":0,"nation":"can"},"geometry":{"type":"Point","coordinates":[-104.617,50.45]}},{"type":"Feature","properties":{"name":"Salatiga","pop":176000,"rank":9,"scalerank":7,"minzoom":7,"capital":0,"nation":"idn"},"geometry":{"type":"Point","coordinates":[110.49,-7.31]}},{"type":"Feature","properties":{"name":"Turku","pop":175945,"rank":9,"scalerank":6,"minzoom":6,"capital":0,"nation":"fin"},"geometry":{"type":"Point","coordinates":[22.255,60.454]}},{"type":"Feature","properties":{"name":"Saveh","pop":175533,"rank":9,"scalerank":7,"minzoom":6.1,"capital":0,"nation":"irn"},"geometry":{"type":"Point","coordinates":[50.331,35.022]}},{"type":"Feature","properties":{"name":"Modène","pop":175502,"rank":9,"scalerank":8,"minzoom":7,"capital":0,"nation":"ita"},"geometry":{"type":"Point","coordinates":[10.92,44.65]}},{"type":"Feature","properties":{"name":"Les Cayes","pop":175457,"rank":9,"scalerank":7,"minzoom":6.7,"capital":0,"nation":"hti"},"geometry":{"type":"Point","coordinates":[-73.75,18.2]}},{"type":"Feature","properties":{"name":"Suva","pop":175399,"rank":9,"scalerank":3,"minzoom":5,"capital":1,"nation":"fji"},"geometry":{"type":"Point","coordinates":[178.442,-18.133]}},{"type":"Feature","properties":{"name":"Baicheng","pop":175282,"rank":9,"scalerank":4,"minzoom":5.6,"capital":0,"nation":"chn"},"geometry":{"type":"Point","coordinates":[106.613,23.9]}},{"type":"Feature","properties":{"name":"Entebbe","pop":175128,"rank":9,"scalerank":7,"minzoom":8,"capital":0,"nation":"uga"},"geometry":{"type":"Point","coordinates":[32.46,0.06]}},{"type":"Feature","properties":{"name":"Sirdjan","pop":175000,"rank":9,"scalerank":8,"minzoom":6,"capital":0,"nation":"irn"},"geometry":{"type":"Point","coordinates":[55.73,29.47]}},{"type":"Feature","properties":{"name":"Taitung","pop":175000,"rank":9,"scalerank":6,"minzoom":6,"capital":0,"nation":"twn"},"geometry":{"type":"Point","coordinates":[121.14,22.755]}},{"type":"Feature","properties":{"name":"Yangmei","pop":175000,"rank":9,"scalerank":9,"minzoom":8,"capital":0,"nation":"twn"},"geometry":{"type":"Point","coordinates":[121.15,24.917]}},{"type":"Feature","properties":{"name":"Harar Jugol","pop":174994,"rank":9,"scalerank":6,"minzoom":6,"capital":0,"nation":"eth"},"geometry":{"type":"Point","coordinates":[42.15,9.32]}},{"type":"Feature","properties":{"name":"Samawa","pop":174978,"rank":9,"scalerank":7,"minzoom":6.1,"capital":0,"nation":"irq"},"geometry":{"type":"Point","coordinates":[45.28,31.31]}},{"type":"Feature","properties":{"name":"Hirosaki","pop":174972,"rank":9,"scalerank":6,"minzoom":6,"capital":0,"nation":"jpn"},"geometry":{"type":"Point","coordinates":[140.47,40.57]}},{"type":"Feature","properties":{"name":"Tomakomai","pop":174806,"rank":9,"scalerank":7,"minzoom":6.7,"capital":0,"nation":"jpn"},"geometry":{"type":"Point","coordinates":[141.55,42.65]}},{"type":"Feature","properties":{"name":"Wahiawa","pop":174766,"rank":9,"scalerank":7,"minzoom":6.7,"capital":0,"nation":"usa"},"geometry":{"type":"Point","coordinates":[-158.024,21.503]}},{"type":"Feature","properties":{"name":"Puerto Montt","pop":174629,"rank":9,"scalerank":3,"minzoom":5,"capital":0,"nation":"chl"},"geometry":{"type":"Point","coordinates":[-72.93,-41.47]}},{"type":"Feature","properties":{"name":"George","pop":174582,"rank":9,"scalerank":4,"minzoom":5.6,"capital":0,"nation":"zaf"},"geometry":{"type":"Point","coordinates":[22.45,-33.95]}},{"type":"Feature","properties":{"name":"Bo","pop":174354,"rank":9,"scalerank":6,"minzoom":6,"capital":0,"nation":"sle"},"geometry":{"type":"Point","coordinates":[-11.74,7.97]}},{"type":"Feature","properties":{"name":"Waterbury","pop":174236,"rank":9,"scalerank":8,"minzoom":7,"capital":0,"nation":"usa"},"geometry":{"type":"Point","coordinates":[-73.05,41.55]}},{"type":"Feature","properties":{"name":"Evansville","pop":174102,"rank":9,"scalerank":6,"minzoom":6,"capital":0,"nation":"usa"},"geometry":{"type":"Point","coordinates":[-87.556,37.975]}},{"type":"Feature","properties":{"name":"Puerto Cabello","pop":174000,"rank":9,"scalerank":7,"minzoom":6.7,"capital":0,"nation":"ven"},"geometry":{"type":"Point","coordinates":[-68.007,10.46]}},{"type":"Feature","properties":{"name":"Sidon","pop":173894,"rank":9,"scalerank":8,"minzoom":7,"capital":0,"nation":"lbn"},"geometry":{"type":"Point","coordinates":[35.369,33.563]}},{"type":"Feature","properties":{"name":"Obihiro","pop":173890,"rank":9,"scalerank":7,"minzoom":6.7,"capital":0,"nation":"jpn"},"geometry":{"type":"Point","coordinates":[143.17,42.93]}},{"type":"Feature","properties":{"name":"Bida","pop":173849,"rank":9,"scalerank":7,"minzoom":6.7,"capital":0,"nation":"nga"},"geometry":{"type":"Point","coordinates":[6.01,9.08]}},{"type":"Feature","properties":{"name":"Shimla","pop":173503,"rank":9,"scalerank":8,"minzoom":7,"capital":0,"nation":"ind"},"geometry":{"type":"Point","coordinates":[77.167,31.1]}},{"type":"Feature","properties":{"name":"Stavanger","pop":173132,"rank":9,"scalerank":6,"minzoom":6,"capital":0,"nation":"nor"},"geometry":{"type":"Point","coordinates":[5.68,58.97]}},{"type":"Feature","properties":{"name":"Esmeraldas","pop":173101,"rank":9,"scalerank":7,"minzoom":6.7,"capital":0,"nation":"ecu"},"geometry":{"type":"Point","coordinates":[-79.67,0.93]}},{"type":"Feature","properties":{"name":"Bata","pop":173046,"rank":9,"scalerank":6,"minzoom":6,"capital":0,"nation":"gnq"},"geometry":{"type":"Point","coordinates":[9.77,1.87]}},{"type":"Feature","properties":{"name":"Ulm","pop":172955,"rank":9,"scalerank":7,"minzoom":6.7,"capital":0,"nation":"deu"},"geometry":{"type":"Point","coordinates":[10,48.4]}},{"type":"Feature","properties":{"name":"Hạ Long","pop":172915,"rank":9,"scalerank":7,"minzoom":6.7,"capital":0,"nation":"vnm"},"geometry":{"type":"Point","coordinates":[107.1,20.96]}},{"type":"Feature","properties":{"name":"Lishui","pop":172777,"rank":9,"scalerank":7,"minzoom":6.7,"capital":0,"nation":"chn"},"geometry":{"type":"Point","coordinates":[119.9,28.45]}},{"type":"Feature","properties":{"name":"Riobamba","pop":172464,"rank":9,"scalerank":6,"minzoom":6,"capital":0,"nation":"ecu"},"geometry":{"type":"Point","coordinates":[-78.65,-1.67]}},{"type":"Feature","properties":{"name":"Banyuwangi","pop":172424,"rank":9,"scalerank":7,"minzoom":6.7,"capital":0,"nation":"idn"},"geometry":{"type":"Point","coordinates":[114.37,-8.195]}},{"type":"Feature","properties":{"name":"Isparta","pop":172334,"rank":9,"scalerank":8,"minzoom":7,"capital":0,"nation":"tur"},"geometry":{"type":"Point","coordinates":[30.53,37.77]}},{"type":"Feature","properties":{"name":"Weinan","pop":172321,"rank":9,"scalerank":7,"minzoom":6.7,"capital":0,"nation":"chn"},"geometry":{"type":"Point","coordinates":[109.5,34.5]}},{"type":"Feature","properties":{"name":"Peoria","pop":172308,"rank":9,"scalerank":6,"minzoom":6,"capital":0,"nation":"usa"},"geometry":{"type":"Point","coordinates":[-89.579,40.689]}},{"type":"Feature","properties":{"name":"Bade","pop":172065,"rank":9,"scalerank":9,"minzoom":8,"capital":0,"nation":"twn"},"geometry":{"type":"Point","coordinates":[121.299,24.958]}},{"type":"Feature","properties":{"name":"Nova Friburgo","pop":171991,"rank":9,"scalerank":6,"minzoom":6,"capital":0,"nation":"bra"},"geometry":{"type":"Point","coordinates":[-42.54,-22.26]}},{"type":"Feature","properties":{"name":"Tébessa","pop":171742,"rank":9,"scalerank":7,"minzoom":6.7,"capital":0,"nation":"dza"},"geometry":{"type":"Point","coordinates":[8.12,35.41]}},{"type":"Feature","properties":{"name":"Prizren","pop":171464,"rank":9,"scalerank":8,"minzoom":7,"capital":0,"nation":"xkx"},"geometry":{"type":"Point","coordinates":[20.75,42.229]}},{"type":"Feature","properties":{"name":"Kragujevac","pop":171197,"rank":9,"scalerank":8,"minzoom":6,"capital":0,"nation":"srb"},"geometry":{"type":"Point","coordinates":[20.92,44.02]}},{"type":"Feature","properties":{"name":"Pitești","pop":171021,"rank":9,"scalerank":7,"minzoom":6.1,"capital":0,"nation":"rou"},"geometry":{"type":"Point","coordinates":[24.876,44.856]}},{"type":"Feature","properties":{"name":"Poughkeepsie","pop":170996,"rank":9,"scalerank":8,"minzoom":7,"capital":0,"nation":"usa"},"geometry":{"type":"Point","coordinates":[-73.921,41.7]}},{"type":"Feature","properties":{"name":"Rijeka","pop":170992,"rank":9,"scalerank":8,"minzoom":6.1,"capital":0,"nation":"hrv"},"geometry":{"type":"Point","coordinates":[14.45,45.33]}},{"type":"Feature","properties":{"name":"Djelfa","pop":170901,"rank":9,"scalerank":6,"minzoom":6,"capital":0,"nation":"dza"},"geometry":{"type":"Point","coordinates":[3.25,34.68]}},{"type":"Feature","properties":{"name":"Cedar Rapids","pop":170621,"rank":9,"scalerank":6,"minzoom":6,"capital":0,"nation":"usa"},"geometry":{"type":"Point","coordinates":[-91.66,41.97]}},{"type":"Feature","properties":{"name":"Temirtau","pop":170600,"rank":9,"scalerank":6,"minzoom":6,"capital":0,"nation":"kaz"},"geometry":{"type":"Point","coordinates":[72.965,50.065]}},{"type":"Feature","properties":{"name":"Uvira","pop":170391,"rank":9,"scalerank":6,"minzoom":6,"capital":0,"nation":"cod"},"geometry":{"type":"Point","coordinates":[29.14,-3.37]}},{"type":"Feature","properties":{"name":"Burgos","pop":170183,"rank":9,"scalerank":7,"minzoom":6.1,"capital":0,"nation":"esp"},"geometry":{"type":"Point","coordinates":[-3.68,42.35]}},{"type":"Feature","properties":{"name":"Takaoka","pop":170077,"rank":9,"scalerank":8,"minzoom":7,"capital":0,"nation":"jpn"},"geometry":{"type":"Point","coordinates":[137,36.67]}},{"type":"Feature","properties":{"name":"Araçatuba","pop":170024,"rank":9,"scalerank":6,"minzoom":6,"capital":0,"nation":"bra"},"geometry":{"type":"Point","coordinates":[-50.45,-21.21]}},{"type":"Feature","properties":{"name":"Fuyang","pop":170023,"rank":9,"scalerank":7,"minzoom":6.7,"capital":0,"nation":"chn"},"geometry":{"type":"Point","coordinates":[115.82,32.9]}},{"type":"Feature","properties":{"name":"Čačak","pop":170000,"rank":9,"scalerank":7,"minzoom":6.1,"capital":0,"nation":"srb"},"geometry":{"type":"Point","coordinates":[20.33,43.89]}},{"type":"Feature","properties":{"name":"Dijon","pop":169946,"rank":9,"scalerank":7,"minzoom":6,"capital":0,"nation":"fra"},"geometry":{"type":"Point","coordinates":[5.03,47.33]}},{"type":"Feature","properties":{"name":"Kluang","pop":169828,"rank":9,"scalerank":7,"minzoom":6.7,"capital":0,"nation":"mys"},"geometry":{"type":"Point","coordinates":[103.318,2.038]}},{"type":"Feature","properties":{"name":"Nîmes","pop":169547,"rank":9,"scalerank":7,"minzoom":6.1,"capital":0,"nation":"fra"},"geometry":{"type":"Point","coordinates":[4.35,43.83]}},{"type":"Feature","properties":{"name":"Al Marj","pop":169540,"rank":9,"scalerank":7,"minzoom":6.1,"capital":0,"nation":"lby"},"geometry":{"type":"Point","coordinates":[20.83,32.5]}},{"type":"Feature","properties":{"name":"Barra Mansa","pop":169386,"rank":9,"scalerank":8,"minzoom":7,"capital":0,"nation":"bra"},"geometry":{"type":"Point","coordinates":[-44.17,-22.56]}},{"type":"Feature","properties":{"name":"Jayapura","pop":169341,"rank":9,"scalerank":4,"minzoom":5.6,"capital":0,"nation":"idn"},"geometry":{"type":"Point","coordinates":[140.7,-2.533]}},{"type":"Feature","properties":{"name":"Sarh","pop":169196,"rank":9,"scalerank":6,"minzoom":6,"capital":0,"nation":"tcd"},"geometry":{"type":"Point","coordinates":[18.39,9.15]}},{"type":"Feature","properties":{"name":"Midnapore","pop":169127,"rank":9,"scalerank":7,"minzoom":6.1,"capital":0,"nation":"ind"},"geometry":{"type":"Point","coordinates":[87.334,22.4]}},{"type":"Feature","properties":{"name":"Arad","pop":169065,"rank":9,"scalerank":8,"minzoom":7,"capital":0,"nation":"rou"},"geometry":{"type":"Point","coordinates":[21.32,46.17]}},{"type":"Feature","properties":{"name":"Bouchehr","pop":169060,"rank":9,"scalerank":6,"minzoom":6,"capital":0,"nation":"irn"},"geometry":{"type":"Point","coordinates":[50.83,28.92]}},{"type":"Feature","properties":{"name":"Sonsonate","pop":168947,"rank":9,"scalerank":8,"minzoom":7,"capital":0,"nation":"slv"},"geometry":{"type":"Point","coordinates":[-89.73,13.72]}},{"type":"Feature","properties":{"name":"Baranavitchy","pop":168772,"rank":9,"scalerank":8,"minzoom":7,"capital":0,"nation":"blr"},"geometry":{"type":"Point","coordinates":[26.013,53.137]}},{"type":"Feature","properties":{"name":"Atbara","pop":168612,"rank":9,"scalerank":6,"minzoom":6,"capital":0,"nation":"sdn"},"geometry":{"type":"Point","coordinates":[33.98,17.71]}},{"type":"Feature","properties":{"name":"Wurtzbourg","pop":168561,"rank":9,"scalerank":7,"minzoom":6.1,"capital":0,"nation":"deu"},"geometry":{"type":"Point","coordinates":[9.95,49.8]}},{"type":"Feature","properties":{"name":"Hindupur","pop":168312,"rank":9,"scalerank":7,"minzoom":6.7,"capital":0,"nation":"ind"},"geometry":{"type":"Point","coordinates":[77.49,13.78]}},{"type":"Feature","properties":{"name":"Nzérékoré","pop":168121,"rank":9,"scalerank":4,"minzoom":5.1,"capital":0,"nation":"gin"},"geometry":{"type":"Point","coordinates":[-8.83,7.76]}},{"type":"Feature","properties":{"name":"Baramulla","pop":167986,"rank":9,"scalerank":7,"minzoom":6.7,"capital":0,"nation":"ind"},"geometry":{"type":"Point","coordinates":[74.35,34.2]}},{"type":"Feature","properties":{"name":"Jamalpur","pop":167900,"rank":9,"scalerank":7,"minzoom":6.7,"capital":0,"nation":"bgd"},"geometry":{"type":"Point","coordinates":[89.95,24.9]}},{"type":"Feature","properties":{"name":"Tchirtchik","pop":167842,"rank":9,"scalerank":8,"minzoom":7,"capital":0,"nation":"uzb"},"geometry":{"type":"Point","coordinates":[69.56,41.455]}},{"type":"Feature","properties":{"name":"Berezniki","pop":167748,"rank":9,"scalerank":6,"minzoom":6,"capital":0,"nation":"rus"},"geometry":{"type":"Point","coordinates":[56.76,59.42]}},{"type":"Feature","properties":{"name":"Volgodonsk","pop":167731,"rank":9,"scalerank":6,"minzoom":6,"capital":0,"nation":"rus"},"geometry":{"type":"Point","coordinates":[42.16,47.51]}},{"type":"Feature","properties":{"name":"Ormoc","pop":167584,"rank":9,"scalerank":7,"minzoom":6.7,"capital":0,"nation":"phl"},"geometry":{"type":"Point","coordinates":[124.608,11.064]}},{"type":"Feature","properties":{"name":"Miass","pop":167500,"rank":9,"scalerank":7,"minzoom":6.7,"capital":0,"nation":"rus"},"geometry":{"type":"Point","coordinates":[60.095,54.995]}},{"type":"Feature","properties":{"name":"Oldenbourg","pop":167458,"rank":9,"scalerank":8,"minzoom":7,"capital":0,"nation":"deu"},"geometry":{"type":"Point","coordinates":[8.22,53.13]}},{"type":"Feature","properties":{"name":"Waco","pop":167347,"rank":9,"scalerank":6,"minzoom":6,"capital":0,"nation":"usa"},"geometry":{"type":"Point","coordinates":[-97.146,31.549]}},{"type":"Feature","properties":{"name":"Abakan","pop":167289,"rank":9,"scalerank":4,"minzoom":5.6,"capital":0,"nation":"rus"},"geometry":{"type":"Point","coordinates":[91.445,53.704]}},{"type":"Feature","properties":{"name":"Banha","pop":167029,"rank":9,"scalerank":10,"minzoom":8,"capital":0,"nation":"egy"},"geometry":{"type":"Point","coordinates":[31.183,30.467]}},{"type":"Feature","properties":{"name":"Novotcherkassk","pop":166974,"rank":9,"scalerank":8,"minzoom":6.1,"capital":0,"nation":"rus"},"geometry":{"type":"Point","coordinates":[40.08,47.42]}},{"type":"Feature","properties":{"name":"Les Gonaïves","pop":166678,"rank":9,"scalerank":7,"minzoom":6.7,"capital":0,"nation":"hti"},"geometry":{"type":"Point","coordinates":[-72.683,19.45]}},{"type":"Feature","properties":{"name":"Fatehpur","pop":166480,"rank":9,"scalerank":7,"minzoom":6.7,"capital":0,"nation":"ind"},"geometry":{"type":"Point","coordinates":[80.8,25.88]}},{"type":"Feature","properties":{"name":"Dibrugarh","pop":166366,"rank":9,"scalerank":6,"minzoom":6,"capital":0,"nation":"ind"},"geometry":{"type":"Point","coordinates":[94.9,27.483]}},{"type":"Feature","properties":{"name":"Ayacucho","pop":166314,"rank":9,"scalerank":6,"minzoom":6,"capital":0,"nation":"per"},"geometry":{"type":"Point","coordinates":[-74.22,-13.175]}},{"type":"Feature","properties":{"name":"Reykjavik","pop":166212,"rank":9,"scalerank":3,"minzoom":3.7,"capital":1,"nation":"isl"},"geometry":{"type":"Point","coordinates":[-21.937,64.143]}},{"type":"Feature","properties":{"name":"Marabá","pop":166182,"rank":9,"scalerank":3,"minzoom":5,"capital":0,"nation":"bra"},"geometry":{"type":"Point","coordinates":[-49.116,-5.35]}},{"type":"Feature","properties":{"name":"Ocumare del Tuy","pop":166072,"rank":9,"scalerank":8,"minzoom":7,"capital":0,"nation":"ven"},"geometry":{"type":"Point","coordinates":[-66.78,10.12]}},{"type":"Feature","properties":{"name":"San Fernando","pop":166039,"rank":9,"scalerank":8,"minzoom":7,"capital":0,"nation":"tto"},"geometry":{"type":"Point","coordinates":[-61.459,10.28]}},{"type":"Feature","properties":{"name":"Parme","pop":166011,"rank":9,"scalerank":7,"minzoom":6.1,"capital":0,"nation":"ita"},"geometry":{"type":"Point","coordinates":[10.32,44.81]}},{"type":"Feature","properties":{"name":"Rustenburg","pop":165976,"rank":9,"scalerank":6,"minzoom":6,"capital":0,"nation":"zaf"},"geometry":{"type":"Point","coordinates":[27.24,-25.65]}},{"type":"Feature","properties":{"name":"Norilsk","pop":165873,"rank":9,"scalerank":4,"minzoom":5.6,"capital":0,"nation":"rus"},"geometry":{"type":"Point","coordinates":[88.225,69.34]}},{"type":"Feature","properties":{"name":"Rock Island","pop":165728,"rank":9,"scalerank":8,"minzoom":7,"capital":0,"nation":"usa"},"geometry":{"type":"Point","coordinates":[-90.535,41.493]}},{"type":"Feature","properties":{"name":"Carpina","pop":165579,"rank":9,"scalerank":8,"minzoom":7,"capital":0,"nation":"bra"},"geometry":{"type":"Point","coordinates":[-35.254,-7.847]}},{"type":"Feature","properties":{"name":"Tuluá","pop":165501,"rank":9,"scalerank":7,"minzoom":6.7,"capital":0,"nation":"col"},"geometry":{"type":"Point","coordinates":[-76.21,4.09]}},{"type":"Feature","properties":{"name":"Livingstone","pop":165480,"rank":9,"scalerank":4,"minzoom":5.6,"capital":0,"nation":"zmb"},"geometry":{"type":"Point","coordinates":[25.86,-17.86]}},{"type":"Feature","properties":{"name":"Hà Tĩnh","pop":165396,"rank":9,"scalerank":7,"minzoom":6.7,"capital":0,"nation":"vnm"},"geometry":{"type":"Point","coordinates":[105.9,18.334]}},{"type":"Feature","properties":{"name":"Kendari","pop":165377,"rank":9,"scalerank":6,"minzoom":6,"capital":0,"nation":"idn"},"geometry":{"type":"Point","coordinates":[122.597,-3.955]}},{"type":"Feature","properties":{"name":"Kimberley","pop":165264,"rank":9,"scalerank":6,"minzoom":6,"capital":0,"nation":"zaf"},"geometry":{"type":"Point","coordinates":[24.77,-28.747]}},{"type":"Feature","properties":{"name":"Elbasan","pop":165010,"rank":9,"scalerank":8,"minzoom":7,"capital":0,"nation":"alb"},"geometry":{"type":"Point","coordinates":[20.084,41.122]}},{"type":"Feature","properties":{"name":"Nantou","pop":165000,"rank":9,"scalerank":8,"minzoom":7,"capital":0,"nation":"twn"},"geometry":{"type":"Point","coordinates":[120.683,23.917]}},{"type":"Feature","properties":{"name":"Serang","pop":164767,"rank":9,"scalerank":7,"minzoom":6.7,"capital":0,"nation":"idn"},"geometry":{"type":"Point","coordinates":[106.15,-6.11]}},{"type":"Feature","properties":{"name":"Lages","pop":164676,"rank":9,"scalerank":7,"minzoom":6.7,"capital":0,"nation":"bra"},"geometry":{"type":"Point","coordinates":[-50.31,-27.81]}},{"type":"Feature","properties":{"name":"León","pop":164441,"rank":9,"scalerank":6,"minzoom":6,"capital":0,"nation":"nic"},"geometry":{"type":"Point","coordinates":[-86.879,12.436]}},{"type":"Feature","properties":{"name":"Sitapur","pop":164435,"rank":9,"scalerank":8,"minzoom":7,"capital":0,"nation":"ind"},"geometry":{"type":"Point","coordinates":[80.683,27.552]}},{"type":"Feature","properties":{"name":"Zenica","pop":164423,"rank":9,"scalerank":8,"minzoom":6,"capital":0,"nation":"bih"},"geometry":{"type":"Point","coordinates":[17.92,44.22]}},{"type":"Feature","properties":{"name":"Ratisbonne","pop":164359,"rank":9,"scalerank":7,"minzoom":6.1,"capital":0,"nation":"deu"},"geometry":{"type":"Point","coordinates":[12.12,49.02]}},{"type":"Feature","properties":{"name":"Kigoma","pop":164268,"rank":9,"scalerank":7,"minzoom":6.7,"capital":0,"nation":"tza"},"geometry":{"type":"Point","coordinates":[29.61,-4.88]}},{"type":"Feature","properties":{"name":"Hawally","pop":164212,"rank":9,"scalerank":10,"minzoom":9,"capital":0,"nation":"kwt"},"geometry":{"type":"Point","coordinates":[48,29.333]}},{"type":"Feature","properties":{"name":"Plzeň","pop":164180,"rank":9,"scalerank":7,"minzoom":6.1,"capital":0,"nation":"cze"},"geometry":{"type":"Point","coordinates":[13.36,49.74]}},{"type":"Feature","properties":{"name":"Phitsanulok","pop":164017,"rank":9,"scalerank":7,"minzoom":6.7,"capital":0,"nation":"tha"},"geometry":{"type":"Point","coordinates":[100.273,16.828]}},{"type":"Feature","properties":{"name":"Myingyan","pop":163812,"rank":9,"scalerank":7,"minzoom":6.7,"capital":0,"nation":"mmr"},"geometry":{"type":"Point","coordinates":[95.391,21.462]}},{"type":"Feature","properties":{"name":"Dagupan","pop":163676,"rank":9,"scalerank":7,"minzoom":6.7,"capital":0,"nation":"phl"},"geometry":{"type":"Point","coordinates":[120.341,16.048]}},{"type":"Feature","properties":{"name":"Patras","pop":163360,"rank":9,"scalerank":6,"minzoom":6,"capital":0,"nation":"grc"},"geometry":{"type":"Point","coordinates":[21.73,38.23]}},{"type":"Feature","properties":{"name":"Ingolstadt","pop":163325,"rank":9,"scalerank":7,"minzoom":6.7,"capital":0,"nation":"deu"},"geometry":{"type":"Point","coordinates":[11.45,48.77]}},{"type":"Feature","properties":{"name":"Concepción de La Vega","pop":163197,"rank":9,"scalerank":8,"minzoom":7,"capital":0,"nation":"dom"},"geometry":{"type":"Point","coordinates":[-70.517,19.217]}},{"type":"Feature","properties":{"name":"Mostar","pop":163067,"rank":9,"scalerank":7,"minzoom":6.7,"capital":0,"nation":"bih"},"geometry":{"type":"Point","coordinates":[17.82,43.35]}},{"type":"Feature","properties":{"name":"Navsari","pop":163000,"rank":9,"scalerank":7,"minzoom":6.7,"capital":0,"nation":"ind"},"geometry":{"type":"Point","coordinates":[72.92,20.85]}},{"type":"Feature","properties":{"name":"Al-Genaïna","pop":162981,"rank":9,"scalerank":4,"minzoom":5.6,"capital":0,"nation":"sdn"},"geometry":{"type":"Point","coordinates":[22.44,13.45]}},{"type":"Feature","properties":{"name":"Tartous","pop":162980,"rank":9,"scalerank":7,"minzoom":6.7,"capital":0,"nation":"syr"},"geometry":{"type":"Point","coordinates":[35.887,34.885]}},{"type":"Feature","properties":{"name":"Fargo","pop":162842,"rank":9,"scalerank":4,"minzoom":5.1,"capital":0,"nation":"usa"},"geometry":{"type":"Point","coordinates":[-96.789,46.877]}},{"type":"Feature","properties":{"name":"Simao","pop":162725,"rank":9,"scalerank":7,"minzoom":6.1,"capital":0,"nation":"chn"},"geometry":{"type":"Point","coordinates":[100.978,22.781]}},{"type":"Feature","properties":{"name":"La Rioja","pop":162620,"rank":9,"scalerank":6,"minzoom":6,"capital":0,"nation":"arg"},"geometry":{"type":"Point","coordinates":[-66.85,-29.41]}},{"type":"Feature","properties":{"name":"Lecce","pop":162582,"rank":9,"scalerank":7,"minzoom":6.7,"capital":0,"nation":"ita"},"geometry":{"type":"Point","coordinates":[18.15,40.36]}},{"type":"Feature","properties":{"name":"Mahabad","pop":162434,"rank":9,"scalerank":7,"minzoom":6.1,"capital":0,"nation":"irn"},"geometry":{"type":"Point","coordinates":[45.72,36.77]}},{"type":"Feature","properties":{"name":"Salamanque","pop":162353,"rank":9,"scalerank":7,"minzoom":6.1,"capital":0,"nation":"esp"},"geometry":{"type":"Point","coordinates":[-5.67,40.97]}},{"type":"Feature","properties":{"name":"Dourados","pop":162202,"rank":9,"scalerank":6,"minzoom":6,"capital":0,"nation":"bra"},"geometry":{"type":"Point","coordinates":[-54.81,-22.23]}},{"type":"Feature","properties":{"name":"Shatrah","pop":161949,"rank":9,"scalerank":8,"minzoom":6,"capital":0,"nation":"irq"},"geometry":{"type":"Point","coordinates":[46.177,31.418]}},{"type":"Feature","properties":{"name":"Settat","pop":161748,"rank":9,"scalerank":7,"minzoom":6.7,"capital":0,"nation":"mar"},"geometry":{"type":"Point","coordinates":[-7.62,33.01]}},{"type":"Feature","properties":{"name":"Wilmington","pop":161560,"rank":9,"scalerank":7,"minzoom":6.7,"capital":0,"nation":"usa"},"geometry":{"type":"Point","coordinates":[-75.547,39.746]}},{"type":"Feature","properties":{"name":"Wilmington","pop":161560,"rank":9,"scalerank":4,"minzoom":5.1,"capital":0,"nation":"usa"},"geometry":{"type":"Point","coordinates":[-77.945,34.226]}},{"type":"Feature","properties":{"name":"Budaun","pop":161555,"rank":9,"scalerank":8,"minzoom":7,"capital":0,"nation":"ind"},"geometry":{"type":"Point","coordinates":[79.09,28.03]}},{"type":"Feature","properties":{"name":"Tunja","pop":161412,"rank":9,"scalerank":7,"minzoom":6.7,"capital":0,"nation":"col"},"geometry":{"type":"Point","coordinates":[-73.37,5.55]}},{"type":"Feature","properties":{"name":"Coquimbo","pop":161317,"rank":9,"scalerank":7,"minzoom":8,"capital":0,"nation":"chl"},"geometry":{"type":"Point","coordinates":[-71.344,-29.953]}},{"type":"Feature","properties":{"name":"Roubtsovsk","pop":161065,"rank":9,"scalerank":6,"minzoom":6,"capital":0,"nation":"rus"},"geometry":{"type":"Point","coordinates":[81.21,51.52]}},{"type":"Feature","properties":{"name":"Bisho","pop":160997,"rank":9,"scalerank":6,"minzoom":6,"capital":0,"nation":"zaf"},"geometry":{"type":"Point","coordinates":[27.39,-32.87]}},{"type":"Feature","properties":{"name":"Geelong","pop":160991,"rank":9,"scalerank":6,"minzoom":6,"capital":0,"nation":"aus"},"geometry":{"type":"Point","coordinates":[144.396,-38.167]}},{"type":"Feature","properties":{"name":"Ras el Khaïmah","pop":160849,"rank":9,"scalerank":7,"minzoom":6.1,"capital":0,"nation":"are"},"geometry":{"type":"Point","coordinates":[55.943,25.792]}},{"type":"Feature","properties":{"name":"Sullana","pop":160789,"rank":9,"scalerank":7,"minzoom":6.7,"capital":0,"nation":"per"},"geometry":{"type":"Point","coordinates":[-80.68,-4.89]}},{"type":"Feature","properties":{"name":"Malakal","pop":160765,"rank":9,"scalerank":4,"minzoom":5.6,"capital":0,"nation":"ssd"},"geometry":{"type":"Point","coordinates":[31.656,9.537]}},{"type":"Feature","properties":{"name":"Bumba","pop":160539,"rank":9,"scalerank":3,"minzoom":5,"capital":0,"nation":"cod"},"geometry":{"type":"Point","coordinates":[22.46,2.19]}},{"type":"Feature","properties":{"name":"Xiaogan","pop":160437,"rank":9,"scalerank":7,"minzoom":6.7,"capital":0,"nation":"chn"},"geometry":{"type":"Point","coordinates":[113.9,30.92]}},{"type":"Feature","properties":{"name":"Ponce","pop":160334,"rank":9,"scalerank":7,"minzoom":6.7,"capital":0,"nation":"usa"},"geometry":{"type":"Point","coordinates":[-66.617,18]}},{"type":"Feature","properties":{"name":"Chapecó","pop":160157,"rank":9,"scalerank":6,"minzoom":6,"capital":0,"nation":"bra"},"geometry":{"type":"Point","coordinates":[-52.64,-27.1]}},{"type":"Feature","properties":{"name":"Taunggyi","pop":160115,"rank":9,"scalerank":10,"minzoom":7,"capital":0,"nation":"mmr"},"geometry":{"type":"Point","coordinates":[97.038,20.782]}},{"type":"Feature","properties":{"name":"Lázaro Cárdenas","pop":160087,"rank":9,"scalerank":7,"minzoom":6.7,"capital":0,"nation":"mex"},"geometry":{"type":"Point","coordinates":[-102.2,17.959]}},{"type":"Feature","properties":{"name":"Gonbad-e Qabus","pop":159982,"rank":9,"scalerank":7,"minzoom":6.7,"capital":0,"nation":"irn"},"geometry":{"type":"Point","coordinates":[55.171,37.252]}},{"type":"Feature","properties":{"name":"Salavat","pop":159893,"rank":9,"scalerank":7,"minzoom":6.1,"capital":0,"nation":"rus"},"geometry":{"type":"Point","coordinates":[55.93,53.37]}},{"type":"Feature","properties":{"name":"Valdivia","pop":159599,"rank":9,"scalerank":3,"minzoom":4,"capital":0,"nation":"chl"},"geometry":{"type":"Point","coordinates":[-73.233,-39.822]}},{"type":"Feature","properties":{"name":"Pagadian","pop":159590,"rank":9,"scalerank":7,"minzoom":6.7,"capital":0,"nation":"phl"},"geometry":{"type":"Point","coordinates":[123.507,7.853]}},{"type":"Feature","properties":{"name":"Nakhodka","pop":159551,"rank":9,"scalerank":7,"minzoom":6.7,"capital":0,"nation":"rus"},"geometry":{"type":"Point","coordinates":[77.52,67.75]}},{"type":"Feature","properties":{"name":"Nakhodka","pop":159551,"rank":9,"scalerank":6,"minzoom":6,"capital":0,"nation":"rus"},"geometry":{"type":"Point","coordinates":[132.887,42.837]}},{"type":"Feature","properties":{"name":"Tarija","pop":159269,"rank":9,"scalerank":4,"minzoom":5.6,"capital":0,"nation":"bol"},"geometry":{"type":"Point","coordinates":[-64.75,-21.517]}},{"type":"Feature","properties":{"name":"Zarzis","pop":159161,"rank":9,"scalerank":7,"minzoom":6.7,"capital":0,"nation":"tun"},"geometry":{"type":"Point","coordinates":[11.1,33.51]}},{"type":"Feature","properties":{"name":"Punta del Este","pop":159000,"rank":9,"scalerank":8,"minzoom":6.1,"capital":0,"nation":"ury"},"geometry":{"type":"Point","coordinates":[-54.95,-34.97]}},{"type":"Feature","properties":{"name":"York","pop":158947,"rank":9,"scalerank":7,"minzoom":6.7,"capital":0,"nation":"gbr"},"geometry":{"type":"Point","coordinates":[-1.072,53.951]}},{"type":"Feature","properties":{"name":"Wilkes-Barre","pop":158913,"rank":9,"scalerank":7,"minzoom":6.7,"capital":0,"nation":"usa"},"geometry":{"type":"Point","coordinates":[-75.878,41.249]}},{"type":"Feature","properties":{"name":"Gondelour","pop":158569,"rank":9,"scalerank":7,"minzoom":6.7,"capital":0,"nation":"ind"},"geometry":{"type":"Point","coordinates":[79.77,11.72]}},{"type":"Feature","properties":{"name":"Rio Largo","pop":158545,"rank":9,"scalerank":8,"minzoom":7,"capital":0,"nation":"bra"},"geometry":{"type":"Point","coordinates":[-35.84,-9.48]}},{"type":"Feature","properties":{"name":"Samarra","pop":158508,"rank":9,"scalerank":9,"minzoom":7,"capital":0,"nation":"irq"},"geometry":{"type":"Point","coordinates":[43.875,34.194]}},{"type":"Feature","properties":{"name":"Maïkop","pop":158451,"rank":9,"scalerank":8,"minzoom":7,"capital":0,"nation":"rus"},"geometry":{"type":"Point","coordinates":[40.12,44.61]}},{"type":"Feature","properties":{"name":"Abéché","pop":158317,"rank":9,"scalerank":3,"minzoom":5,"capital":0,"nation":"tcd"},"geometry":{"type":"Point","coordinates":[20.83,13.84]}},{"type":"Feature","properties":{"name":"Barreiras","pop":158292,"rank":9,"scalerank":4,"minzoom":5.6,"capital":0,"nation":"bra"},"geometry":{"type":"Point","coordinates":[-45,-12.14]}},{"type":"Feature","properties":{"name":"Odense","pop":158222,"rank":9,"scalerank":7,"minzoom":6.1,"capital":0,"nation":"dnk"},"geometry":{"type":"Point","coordinates":[10.383,55.4]}},{"type":"Feature","properties":{"name":"Lafayette","pop":158214,"rank":9,"scalerank":6,"minzoom":6,"capital":0,"nation":"usa"},"geometry":{"type":"Point","coordinates":[-92.02,30.2]}},{"type":"Feature","properties":{"name":"Huánuco","pop":158145,"rank":9,"scalerank":6,"minzoom":6,"capital":0,"nation":"per"},"geometry":{"type":"Point","coordinates":[-76.24,-9.92]}},{"type":"Feature","properties":{"name":"Hoshiarpur","pop":158142,"rank":9,"scalerank":8,"minzoom":7,"capital":0,"nation":"ind"},"geometry":{"type":"Point","coordinates":[75.98,31.52]}},{"type":"Feature","properties":{"name":"Albacete","pop":158094,"rank":9,"scalerank":7,"minzoom":6.7,"capital":0,"nation":"esp"},"geometry":{"type":"Point","coordinates":[-1.87,39]}},{"type":"Feature","properties":{"name":"Melitopol","pop":158000,"rank":9,"scalerank":7,"minzoom":6.1,"capital":0,"nation":"ukr"},"geometry":{"type":"Point","coordinates":[35.377,46.838]}},{"type":"Feature","properties":{"name":"Sobral","pop":157996,"rank":9,"scalerank":8,"minzoom":7,"capital":0,"nation":"bra"},"geometry":{"type":"Point","coordinates":[-40.35,-3.69]}},{"type":"Feature","properties":{"name":"Grand Sudbury","pop":157857,"rank":9,"scalerank":6,"minzoom":6,"capital":0,"nation":"can"},"geometry":{"type":"Point","coordinates":[-80.967,46.5]}},{"type":"Feature","properties":{"name":"Surat Thani","pop":157627,"rank":9,"scalerank":4,"minzoom":5.6,"capital":0,"nation":"tha"},"geometry":{"type":"Point","coordinates":[99.34,9.15]}},{"type":"Feature","properties":{"name":"Hurghada","pop":157204,"rank":9,"scalerank":6,"minzoom":6,"capital":0,"nation":"egy"},"geometry":{"type":"Point","coordinates":[33.83,27.23]}},{"type":"Feature","properties":{"name":"Isiro","pop":157196,"rank":9,"scalerank":6,"minzoom":6,"capital":0,"nation":"cod"},"geometry":{"type":"Point","coordinates":[27.62,2.76]}},{"type":"Feature","properties":{"name":"Puerto Princesa","pop":157144,"rank":9,"scalerank":6,"minzoom":6,"capital":0,"nation":"phl"},"geometry":{"type":"Point","coordinates":[118.744,9.754]}},{"type":"Feature","properties":{"name":"Kachmar","pop":157135,"rank":9,"scalerank":6,"minzoom":6,"capital":0,"nation":"irn"},"geometry":{"type":"Point","coordinates":[58.451,35.181]}},{"type":"Feature","properties":{"name":"Oussouriisk","pop":157068,"rank":9,"scalerank":6,"minzoom":6,"capital":0,"nation":"rus"},"geometry":{"type":"Point","coordinates":[132.02,43.8]}},{"type":"Feature","properties":{"name":"Roustavi","pop":157063,"rank":9,"scalerank":7,"minzoom":6.7,"capital":0,"nation":"geo"},"geometry":{"type":"Point","coordinates":[45.05,41.57]}},{"type":"Feature","properties":{"name":"Tiraspol","pop":157000,"rank":9,"scalerank":7,"minzoom":6.1,"capital":0,"nation":"mda"},"geometry":{"type":"Point","coordinates":[29.64,46.853]}},{"type":"Feature","properties":{"name":"Afyonkarahisar","pop":156992,"rank":9,"scalerank":7,"minzoom":6.1,"capital":0,"nation":"tur"},"geometry":{"type":"Point","coordinates":[30.55,38.75]}},{"type":"Feature","properties":{"name":"Olympia","pop":156984,"rank":9,"scalerank":4,"minzoom":5.6,"capital":0,"nation":"usa"},"geometry":{"type":"Point","coordinates":[-122.899,47.038]}},{"type":"Feature","properties":{"name":"Zonguldak","pop":156918,"rank":9,"scalerank":7,"minzoom":6.1,"capital":0,"nation":"tur"},"geometry":{"type":"Point","coordinates":[31.78,41.43]}},{"type":"Feature","properties":{"name":"Matsue","pop":156811,"rank":9,"scalerank":7,"minzoom":6.1,"capital":0,"nation":"jpn"},"geometry":{"type":"Point","coordinates":[133.067,35.467]}},{"type":"Feature","properties":{"name":"Salinas","pop":156784,"rank":9,"scalerank":6,"minzoom":6,"capital":0,"nation":"usa"},"geometry":{"type":"Point","coordinates":[-121.642,36.682]}},{"type":"Feature","properties":{"name":"Moundou","pop":156705,"rank":9,"scalerank":4,"minzoom":5.6,"capital":0,"nation":"tcd"},"geometry":{"type":"Point","coordinates":[16.09,8.55]}},{"type":"Feature","properties":{"name":"Dali","pop":156685,"rank":9,"scalerank":6,"minzoom":6,"capital":0,"nation":"chn"},"geometry":{"type":"Point","coordinates":[100.25,25.594]}},{"type":"Feature","properties":{"name":"Koforidua","pop":156653,"rank":9,"scalerank":7,"minzoom":6.7,"capital":0,"nation":"gha"},"geometry":{"type":"Point","coordinates":[-0.26,6.09]}},{"type":"Feature","properties":{"name":"Istaravchan","pop":156621,"rank":9,"scalerank":7,"minzoom":6.7,"capital":0,"nation":"tjk"},"geometry":{"type":"Point","coordinates":[69.001,39.922]}},{"type":"Feature","properties":{"name":"Livourne","pop":156274,"rank":9,"scalerank":7,"minzoom":6.7,"capital":0,"nation":"ita"},"geometry":{"type":"Point","coordinates":[10.302,43.551]}},{"type":"Feature","properties":{"name":"Gondar","pop":156230,"rank":9,"scalerank":3,"minzoom":5,"capital":0,"nation":"eth"},"geometry":{"type":"Point","coordinates":[37.46,12.61]}},{"type":"Feature","properties":{"name":"Scranton","pop":156196,"rank":9,"scalerank":7,"minzoom":6.1,"capital":0,"nation":"usa"},"geometry":{"type":"Point","coordinates":[-75.663,41.409]}},{"type":"Feature","properties":{"name":"Ciudad del Carmen","pop":156195,"rank":9,"scalerank":7,"minzoom":6.7,"capital":0,"nation":"mex"},"geometry":{"type":"Point","coordinates":[-91.824,18.654]}},{"type":"Feature","properties":{"name":"Malabo","pop":155963,"rank":9,"scalerank":3,"minzoom":5,"capital":1,"nation":"gnq"},"geometry":{"type":"Point","coordinates":[8.783,3.75]}},{"type":"Feature","properties":{"name":"Yulin","pop":155960,"rank":9,"scalerank":4,"minzoom":5.6,"capital":0,"nation":"chn"},"geometry":{"type":"Point","coordinates":[109.733,38.283]}},{"type":"Feature","properties":{"name":"Shkodër","pop":155767,"rank":9,"scalerank":7,"minzoom":6.7,"capital":0,"nation":"alb"},"geometry":{"type":"Point","coordinates":[19.519,42.068]}},{"type":"Feature","properties":{"name":"Sioux Falls","pop":155724,"rank":9,"scalerank":4,"minzoom":5.6,"capital":0,"nation":"usa"},"geometry":{"type":"Point","coordinates":[-96.73,43.55]}},{"type":"Feature","properties":{"name":"Muroran","pop":155676,"rank":9,"scalerank":6,"minzoom":6,"capital":0,"nation":"jpn"},"geometry":{"type":"Point","coordinates":[140.98,42.35]}},{"type":"Feature","properties":{"name":"Sibiu","pop":155565,"rank":9,"scalerank":8,"minzoom":7,"capital":0,"nation":"rou"},"geometry":{"type":"Point","coordinates":[24.137,45.797]}},{"type":"Feature","properties":{"name":"Batoumi","pop":155542,"rank":9,"scalerank":6,"minzoom":6,"capital":0,"nation":"geo"},"geometry":{"type":"Point","coordinates":[41.63,41.6]}},{"type":"Feature","properties":{"name":"Borissov","pop":155389,"rank":9,"scalerank":7,"minzoom":6.7,"capital":0,"nation":"blr"},"geometry":{"type":"Point","coordinates":[28.492,54.226]}},{"type":"Feature","properties":{"name":"Gyeongju","pop":155237,"rank":9,"scalerank":8,"minzoom":7,"capital":0,"nation":"kor"},"geometry":{"type":"Point","coordinates":[129.212,35.843]}},{"type":"Feature","properties":{"name":"Innsbruck","pop":155214,"rank":9,"scalerank":7,"minzoom":6.1,"capital":0,"nation":"aut"},"geometry":{"type":"Point","coordinates":[11.41,47.28]}},{"type":"Feature","properties":{"name":"Foggia","pop":155203,"rank":9,"scalerank":7,"minzoom":6.7,"capital":0,"nation":"ita"},"geometry":{"type":"Point","coordinates":[15.56,41.46]}},{"type":"Feature","properties":{"name":"Ordu","pop":155117,"rank":9,"scalerank":7,"minzoom":6.7,"capital":0,"nation":"tur"},"geometry":{"type":"Point","coordinates":[37.87,41]}},{"type":"Feature","properties":{"name":"Kanchipuram","pop":155029,"rank":9,"scalerank":7,"minzoom":6.7,"capital":0,"nation":"ind"},"geometry":{"type":"Point","coordinates":[79.717,12.834]}},{"type":"Feature","properties":{"name":"Sariwŏn","pop":154942,"rank":9,"scalerank":10,"minzoom":7,"capital":0,"nation":"prk"},"geometry":{"type":"Point","coordinates":[125.762,38.507]}},{"type":"Feature","properties":{"name":"Bei'an","pop":154936,"rank":9,"scalerank":4,"minzoom":5.6,"capital":0,"nation":"chn"},"geometry":{"type":"Point","coordinates":[126.529,48.246]}},{"type":"Feature","properties":{"name":"Antakya","pop":154803,"rank":9,"scalerank":10,"minzoom":9,"capital":0,"nation":"tur"},"geometry":{"type":"Point","coordinates":[36.117,36.233]}},{"type":"Feature","properties":{"name":"Battambang","pop":154773,"rank":9,"scalerank":4,"minzoom":5.6,"capital":0,"nation":"khm"},"geometry":{"type":"Point","coordinates":[103.2,13.1]}},{"type":"Feature","properties":{"name":"Guangshui","pop":154771,"rank":9,"scalerank":7,"minzoom":6.7,"capital":0,"nation":"chn"},"geometry":{"type":"Point","coordinates":[114,31.62]}},{"type":"Feature","properties":{"name":"Middelburg","pop":154706,"rank":9,"scalerank":7,"minzoom":6.7,"capital":0,"nation":"zaf"},"geometry":{"type":"Point","coordinates":[29.47,-25.76]}},{"type":"Feature","properties":{"name":"Mahajanga","pop":154657,"rank":9,"scalerank":4,"minzoom":5.6,"capital":0,"nation":"mdg"},"geometry":{"type":"Point","coordinates":[46.345,-15.67]}},{"type":"Feature","properties":{"name":"La Serena","pop":154521,"rank":9,"scalerank":4,"minzoom":5.6,"capital":0,"nation":"chl"},"geometry":{"type":"Point","coordinates":[-71.25,-29.9]}},{"type":"Feature","properties":{"name":"Chetumal","pop":154517,"rank":9,"scalerank":6,"minzoom":6,"capital":0,"nation":"mex"},"geometry":{"type":"Point","coordinates":[-88.3,18.5]}},{"type":"Feature","properties":{"name":"Ngandajika","pop":154425,"rank":9,"scalerank":7,"minzoom":6.7,"capital":0,"nation":"cod"},"geometry":{"type":"Point","coordinates":[23.96,-6.74]}},{"type":"Feature","properties":{"name":"Pathum Thani","pop":154412,"rank":9,"scalerank":7,"minzoom":8,"capital":0,"nation":"tha"},"geometry":{"type":"Point","coordinates":[100.533,14.017]}},{"type":"Feature","properties":{"name":"Cairns","pop":154225,"rank":9,"scalerank":4,"minzoom":5,"capital":0,"nation":"aus"},"geometry":{"type":"Point","coordinates":[145.763,-16.888]}},{"type":"Feature","properties":{"name":"Kovrov","pop":154224,"rank":9,"scalerank":7,"minzoom":6.7,"capital":0,"nation":"rus"},"geometry":{"type":"Point","coordinates":[41.33,56.36]}},{"type":"Feature","properties":{"name":"Osorno","pop":154131,"rank":9,"scalerank":6,"minzoom":6,"capital":0,"nation":"chl"},"geometry":{"type":"Point","coordinates":[-73.131,-40.579]}},{"type":"Feature","properties":{"name":"Tottori","pop":154098,"rank":9,"scalerank":7,"minzoom":6.7,"capital":0,"nation":"jpn"},"geometry":{"type":"Point","coordinates":[134.233,35.5]}},{"type":"Feature","properties":{"name":"San Cristóbal","pop":154040,"rank":9,"scalerank":10,"minzoom":9,"capital":0,"nation":"dom"},"geometry":{"type":"Point","coordinates":[-70.109,18.416]}},{"type":"Feature","properties":{"name":"Limassol","pop":154000,"rank":9,"scalerank":7,"minzoom":6.1,"capital":0,"nation":"cyp"},"geometry":{"type":"Point","coordinates":[33.033,34.675]}},{"type":"Feature","properties":{"name":"Moanda","pop":153915,"rank":9,"scalerank":7,"minzoom":6.7,"capital":0,"nation":"cod"},"geometry":{"type":"Point","coordinates":[12.355,-5.923]}},{"type":"Feature","properties":{"name":"Río Cuarto","pop":153757,"rank":9,"scalerank":6,"minzoom":6,"capital":0,"nation":"arg"},"geometry":{"type":"Point","coordinates":[-64.35,-33.13]}},{"type":"Feature","properties":{"name":"Masjed Soleiman","pop":153663,"rank":9,"scalerank":8,"minzoom":6,"capital":0,"nation":"irn"},"geometry":{"type":"Point","coordinates":[49.3,31.98]}},{"type":"Feature","properties":{"name":"Mufulira","pop":153624,"rank":9,"scalerank":4,"minzoom":5.6,"capital":0,"nation":"zmb"},"geometry":{"type":"Point","coordinates":[28.26,-12.55]}},{"type":"Feature","properties":{"name":"Niagara Falls","pop":153134,"rank":9,"scalerank":7,"minzoom":6.7,"capital":0,"nation":"usa"},"geometry":{"type":"Point","coordinates":[-79.037,43.095]}},{"type":"Feature","properties":{"name":"Chincha Alta","pop":153076,"rank":9,"scalerank":7,"minzoom":6.7,"capital":0,"nation":"per"},"geometry":{"type":"Point","coordinates":[-76.14,-13.42]}},{"type":"Feature","properties":{"name":"Faizabad","pop":153047,"rank":9,"scalerank":7,"minzoom":6.7,"capital":0,"nation":"ind"},"geometry":{"type":"Point","coordinates":[82.17,26.75]}},{"type":"Feature","properties":{"name":"Dingzhou","pop":152934,"rank":9,"scalerank":7,"minzoom":6.7,"capital":0,"nation":"chn"},"geometry":{"type":"Point","coordinates":[115,38.5]}},{"type":"Feature","properties":{"name":"Rondonópolis","pop":152912,"rank":9,"scalerank":7,"minzoom":6.7,"capital":0,"nation":"bra"},"geometry":{"type":"Point","coordinates":[-54.64,-16.469]}},{"type":"Feature","properties":{"name":"Ilam","pop":152894,"rank":9,"scalerank":7,"minzoom":6.7,"capital":0,"nation":"irn"},"geometry":{"type":"Point","coordinates":[46.43,33.63]}},{"type":"Feature","properties":{"name":"Uşak","pop":152862,"rank":9,"scalerank":7,"minzoom":6.7,"capital":0,"nation":"tur"},"geometry":{"type":"Point","coordinates":[29.42,38.68]}},{"type":"Feature","properties":{"name":"Nusaybin","pop":152668,"rank":9,"scalerank":8,"minzoom":6,"capital":0,"nation":"tur"},"geometry":{"type":"Point","coordinates":[41.218,37.075]}},{"type":"Feature","properties":{"name":"San Francisco de Macorís","pop":152538,"rank":9,"scalerank":8,"minzoom":7,"capital":0,"nation":"dom"},"geometry":{"type":"Point","coordinates":[-70.25,19.3]}},{"type":"Feature","properties":{"name":"Zabid","pop":152504,"rank":9,"scalerank":7,"minzoom":6.1,"capital":0,"nation":"yem"},"geometry":{"type":"Point","coordinates":[43.316,14.195]}},{"type":"Feature","properties":{"name":"Silchar","pop":152393,"rank":9,"scalerank":7,"minzoom":6.7,"capital":0,"nation":"ind"},"geometry":{"type":"Point","coordinates":[92.79,24.79]}},{"type":"Feature","properties":{"name":"Xian de Wenshan","pop":152388,"rank":9,"scalerank":7,"minzoom":6.1,"capital":0,"nation":"chn"},"geometry":{"type":"Point","coordinates":[104.25,23.372]}},{"type":"Feature","properties":{"name":"Novokouïbychevsk","pop":152334,"rank":9,"scalerank":8,"minzoom":7,"capital":0,"nation":"rus"},"geometry":{"type":"Point","coordinates":[49.92,53.12]}},{"type":"Feature","properties":{"name":"Mudon","pop":152300,"rank":9,"scalerank":7,"minzoom":6.7,"capital":0,"nation":"mmr"},"geometry":{"type":"Point","coordinates":[97.721,16.262]}},{"type":"Feature","properties":{"name":"Limoges","pop":152199,"rank":9,"scalerank":6,"minzoom":6.7,"capital":0,"nation":"fra"},"geometry":{"type":"Point","coordinates":[1.25,45.83]}},{"type":"Feature","properties":{"name":"Kertch","pop":152195,"rank":9,"scalerank":7,"minzoom":6.7,"capital":0,"nation":"rus"},"geometry":{"type":"Point","coordinates":[36.488,45.369]}},{"type":"Feature","properties":{"name":"Deyang","pop":152194,"rank":9,"scalerank":8,"minzoom":7,"capital":0,"nation":"chn"},"geometry":{"type":"Point","coordinates":[104.4,31.133]}},{"type":"Feature","properties":{"name":"Samalut","pop":152097,"rank":9,"scalerank":7,"minzoom":6.1,"capital":0,"nation":"egy"},"geometry":{"type":"Point","coordinates":[30.71,28.3]}},{"type":"Feature","properties":{"name":"Luanshya","pop":151993,"rank":9,"scalerank":6,"minzoom":6,"capital":0,"nation":"zmb"},"geometry":{"type":"Point","coordinates":[28.4,-13.133]}},{"type":"Feature","properties":{"name":"Al Manaqil","pop":151827,"rank":9,"scalerank":7,"minzoom":6.7,"capital":0,"nation":"sdn"},"geometry":{"type":"Point","coordinates":[32.98,14.25]}},{"type":"Feature","properties":{"name":"Abbotsford","pop":151683,"rank":9,"scalerank":7,"minzoom":6.7,"capital":0,"nation":"can"},"geometry":{"type":"Point","coordinates":[-122.3,49.05]}},{"type":"Feature","properties":{"name":"Fayetteville","pop":151671,"rank":9,"scalerank":7,"minzoom":6.1,"capital":0,"nation":"usa"},"geometry":{"type":"Point","coordinates":[-94.157,36.063]}},{"type":"Feature","properties":{"name":"Guanare","pop":151642,"rank":9,"scalerank":8,"minzoom":7,"capital":0,"nation":"ven"},"geometry":{"type":"Point","coordinates":[-69.75,9.05]}},{"type":"Feature","properties":{"name":"Bintulu","pop":151617,"rank":9,"scalerank":7,"minzoom":6.1,"capital":0,"nation":"mys"},"geometry":{"type":"Point","coordinates":[113.036,3.166]}},{"type":"Feature","properties":{"name":"Dundee","pop":151592,"rank":9,"scalerank":7,"minzoom":6.7,"capital":0,"nation":"gbr"},"geometry":{"type":"Point","coordinates":[-3,56.47]}},{"type":"Feature","properties":{"name":"Nazareth","pop":151459,"rank":9,"scalerank":7,"minzoom":7,"capital":0,"nation":"isr"},"geometry":{"type":"Point","coordinates":[35.296,32.704]}},{"type":"Feature","properties":{"name":"Maragha","pop":151385,"rank":9,"scalerank":7,"minzoom":6.1,"capital":0,"nation":"irn"},"geometry":{"type":"Point","coordinates":[46.22,37.42]}},{"type":"Feature","properties":{"name":"Bălți","pop":151355,"rank":9,"scalerank":7,"minzoom":6.7,"capital":0,"nation":"mda"},"geometry":{"type":"Point","coordinates":[27.905,47.759]}},{"type":"Feature","properties":{"name":"Sohar","pop":151349,"rank":9,"scalerank":6,"minzoom":6,"capital":0,"nation":"omn"},"geometry":{"type":"Point","coordinates":[56.734,24.362]}},{"type":"Feature","properties":{"name":"Benguela","pop":151226,"rank":9,"scalerank":4,"minzoom":5.6,"capital":0,"nation":"ago"},"geometry":{"type":"Point","coordinates":[13.407,-12.578]}},{"type":"Feature","properties":{"name":"Paterson","pop":151205,"rank":9,"scalerank":8,"minzoom":7,"capital":0,"nation":"usa"},"geometry":{"type":"Point","coordinates":[-74.17,40.92]}},{"type":"Feature","properties":{"name":"Guarapuava","pop":150850,"rank":9,"scalerank":8,"minzoom":7,"capital":0,"nation":"bra"},"geometry":{"type":"Point","coordinates":[-51.48,-25.38]}},{"type":"Feature","properties":{"name":"Oujhorod","pop":150832,"rank":9,"scalerank":8,"minzoom":7,"capital":0,"nation":"ukr"},"geometry":{"type":"Point","coordinates":[22.25,48.63]}},{"type":"Feature","properties":{"name":"Kitale","pop":150495,"rank":9,"scalerank":7,"minzoom":6.7,"capital":0,"nation":"ken"},"geometry":{"type":"Point","coordinates":[34.99,1.03]}},{"type":"Feature","properties":{"name":"Chillán","pop":150396,"rank":9,"scalerank":6,"minzoom":6,"capital":0,"nation":"chl"},"geometry":{"type":"Point","coordinates":[-72.111,-36.607]}},{"type":"Feature","properties":{"name":"Ourguentch","pop":150110,"rank":9,"scalerank":6,"minzoom":6,"capital":0,"nation":"uzb"},"geometry":{"type":"Point","coordinates":[60.64,41.56]}},{"type":"Feature","properties":{"name":"Vryheid","pop":150012,"rank":9,"scalerank":6,"minzoom":6,"capital":0,"nation":"zaf"},"geometry":{"type":"Point","coordinates":[30.79,-27.76]}},{"type":"Feature","properties":{"name":"Coral Gables","pop":150000,"rank":9,"scalerank":7,"minzoom":6.7,"capital":0,"nation":"usa"},"geometry":{"type":"Point","coordinates":[-80.291,25.715]}},{"type":"Feature","properties":{"name":"Edinburg","pop":150000,"rank":9,"scalerank":7,"minzoom":6.1,"capital":0,"nation":"usa"},"geometry":{"type":"Point","coordinates":[-98.16,26.303]}},{"type":"Feature","properties":{"name":"Keren","pop":150000,"rank":9,"scalerank":7,"minzoom":6.7,"capital":0,"nation":"eri"},"geometry":{"type":"Point","coordinates":[38.454,15.781]}},{"type":"Feature","properties":{"name":"M'Sila","pop":150000,"rank":9,"scalerank":10,"minzoom":7,"capital":0,"nation":"dza"},"geometry":{"type":"Point","coordinates":[4.545,35.7]}},{"type":"Feature","properties":{"name":"Miaoli","pop":150000,"rank":9,"scalerank":7,"minzoom":6,"capital":0,"nation":"twn"},"geometry":{"type":"Point","coordinates":[120.82,24.57]}},{"type":"Feature","properties":{"name":"National City","pop":150000,"rank":9,"scalerank":8,"minzoom":7,"capital":0,"nation":"usa"},"geometry":{"type":"Point","coordinates":[-117.098,32.672]}},{"type":"Feature","properties":{"name":"Pattani","pop":150000,"rank":9,"scalerank":10,"minzoom":9,"capital":0,"nation":"tha"},"geometry":{"type":"Point","coordinates":[101.25,6.864]}},{"type":"Feature","properties":{"name":"Tororo","pop":150000,"rank":9,"scalerank":7,"minzoom":6.7,"capital":0,"nation":"uga"},"geometry":{"type":"Point","coordinates":[34.17,0.71]}},{"type":"Feature","properties":{"name":"Yilan","pop":150000,"rank":9,"scalerank":8,"minzoom":7,"capital":0,"nation":"twn"},"geometry":{"type":"Point","coordinates":[121.75,24.75]}},{"type":"Feature","properties":{"name":"Cao Lãnh","pop":149837,"rank":9,"scalerank":10,"minzoom":9,"capital":0,"nation":"vnm"},"geometry":{"type":"Point","coordinates":[105.636,10.467]}},{"type":"Feature","properties":{"name":"Khiva","pop":149751,"rank":9,"scalerank":7,"minzoom":6.7,"capital":0,"nation":"uzb"},"geometry":{"type":"Point","coordinates":[60.356,41.391]}},{"type":"Feature","properties":{"name":"Carora","pop":149711,"rank":9,"scalerank":8,"minzoom":7,"capital":0,"nation":"ven"},"geometry":{"type":"Point","coordinates":[-70.08,10.19]}},{"type":"Feature","properties":{"name":"Târgu Mureș","pop":149433,"rank":9,"scalerank":7,"minzoom":6.1,"capital":0,"nation":"rou"},"geometry":{"type":"Point","coordinates":[24.558,46.558]}},{"type":"Feature","properties":{"name":"Schenectady","pop":149255,"rank":9,"scalerank":7,"minzoom":6.7,"capital":0,"nation":"usa"},"geometry":{"type":"Point","coordinates":[-73.94,42.815]}},{"type":"Feature","properties":{"name":"Elkhart","pop":149190,"rank":9,"scalerank":8,"minzoom":7,"capital":0,"nation":"usa"},"geometry":{"type":"Point","coordinates":[-85.969,41.683]}},{"type":"Feature","properties":{"name":"Pérouse","pop":149125,"rank":9,"scalerank":7,"minzoom":6.7,"capital":0,"nation":"ita"},"geometry":{"type":"Point","coordinates":[12.39,43.11]}},{"type":"Feature","properties":{"name":"Gejiu","pop":149105,"rank":9,"scalerank":4,"minzoom":5.1,"capital":0,"nation":"chn"},"geometry":{"type":"Point","coordinates":[103.15,23.38]}},{"type":"Feature","properties":{"name":"Santa Cruz","pop":148444,"rank":9,"scalerank":6,"minzoom":6,"capital":0,"nation":"usa"},"geometry":{"type":"Point","coordinates":[-122.026,36.972]}},{"type":"Feature","properties":{"name":"Gyumri","pop":148381,"rank":9,"scalerank":8,"minzoom":7,"capital":0,"nation":"arm"},"geometry":{"type":"Point","coordinates":[43.847,40.789]}},{"type":"Feature","properties":{"name":"Palangkaraya","pop":148289,"rank":9,"scalerank":7,"minzoom":6.7,"capital":0,"nation":"idn"},"geometry":{"type":"Point","coordinates":[113.91,-2.21]}},{"type":"Feature","properties":{"name":"Jiayuguan","pop":148279,"rank":9,"scalerank":3,"minzoom":5,"capital":0,"nation":"chn"},"geometry":{"type":"Point","coordinates":[98.3,39.82]}},{"type":"Feature","properties":{"name":"Hamilton","pop":148200,"rank":9,"scalerank":4,"minzoom":5,"capital":0,"nation":"nzl"},"geometry":{"type":"Point","coordinates":[175.29,-37.778]}},{"type":"Feature","properties":{"name":"Yala","pop":148140,"rank":9,"scalerank":7,"minzoom":6.7,"capital":0,"nation":"tha"},"geometry":{"type":"Point","coordinates":[101.285,6.55]}},{"type":"Feature","properties":{"name":"Independence","pop":148102,"rank":9,"scalerank":8,"minzoom":7,"capital":0,"nation":"usa"},"geometry":{"type":"Point","coordinates":[-94.415,39.091]}},{"type":"Feature","properties":{"name":"Diourbel","pop":148024,"rank":9,"scalerank":7,"minzoom":6.7,"capital":0,"nation":"sen"},"geometry":{"type":"Point","coordinates":[-16.24,14.66]}},{"type":"Feature","properties":{"name":"Jijel","pop":148000,"rank":9,"scalerank":10,"minzoom":7,"capital":0,"nation":"dza"},"geometry":{"type":"Point","coordinates":[5.766,36.822]}},{"type":"Feature","properties":{"name":"Lạng Sơn","pop":148000,"rank":9,"scalerank":10,"minzoom":9,"capital":0,"nation":"vnm"},"geometry":{"type":"Point","coordinates":[106.757,21.846]}},{"type":"Feature","properties":{"name":"Trang","pop":147820,"rank":9,"scalerank":7,"minzoom":6.1,"capital":0,"nation":"tha"},"geometry":{"type":"Point","coordinates":[99.608,7.563]}},{"type":"Feature","properties":{"name":"Turbat","pop":147791,"rank":9,"scalerank":6,"minzoom":6,"capital":0,"nation":"pak"},"geometry":{"type":"Point","coordinates":[63.072,25.992]}},{"type":"Feature","properties":{"name":"Médéa","pop":147707,"rank":9,"scalerank":7,"minzoom":6.1,"capital":0,"nation":"dza"},"geometry":{"type":"Point","coordinates":[2.77,36.27]}},{"type":"Feature","properties":{"name":"Kolomna","pop":147690,"rank":9,"scalerank":8,"minzoom":7,"capital":0,"nation":"rus"},"geometry":{"type":"Point","coordinates":[38.785,55.08]}},{"type":"Feature","properties":{"name":"San Juan del Río","pop":147559,"rank":9,"scalerank":8,"minzoom":7,"capital":0,"nation":"mex"},"geometry":{"type":"Point","coordinates":[-100,20.38]}},{"type":"Feature","properties":{"name":"Aktaou","pop":147443,"rank":9,"scalerank":9,"minzoom":8,"capital":0,"nation":"kaz"},"geometry":{"type":"Point","coordinates":[51.142,43.69]}},{"type":"Feature","properties":{"name":"El Progreso","pop":147197,"rank":9,"scalerank":10,"minzoom":9,"capital":0,"nation":"gtm"},"geometry":{"type":"Point","coordinates":[-90.016,14.922]}},{"type":"Feature","properties":{"name":"Trondheim","pop":147139,"rank":9,"scalerank":3,"minzoom":4,"capital":0,"nation":"nor"},"geometry":{"type":"Point","coordinates":[10.417,63.417]}},{"type":"Feature","properties":{"name":"Man","pop":146974,"rank":9,"scalerank":7,"minzoom":6.7,"capital":0,"nation":"civ"},"geometry":{"type":"Point","coordinates":[-7.55,7.4]}},{"type":"Feature","properties":{"name":"Wamba","pop":146871,"rank":9,"scalerank":7,"minzoom":6.7,"capital":0,"nation":"cod"},"geometry":{"type":"Point","coordinates":[27.99,2.14]}},{"type":"Feature","properties":{"name":"Gulu","pop":146858,"rank":9,"scalerank":4,"minzoom":5.6,"capital":0,"nation":"uga"},"geometry":{"type":"Point","coordinates":[32.28,2.78]}},{"type":"Feature","properties":{"name":"Aix-en-Provence","pop":146821,"rank":9,"scalerank":8,"minzoom":7,"capital":0,"nation":"fra"},"geometry":{"type":"Point","coordinates":[5.45,43.52]}},{"type":"Feature","properties":{"name":"Willemstad","pop":146813,"rank":9,"scalerank":7,"minzoom":6.7,"capital":0,"nation":"nld"},"geometry":{"type":"Point","coordinates":[-68.872,12.112]}},{"type":"Feature","properties":{"name":"Gharyan","pop":146810,"rank":9,"scalerank":7,"minzoom":6.7,"capital":0,"nation":"lby"},"geometry":{"type":"Point","coordinates":[13.02,32.17]}},{"type":"Feature","properties":{"name":"Ambala","pop":146787,"rank":9,"scalerank":8,"minzoom":7,"capital":0,"nation":"ind"},"geometry":{"type":"Point","coordinates":[76.792,30.377]}},{"type":"Feature","properties":{"name":"Cam Ranh","pop":146771,"rank":9,"scalerank":6,"minzoom":6,"capital":0,"nation":"vnm"},"geometry":{"type":"Point","coordinates":[109.221,11.902]}},{"type":"Feature","properties":{"name":"Ibarra","pop":146741,"rank":9,"scalerank":7,"minzoom":6.7,"capital":0,"nation":"ecu"},"geometry":{"type":"Point","coordinates":[-78.13,0.36]}},{"type":"Feature","properties":{"name":"Matanzas","pop":146733,"rank":9,"scalerank":7,"minzoom":6.7,"capital":0,"nation":"cub"},"geometry":{"type":"Point","coordinates":[-81.577,23.042]}},{"type":"Feature","properties":{"name":"Bryan","pop":146692,"rank":9,"scalerank":8,"minzoom":6.1,"capital":0,"nation":"usa"},"geometry":{"type":"Point","coordinates":[-96.37,30.674]}},{"type":"Feature","properties":{"name":"Perpignan","pop":146620,"rank":9,"scalerank":8,"minzoom":6.1,"capital":0,"nation":"fra"},"geometry":{"type":"Point","coordinates":[2.9,42.7]}},{"type":"Feature","properties":{"name":"Poços de Caldas","pop":146588,"rank":9,"scalerank":8,"minzoom":7,"capital":0,"nation":"bra"},"geometry":{"type":"Point","coordinates":[-46.57,-21.78]}},{"type":"Feature","properties":{"name":"Tabora","pop":146495,"rank":9,"scalerank":6,"minzoom":6,"capital":0,"nation":"tza"},"geometry":{"type":"Point","coordinates":[32.8,-5.02]}},{"type":"Feature","properties":{"name":"Deraa","pop":146481,"rank":9,"scalerank":10,"minzoom":8,"capital":0,"nation":"syr"},"geometry":{"type":"Point","coordinates":[36.105,32.625]}},{"type":"Feature","properties":{"name":"Bruges","pop":146469,"rank":9,"scalerank":7,"minzoom":7,"capital":0,"nation":"bel"},"geometry":{"type":"Point","coordinates":[3.23,51.22]}},{"type":"Feature","properties":{"name":"Vallejo","pop":146289,"rank":9,"scalerank":8,"minzoom":7,"capital":0,"nation":"usa"},"geometry":{"type":"Point","coordinates":[-122.258,38.112]}},{"type":"Feature","properties":{"name":"Cabo de Santo Agostinho","pop":146219,"rank":9,"scalerank":8,"minzoom":7,"capital":0,"nation":"bra"},"geometry":{"type":"Point","coordinates":[-35.03,-8.29]}},{"type":"Feature","properties":{"name":"Tavoy","pop":146212,"rank":9,"scalerank":7,"minzoom":6.7,"capital":0,"nation":"mmr"},"geometry":{"type":"Point","coordinates":[98.195,14.098]}},{"type":"Feature","properties":{"name":"Hanzhong","pop":145986,"rank":9,"scalerank":6,"minzoom":6,"capital":0,"nation":"chn"},"geometry":{"type":"Point","coordinates":[107.03,33.13]}},{"type":"Feature","properties":{"name":"Krishnanagar","pop":145926,"rank":9,"scalerank":6,"minzoom":6,"capital":0,"nation":"ind"},"geometry":{"type":"Point","coordinates":[88.53,23.38]}},{"type":"Feature","properties":{"name":"La Ceiba","pop":145926,"rank":9,"scalerank":6,"minzoom":6,"capital":0,"nation":"hnd"},"geometry":{"type":"Point","coordinates":[-86.797,15.763]}},{"type":"Feature","properties":{"name":"Podgorica","pop":145850,"rank":9,"scalerank":4,"minzoom":5.6,"capital":1,"nation":"mne"},"geometry":{"type":"Point","coordinates":[19.266,42.466]}},{"type":"Feature","properties":{"name":"Ayutthaya","pop":145615,"rank":9,"scalerank":7,"minzoom":8,"capital":0,"nation":"tha"},"geometry":{"type":"Point","coordinates":[100.568,14.359]}},{"type":"Feature","properties":{"name":"Ghouchan","pop":145531,"rank":9,"scalerank":7,"minzoom":6.1,"capital":0,"nation":"irn"},"geometry":{"type":"Point","coordinates":[58.501,37.112]}},{"type":"Feature","properties":{"name":"Pointe-à-Pitre","pop":145511,"rank":9,"scalerank":7,"minzoom":6.7,"capital":0,"nation":"fra"},"geometry":{"type":"Point","coordinates":[-61.533,16.241]}},{"type":"Feature","properties":{"name":"Biarritz","pop":145348,"rank":9,"scalerank":8,"minzoom":7,"capital":0,"nation":"fra"},"geometry":{"type":"Point","coordinates":[-1.562,43.473]}},{"type":"Feature","properties":{"name":"Los Ángeles","pop":145239,"rank":9,"scalerank":4,"minzoom":5.6,"capital":0,"nation":"chl"},"geometry":{"type":"Point","coordinates":[-72.347,-37.48]}},{"type":"Feature","properties":{"name":"Concordia","pop":145210,"rank":9,"scalerank":7,"minzoom":6.7,"capital":0,"nation":"arg"},"geometry":{"type":"Point","coordinates":[-58.03,-31.39]}},{"type":"Feature","properties":{"name":"Machakos","pop":144925,"rank":9,"scalerank":7,"minzoom":6.7,"capital":0,"nation":"ken"},"geometry":{"type":"Point","coordinates":[37.26,-1.51]}},{"type":"Feature","properties":{"name":"Brest","pop":144899,"rank":9,"scalerank":7,"minzoom":6.1,"capital":0,"nation":"fra"},"geometry":{"type":"Point","coordinates":[-4.495,48.39]}},{"type":"Feature","properties":{"name":"Kolar","pop":144625,"rank":9,"scalerank":7,"minzoom":6.7,"capital":0,"nation":"ind"},"geometry":{"type":"Point","coordinates":[78.133,13.134]}},{"type":"Feature","properties":{"name":"Pasadena","pop":144618,"rank":9,"scalerank":7,"minzoom":6.7,"capital":0,"nation":"usa"},"geometry":{"type":"Point","coordinates":[-118.139,34.16]}},{"type":"Feature","properties":{"name":"Kairouan","pop":144522,"rank":9,"scalerank":7,"minzoom":6.7,"capital":0,"nation":"tun"},"geometry":{"type":"Point","coordinates":[10.1,35.68]}},{"type":"Feature","properties":{"name":"Le Mans","pop":144515,"rank":9,"scalerank":7,"minzoom":6.7,"capital":0,"nation":"fra"},"geometry":{"type":"Point","coordinates":[0.203,48.004]}},{"type":"Feature","properties":{"name":"Tall Afar","pop":144465,"rank":9,"scalerank":7,"minzoom":6.1,"capital":0,"nation":"irq"},"geometry":{"type":"Point","coordinates":[42.45,36.376]}},{"type":"Feature","properties":{"name":"Kumba","pop":144413,"rank":9,"scalerank":7,"minzoom":6.7,"capital":0,"nation":"cmr"},"geometry":{"type":"Point","coordinates":[9.44,4.64]}},{"type":"Feature","properties":{"name":"Jinchang","pop":144363,"rank":9,"scalerank":7,"minzoom":6.7,"capital":0,"nation":"chn"},"geometry":{"type":"Point","coordinates":[102.174,38.496]}},{"type":"Feature","properties":{"name":"Tuzla","pop":144334,"rank":9,"scalerank":7,"minzoom":6.7,"capital":0,"nation":"bih"},"geometry":{"type":"Point","coordinates":[18.68,44.55]}},{"type":"Feature","properties":{"name":"Székesfehérvár","pop":144319,"rank":9,"scalerank":8,"minzoom":6.1,"capital":0,"nation":"hun"},"geometry":{"type":"Point","coordinates":[18.408,47.195]}},{"type":"Feature","properties":{"name":"Huelva","pop":144174,"rank":9,"scalerank":7,"minzoom":6.7,"capital":0,"nation":"esp"},"geometry":{"type":"Point","coordinates":[-6.93,37.25]}},{"type":"Feature","properties":{"name":"Sarnia","pop":144172,"rank":9,"scalerank":8,"minzoom":6.1,"capital":0,"nation":"can"},"geometry":{"type":"Point","coordinates":[-82.4,42.967]}},{"type":"Feature","properties":{"name":"Goma","pop":144124,"rank":9,"scalerank":4,"minzoom":5.1,"capital":0,"nation":"cod"},"geometry":{"type":"Point","coordinates":[29.222,-1.679]}},{"type":"Feature","properties":{"name":"Urbana","pop":144074,"rank":9,"scalerank":7,"minzoom":6.7,"capital":0,"nation":"usa"},"geometry":{"type":"Point","coordinates":[-88.204,40.11]}},{"type":"Feature","properties":{"name":"Tizi Ouzou","pop":144000,"rank":9,"scalerank":10,"minzoom":7,"capital":0,"nation":"dza"},"geometry":{"type":"Point","coordinates":[4.046,36.712]}},{"type":"Feature","properties":{"name":"Kafr el-Cheik","pop":143970,"rank":9,"scalerank":10,"minzoom":9,"capital":0,"nation":"egy"},"geometry":{"type":"Point","coordinates":[30.936,31.109]}},{"type":"Feature","properties":{"name":"Belleville","pop":143900,"rank":9,"scalerank":7,"minzoom":6.7,"capital":0,"nation":"usa"},"geometry":{"type":"Point","coordinates":[-90,38.525]}},{"type":"Feature","properties":{"name":"Ajdabiya","pop":143833,"rank":9,"scalerank":6,"minzoom":6,"capital":0,"nation":"lby"},"geometry":{"type":"Point","coordinates":[20.22,30.77]}},{"type":"Feature","properties":{"name":"Otaru","pop":143792,"rank":9,"scalerank":7,"minzoom":6.7,"capital":0,"nation":"jpn"},"geometry":{"type":"Point","coordinates":[140.978,43.189]}},{"type":"Feature","properties":{"name":"Ipswich","pop":143767,"rank":9,"scalerank":7,"minzoom":6.7,"capital":0,"nation":"gbr"},"geometry":{"type":"Point","coordinates":[1.17,52.07]}},{"type":"Feature","properties":{"name":"Logrogne","pop":143698,"rank":9,"scalerank":7,"minzoom":6.7,"capital":0,"nation":"esp"},"geometry":{"type":"Point","coordinates":[-2.43,42.47]}},{"type":"Feature","properties":{"name":"Stara Zagora","pop":143431,"rank":9,"scalerank":7,"minzoom":6.7,"capital":0,"nation":"bgr"},"geometry":{"type":"Point","coordinates":[25.623,42.423]}},{"type":"Feature","properties":{"name":"Béchar","pop":143382,"rank":9,"scalerank":6,"minzoom":6,"capital":0,"nation":"dza"},"geometry":{"type":"Point","coordinates":[-2.23,31.611]}},{"type":"Feature","properties":{"name":"Kenema","pop":143137,"rank":9,"scalerank":7,"minzoom":6.7,"capital":0,"nation":"sle"},"geometry":{"type":"Point","coordinates":[-11.19,7.88]}},{"type":"Feature","properties":{"name":"Amiens","pop":143086,"rank":9,"scalerank":7,"minzoom":6.7,"capital":0,"nation":"fra"},"geometry":{"type":"Point","coordinates":[2.3,49.9]}},{"type":"Feature","properties":{"name":"Calama","pop":143084,"rank":9,"scalerank":6,"minzoom":6,"capital":0,"nation":"chl"},"geometry":{"type":"Point","coordinates":[-68.92,-22.45]}},{"type":"Feature","properties":{"name":"Macaé","pop":143029,"rank":9,"scalerank":8,"minzoom":7,"capital":0,"nation":"bra"},"geometry":{"type":"Point","coordinates":[-41.79,-22.38]}},{"type":"Feature","properties":{"name":"Cape Coast","pop":143015,"rank":9,"scalerank":7,"minzoom":6.7,"capital":0,"nation":"gha"},"geometry":{"type":"Point","coordinates":[-1.25,5.11]}},{"type":"Feature","properties":{"name":"Pleiku","pop":142900,"rank":9,"scalerank":6,"minzoom":6,"capital":0,"nation":"vnm"},"geometry":{"type":"Point","coordinates":[108,13.983]}},{"type":"Feature","properties":{"name":"Piatigorsk","pop":142865,"rank":9,"scalerank":8,"minzoom":6.1,"capital":0,"nation":"rus"},"geometry":{"type":"Point","coordinates":[43.09,44.08]}},{"type":"Feature","properties":{"name":"Asheville","pop":142755,"rank":9,"scalerank":7,"minzoom":6.7,"capital":0,"nation":"usa"},"geometry":{"type":"Point","coordinates":[-82.554,35.601]}},{"type":"Feature","properties":{"name":"Cajamarca","pop":142665,"rank":9,"scalerank":6,"minzoom":6,"capital":0,"nation":"per"},"geometry":{"type":"Point","coordinates":[-78.53,-7.15]}},{"type":"Feature","properties":{"name":"Arzamas","pop":142597,"rank":9,"scalerank":8,"minzoom":7,"capital":0,"nation":"rus"},"geometry":{"type":"Point","coordinates":[43.8,55.4]}},{"type":"Feature","properties":{"name":"Massaoua","pop":142564,"rank":9,"scalerank":7,"minzoom":6.7,"capital":0,"nation":"eri"},"geometry":{"type":"Point","coordinates":[39.45,15.61]}},{"type":"Feature","properties":{"name":"Durrës","pop":142432,"rank":9,"scalerank":7,"minzoom":6.7,"capital":0,"nation":"alb"},"geometry":{"type":"Point","coordinates":[19.448,41.318]}},{"type":"Feature","properties":{"name":"Nawabganj","pop":142361,"rank":9,"scalerank":7,"minzoom":6.7,"capital":0,"nation":"bgd"},"geometry":{"type":"Point","coordinates":[88.35,24.58]}},{"type":"Feature","properties":{"name":"Saïda","pop":142213,"rank":9,"scalerank":7,"minzoom":6.7,"capital":0,"nation":"dza"},"geometry":{"type":"Point","coordinates":[0.14,34.84]}},{"type":"Feature","properties":{"name":"Ciego de Ávila","pop":142027,"rank":9,"scalerank":8,"minzoom":7,"capital":0,"nation":"cub"},"geometry":{"type":"Point","coordinates":[-78.762,21.84]}},{"type":"Feature","properties":{"name":"Altay","pop":142000,"rank":9,"scalerank":4,"minzoom":5.6,"capital":0,"nation":"chn"},"geometry":{"type":"Point","coordinates":[88.117,47.867]}},{"type":"Feature","properties":{"name":"Jieshou","pop":141993,"rank":9,"scalerank":7,"minzoom":6.7,"capital":0,"nation":"chn"},"geometry":{"type":"Point","coordinates":[115.35,33.25]}},{"type":"Feature","properties":{"name":"Chongju","pop":141769,"rank":9,"scalerank":7,"minzoom":6.7,"capital":0,"nation":"prk"},"geometry":{"type":"Point","coordinates":[125.216,39.681]}},{"type":"Feature","properties":{"name":"Arnhem","pop":141674,"rank":9,"scalerank":10,"minzoom":7,"capital":0,"nation":"nld"},"geometry":{"type":"Point","coordinates":[5.923,51.988]}},{"type":"Feature","properties":{"name":"Phuket","pop":141618,"rank":9,"scalerank":6,"minzoom":6,"capital":0,"nation":"tha"},"geometry":{"type":"Point","coordinates":[98.382,7.877]}},{"type":"Feature","properties":{"name":"Nong'an","pop":141482,"rank":9,"scalerank":7,"minzoom":6.7,"capital":0,"nation":"chn"},"geometry":{"type":"Point","coordinates":[125.17,44.43]}},{"type":"Feature","properties":{"name":"Ocala","pop":141382,"rank":9,"scalerank":7,"minzoom":6.7,"capital":0,"nation":"usa"},"geometry":{"type":"Point","coordinates":[-82.14,29.187]}},{"type":"Feature","properties":{"name":"Melilla","pop":141308,"rank":9,"scalerank":6,"minzoom":6,"capital":0,"nation":"esp"},"geometry":{"type":"Point","coordinates":[-2.95,35.3]}},{"type":"Feature","properties":{"name":"Paranaguá","pop":141013,"rank":9,"scalerank":8,"minzoom":7,"capital":0,"nation":"bra"},"geometry":{"type":"Point","coordinates":[-48.534,-25.528]}},{"type":"Feature","properties":{"name":"Ghazni","pop":141000,"rank":9,"scalerank":7,"minzoom":6.7,"capital":0,"nation":"afg"},"geometry":{"type":"Point","coordinates":[68.418,33.563]}},{"type":"Feature","properties":{"name":"Comodoro Rivadavia","pop":140850,"rank":9,"scalerank":3,"minzoom":5,"capital":0,"nation":"arg"},"geometry":{"type":"Point","coordinates":[-67.5,-45.87]}},{"type":"Feature","properties":{"name":"Salt","pop":140689,"rank":9,"scalerank":8,"minzoom":8,"capital":0,"nation":"jor"},"geometry":{"type":"Point","coordinates":[35.727,32.039]}},{"type":"Feature","properties":{"name":"Labé","pop":140575,"rank":9,"scalerank":6,"minzoom":6,"capital":0,"nation":"gin"},"geometry":{"type":"Point","coordinates":[-12.3,11.32]}},{"type":"Feature","properties":{"name":"Almetievsk","pop":140437,"rank":9,"scalerank":7,"minzoom":6.1,"capital":0,"nation":"rus"},"geometry":{"type":"Point","coordinates":[52.32,54.9]}},{"type":"Feature","properties":{"name":"Lhokseumawe","pop":140322,"rank":9,"scalerank":6,"minzoom":6,"capital":0,"nation":"idn"},"geometry":{"type":"Point","coordinates":[97.141,5.191]}},{"type":"Feature","properties":{"name":"Orekhovo-Zouïevo","pop":140247,"rank":9,"scalerank":8,"minzoom":7,"capital":0,"nation":"rus"},"geometry":{"type":"Point","coordinates":[38.98,55.82]}},{"type":"Feature","properties":{"name":"Peterborough","pop":140141,"rank":9,"scalerank":7,"minzoom":6.7,"capital":0,"nation":"gbr"},"geometry":{"type":"Point","coordinates":[-0.248,52.567]}},{"type":"Feature","properties":{"name":"Badajoz","pop":140133,"rank":9,"scalerank":7,"minzoom":6.7,"capital":0,"nation":"esp"},"geometry":{"type":"Point","coordinates":[-6.97,38.88]}},{"type":"Feature","properties":{"name":"Dunhuang","pop":140094,"rank":9,"scalerank":4,"minzoom":5,"capital":0,"nation":"chn"},"geometry":{"type":"Point","coordinates":[94.662,40.143]}},{"type":"Feature","properties":{"name":"Bordj Bou Arreridj","pop":140000,"rank":9,"scalerank":10,"minzoom":7,"capital":0,"nation":"dza"},"geometry":{"type":"Point","coordinates":[4.765,36.078]}},{"type":"Feature","properties":{"name":"Binghamton","pop":139895,"rank":9,"scalerank":7,"minzoom":6.7,"capital":0,"nation":"usa"},"geometry":{"type":"Point","coordinates":[-75.918,42.099]}},{"type":"Feature","properties":{"name":"Bizerte","pop":139843,"rank":9,"scalerank":7,"minzoom":6.7,"capital":0,"nation":"tun"},"geometry":{"type":"Point","coordinates":[9.855,37.29]}},{"type":"Feature","properties":{"name":"Sherbrooke","pop":139652,"rank":9,"scalerank":8,"minzoom":7,"capital":0,"nation":"can"},"geometry":{"type":"Point","coordinates":[-71.9,45.4]}},{"type":"Feature","properties":{"name":"Piedras Negras","pop":139619,"rank":9,"scalerank":7,"minzoom":6.7,"capital":0,"nation":"mex"},"geometry":{"type":"Point","coordinates":[-100.532,28.708]}},{"type":"Feature","properties":{"name":"Göttingen","pop":139419,"rank":9,"scalerank":7,"minzoom":6.1,"capital":0,"nation":"deu"},"geometry":{"type":"Point","coordinates":[9.92,51.52]}},{"type":"Feature","properties":{"name":"Kumbakonam","pop":139264,"rank":9,"scalerank":7,"minzoom":6.7,"capital":0,"nation":"ind"},"geometry":{"type":"Point","coordinates":[79.388,10.951]}},{"type":"Feature","properties":{"name":"Myitkyina","pop":139100,"rank":9,"scalerank":6,"minzoom":6,"capital":0,"nation":"mmr"},"geometry":{"type":"Point","coordinates":[97.393,25.36]}},{"type":"Feature","properties":{"name":"Chinandega","pop":139023,"rank":9,"scalerank":7,"minzoom":6.7,"capital":0,"nation":"nic"},"geometry":{"type":"Point","coordinates":[-87.13,12.63]}},{"type":"Feature","properties":{"name":"Townsville","pop":138954,"rank":9,"scalerank":3,"minzoom":5,"capital":0,"nation":"aus"},"geometry":{"type":"Point","coordinates":[146.77,-19.25]}},{"type":"Feature","properties":{"name":"Thiruvanamalaï","pop":138243,"rank":9,"scalerank":7,"minzoom":6.7,"capital":0,"nation":"ind"},"geometry":{"type":"Point","coordinates":[79.1,12.26]}},{"type":"Feature","properties":{"name":"Zhalantun","pop":138032,"rank":9,"scalerank":8,"minzoom":7,"capital":0,"nation":"chn"},"geometry":{"type":"Point","coordinates":[122.72,48]}},{"type":"Feature","properties":{"name":"Parnaíba","pop":138008,"rank":9,"scalerank":6,"minzoom":6,"capital":0,"nation":"bra"},"geometry":{"type":"Point","coordinates":[-41.77,-2.91]}},{"type":"Feature","properties":{"name":"Killeen","pop":137919,"rank":9,"scalerank":7,"minzoom":6.7,"capital":0,"nation":"usa"},"geometry":{"type":"Point","coordinates":[-97.727,31.117]}},{"type":"Feature","properties":{"name":"Pabna","pop":137888,"rank":9,"scalerank":7,"minzoom":6.7,"capital":0,"nation":"bgd"},"geometry":{"type":"Point","coordinates":[89.25,24]}},{"type":"Feature","properties":{"name":"Mthatha","pop":137772,"rank":9,"scalerank":6,"minzoom":6,"capital":0,"nation":"zaf"},"geometry":{"type":"Point","coordinates":[28.79,-31.58]}},{"type":"Feature","properties":{"name":"Bremerhaven","pop":137751,"rank":9,"scalerank":7,"minzoom":6.7,"capital":0,"nation":"deu"},"geometry":{"type":"Point","coordinates":[8.58,53.55]}},{"type":"Feature","properties":{"name":"Tân An","pop":137498,"rank":9,"scalerank":7,"minzoom":8,"capital":0,"nation":"vnm"},"geometry":{"type":"Point","coordinates":[106.417,10.534]}},{"type":"Feature","properties":{"name":"Castanhal","pop":137406,"rank":9,"scalerank":7,"minzoom":6.7,"capital":0,"nation":"bra"},"geometry":{"type":"Point","coordinates":[-47.93,-1.29]}},{"type":"Feature","properties":{"name":"Cerro de Pasco","pop":137232,"rank":9,"scalerank":6,"minzoom":6,"capital":0,"nation":"per"},"geometry":{"type":"Point","coordinates":[-76.27,-10.69]}},{"type":"Feature","properties":{"name":"Héraklion","pop":137154,"rank":9,"scalerank":6,"minzoom":6,"capital":0,"nation":"grc"},"geometry":{"type":"Point","coordinates":[25.13,35.325]}},{"type":"Feature","properties":{"name":"Oulu","pop":136752,"rank":9,"scalerank":6,"minzoom":6,"capital":0,"nation":"fin"},"geometry":{"type":"Point","coordinates":[25.47,65]}},{"type":"Feature","properties":{"name":"Shizuishan","pop":136570,"rank":9,"scalerank":4,"minzoom":5.6,"capital":0,"nation":"chn"},"geometry":{"type":"Point","coordinates":[106.769,39.233]}},{"type":"Feature","properties":{"name":"Baia Mare","pop":136553,"rank":9,"scalerank":7,"minzoom":6.7,"capital":0,"nation":"rou"},"geometry":{"type":"Point","coordinates":[23.579,47.659]}},{"type":"Feature","properties":{"name":"León","pop":136227,"rank":9,"scalerank":8,"minzoom":6.1,"capital":0,"nation":"esp"},"geometry":{"type":"Point","coordinates":[-5.57,42.58]}},{"type":"Feature","properties":{"name":"New Bedford","pop":136082,"rank":9,"scalerank":8,"minzoom":7,"capital":0,"nation":"usa"},"geometry":{"type":"Point","coordinates":[-70.945,41.656]}},{"type":"Feature","properties":{"name":"Győr","pop":136081,"rank":9,"scalerank":7,"minzoom":6.1,"capital":0,"nation":"hun"},"geometry":{"type":"Point","coordinates":[17.63,47.7]}},{"type":"Feature","properties":{"name":"Portland","pop":135866,"rank":9,"scalerank":6,"minzoom":5.1,"capital":0,"nation":"usa"},"geometry":{"type":"Point","coordinates":[-70.246,43.672]}},{"type":"Feature","properties":{"name":"Serpoukhov","pop":135584,"rank":9,"scalerank":7,"minzoom":6.7,"capital":0,"nation":"rus"},"geometry":{"type":"Point","coordinates":[37.43,54.93]}},{"type":"Feature","properties":{"name":"Jequié","pop":135574,"rank":9,"scalerank":6,"minzoom":6,"capital":0,"nation":"bra"},"geometry":{"type":"Point","coordinates":[-40.08,-13.85]}},{"type":"Feature","properties":{"name":"Cẩm Phả","pop":135477,"rank":9,"scalerank":7,"minzoom":6.7,"capital":0,"nation":"vnm"},"geometry":{"type":"Point","coordinates":[107.32,21.04]}},{"type":"Feature","properties":{"name":"Lira","pop":135445,"rank":9,"scalerank":7,"minzoom":6.7,"capital":0,"nation":"uga"},"geometry":{"type":"Point","coordinates":[32.89,2.26]}},{"type":"Feature","properties":{"name":"Prome","pop":135308,"rank":9,"scalerank":6,"minzoom":6,"capital":0,"nation":"mmr"},"geometry":{"type":"Point","coordinates":[95.211,18.816]}},{"type":"Feature","properties":{"name":"Orcha","pop":135206,"rank":9,"scalerank":7,"minzoom":6.1,"capital":0,"nation":"blr"},"geometry":{"type":"Point","coordinates":[30.422,54.515]}},{"type":"Feature","properties":{"name":"May Pen","pop":135142,"rank":9,"scalerank":8,"minzoom":7,"capital":0,"nation":"jam"},"geometry":{"type":"Point","coordinates":[-77.233,17.967]}},{"type":"Feature","properties":{"name":"Souk Ahras","pop":134947,"rank":9,"scalerank":7,"minzoom":6.7,"capital":0,"nation":"dza"},"geometry":{"type":"Point","coordinates":[7.95,36.29]}},{"type":"Feature","properties":{"name":"Zakho","pop":134863,"rank":9,"scalerank":7,"minzoom":6.7,"capital":0,"nation":"irq"},"geometry":{"type":"Point","coordinates":[42.687,37.145]}},{"type":"Feature","properties":{"name":"Cartago","pop":134827,"rank":9,"scalerank":8,"minzoom":7,"capital":0,"nation":"col"},"geometry":{"type":"Point","coordinates":[-75.91,4.75]}},{"type":"Feature","properties":{"name":"Springfield","pop":134715,"rank":9,"scalerank":6,"minzoom":6,"capital":0,"nation":"usa"},"geometry":{"type":"Point","coordinates":[-89.637,39.788]}},{"type":"Feature","properties":{"name":"Caxias","pop":134640,"rank":9,"scalerank":3,"minzoom":5,"capital":0,"nation":"bra"},"geometry":{"type":"Point","coordinates":[-43.35,-4.833]}},{"type":"Feature","properties":{"name":"Ravenne","pop":134631,"rank":9,"scalerank":7,"minzoom":6.7,"capital":0,"nation":"ita"},"geometry":{"type":"Point","coordinates":[12.22,44.42]}},{"type":"Feature","properties":{"name":"Bois-le-Duc","pop":134520,"rank":9,"scalerank":10,"minzoom":9,"capital":0,"nation":"nld"},"geometry":{"type":"Point","coordinates":[5.317,51.683]}},{"type":"Feature","properties":{"name":"Nevinnomyssk","pop":134380,"rank":9,"scalerank":8,"minzoom":7,"capital":0,"nation":"rus"},"geometry":{"type":"Point","coordinates":[41.95,44.62]}},{"type":"Feature","properties":{"name":"Lafayette","pop":133977,"rank":9,"scalerank":8,"minzoom":7,"capital":0,"nation":"usa"},"geometry":{"type":"Point","coordinates":[-86.878,40.417]}},{"type":"Feature","properties":{"name":"Touggourt","pop":133954,"rank":9,"scalerank":6,"minzoom":6,"capital":0,"nation":"dza"},"geometry":{"type":"Point","coordinates":[6.06,33.1]}},{"type":"Feature","properties":{"name":"Pervoouralsk","pop":133600,"rank":9,"scalerank":6,"minzoom":6,"capital":0,"nation":"rus"},"geometry":{"type":"Point","coordinates":[59.955,56.91]}},{"type":"Feature","properties":{"name":"Xian de Yun","pop":133558,"rank":9,"scalerank":7,"minzoom":6.7,"capital":0,"nation":"chn"},"geometry":{"type":"Point","coordinates":[110.814,32.808]}},{"type":"Feature","properties":{"name":"Šiauliai","pop":133528,"rank":9,"scalerank":8,"minzoom":7,"capital":0,"nation":"ltu"},"geometry":{"type":"Point","coordinates":[23.325,55.939]}},{"type":"Feature","properties":{"name":"Birganj","pop":133238,"rank":9,"scalerank":7,"minzoom":6.7,"capital":0,"nation":"npl"},"geometry":{"type":"Point","coordinates":[84.867,27]}},{"type":"Feature","properties":{"name":"Riohacha","pop":133186,"rank":9,"scalerank":7,"minzoom":6.7,"capital":0,"nation":"col"},"geometry":{"type":"Point","coordinates":[-72.91,11.54]}},{"type":"Feature","properties":{"name":"Musoma","pop":133156,"rank":9,"scalerank":7,"minzoom":6.1,"capital":0,"nation":"tza"},"geometry":{"type":"Point","coordinates":[33.8,-1.49]}},{"type":"Feature","properties":{"name":"Fredericksburg","pop":133134,"rank":9,"scalerank":7,"minzoom":6.7,"capital":0,"nation":"usa"},"geometry":{"type":"Point","coordinates":[-77.461,38.304]}},{"type":"Feature","properties":{"name":"Uppsala","pop":133117,"rank":9,"scalerank":6,"minzoom":5.1,"capital":0,"nation":"swe"},"geometry":{"type":"Point","coordinates":[17.64,59.86]}},{"type":"Feature","properties":{"name":"Hawassa","pop":133097,"rank":9,"scalerank":9,"minzoom":7,"capital":0,"nation":"eth"},"geometry":{"type":"Point","coordinates":[38.477,7.06]}},{"type":"Feature","properties":{"name":"Moçâmedes","pop":132900,"rank":9,"scalerank":4,"minzoom":5.6,"capital":0,"nation":"ago"},"geometry":{"type":"Point","coordinates":[12.16,-15.19]}},{"type":"Feature","properties":{"name":"Kislovodsk","pop":132771,"rank":9,"scalerank":8,"minzoom":7,"capital":0,"nation":"rus"},"geometry":{"type":"Point","coordinates":[42.72,43.91]}},{"type":"Feature","properties":{"name":"Clarksville","pop":132536,"rank":9,"scalerank":7,"minzoom":6.7,"capital":0,"nation":"usa"},"geometry":{"type":"Point","coordinates":[-87.359,36.53]}},{"type":"Feature","properties":{"name":"Cape Coral","pop":132489,"rank":9,"scalerank":7,"minzoom":6.7,"capital":0,"nation":"usa"},"geometry":{"type":"Point","coordinates":[-81.98,26.603]}},{"type":"Feature","properties":{"name":"Caldwell","pop":132476,"rank":9,"scalerank":7,"minzoom":6.7,"capital":0,"nation":"usa"},"geometry":{"type":"Point","coordinates":[-116.671,43.661]}},{"type":"Feature","properties":{"name":"San Luis","pop":132470,"rank":9,"scalerank":8,"minzoom":7,"capital":0,"nation":"gtm"},"geometry":{"type":"Point","coordinates":[-89.44,16.2]}},{"type":"Feature","properties":{"name":"Blitar","pop":132416,"rank":9,"scalerank":7,"minzoom":7,"capital":0,"nation":"idn"},"geometry":{"type":"Point","coordinates":[112.15,-8.07]}},{"type":"Feature","properties":{"name":"Dimitrovgrad","pop":132226,"rank":9,"scalerank":7,"minzoom":6.7,"capital":0,"nation":"rus"},"geometry":{"type":"Point","coordinates":[49.56,54.25]}},{"type":"Feature","properties":{"name":"Pindamonhangaba","pop":132218,"rank":9,"scalerank":8,"minzoom":7,"capital":0,"nation":"bra"},"geometry":{"type":"Point","coordinates":[-45.47,-22.92]}},{"type":"Feature","properties":{"name":"Topeka","pop":132091,"rank":9,"scalerank":4,"minzoom":5.1,"capital":0,"nation":"usa"},"geometry":{"type":"Point","coordinates":[-95.67,39.05]}},{"type":"Feature","properties":{"name":"Shahroud","pop":131889,"rank":9,"scalerank":8,"minzoom":7,"capital":0,"nation":"irn"},"geometry":{"type":"Point","coordinates":[54.963,36.423]}},{"type":"Feature","properties":{"name":"Papeete","pop":131695,"rank":9,"scalerank":4,"minzoom":5.6,"capital":0,"nation":"fra"},"geometry":{"type":"Point","coordinates":[-149.567,-17.533]}},{"type":"Feature","properties":{"name":"Racine","pop":131654,"rank":9,"scalerank":7,"minzoom":6.7,"capital":0,"nation":"usa"},"geometry":{"type":"Point","coordinates":[-87.812,42.728]}},{"type":"Feature","properties":{"name":"Saint-Jean de Terre-Neuve","pop":131469,"rank":9,"scalerank":3,"minzoom":4,"capital":0,"nation":"can"},"geometry":{"type":"Point","coordinates":[-52.681,47.585]}},{"type":"Feature","properties":{"name":"Opole","pop":131412,"rank":9,"scalerank":8,"minzoom":7,"capital":0,"nation":"pol"},"geometry":{"type":"Point","coordinates":[17.931,50.685]}},{"type":"Feature","properties":{"name":"Trà Vinh","pop":131360,"rank":9,"scalerank":10,"minzoom":8,"capital":0,"nation":"vnm"},"geometry":{"type":"Point","coordinates":[106.334,9.934]}},{"type":"Feature","properties":{"name":"Mourom","pop":131287,"rank":9,"scalerank":7,"minzoom":6.1,"capital":0,"nation":"rus"},"geometry":{"type":"Point","coordinates":[42.04,55.57]}},{"type":"Feature","properties":{"name":"Ciénaga","pop":131171,"rank":9,"scalerank":7,"minzoom":6.7,"capital":0,"nation":"col"},"geometry":{"type":"Point","coordinates":[-74.25,11.01]}},{"type":"Feature","properties":{"name":"Lae","pop":131052,"rank":9,"scalerank":4,"minzoom":5.6,"capital":0,"nation":"png"},"geometry":{"type":"Point","coordinates":[146.99,-6.733]}},{"type":"Feature","properties":{"name":"Pilibhit","pop":131008,"rank":9,"scalerank":8,"minzoom":7,"capital":0,"nation":"ind"},"geometry":{"type":"Point","coordinates":[79.81,28.64]}},{"type":"Feature","properties":{"name":"Ferrare","pop":130992,"rank":9,"scalerank":7,"minzoom":6.7,"capital":0,"nation":"ita"},"geometry":{"type":"Point","coordinates":[11.61,44.85]}},{"type":"Feature","properties":{"name":"Novomoskovsk","pop":130982,"rank":9,"scalerank":8,"minzoom":7,"capital":0,"nation":"rus"},"geometry":{"type":"Point","coordinates":[38.289,54.011]}},{"type":"Feature","properties":{"name":"Buzău","pop":130954,"rank":9,"scalerank":8,"minzoom":6,"capital":0,"nation":"rou"},"geometry":{"type":"Point","coordinates":[26.807,45.157]}},{"type":"Feature","properties":{"name":"Pinsk","pop":130777,"rank":9,"scalerank":7,"minzoom":6.1,"capital":0,"nation":"blr"},"geometry":{"type":"Point","coordinates":[26.094,52.128]}},{"type":"Feature","properties":{"name":"Shuangcheng","pop":130710,"rank":9,"scalerank":7,"minzoom":6.7,"capital":0,"nation":"chn"},"geometry":{"type":"Point","coordinates":[126.28,45.35]}},{"type":"Feature","properties":{"name":"Abohar","pop":130603,"rank":9,"scalerank":7,"minzoom":6.1,"capital":0,"nation":"ind"},"geometry":{"type":"Point","coordinates":[74.182,30.126]}},{"type":"Feature","properties":{"name":"Ninh Bình","pop":130517,"rank":9,"scalerank":7,"minzoom":8,"capital":0,"nation":"vnm"},"geometry":{"type":"Point","coordinates":[105.975,20.254]}},{"type":"Feature","properties":{"name":"Nikopol","pop":130500,"rank":9,"scalerank":7,"minzoom":6.1,"capital":0,"nation":"ukr"},"geometry":{"type":"Point","coordinates":[34.406,47.567]}},{"type":"Feature","properties":{"name":"Florencia","pop":130337,"rank":9,"scalerank":7,"minzoom":6.7,"capital":0,"nation":"col"},"geometry":{"type":"Point","coordinates":[-75.62,1.61]}},{"type":"Feature","properties":{"name":"Girardot","pop":130289,"rank":9,"scalerank":8,"minzoom":7,"capital":0,"nation":"col"},"geometry":{"type":"Point","coordinates":[-74.81,4.31]}},{"type":"Feature","properties":{"name":"Jaraguá do Sul","pop":130130,"rank":9,"scalerank":8,"minzoom":7,"capital":0,"nation":"bra"},"geometry":{"type":"Point","coordinates":[-49.1,-26.48]}},{"type":"Feature","properties":{"name":"Sennar","pop":130122,"rank":9,"scalerank":6,"minzoom":6,"capital":0,"nation":"sdn"},"geometry":{"type":"Point","coordinates":[33.6,13.55]}},{"type":"Feature","properties":{"name":"Masaya","pop":130113,"rank":9,"scalerank":9,"minzoom":8,"capital":0,"nation":"nic"},"geometry":{"type":"Point","coordinates":[-86.095,11.969]}},{"type":"Feature","properties":{"name":"Baidoa","pop":129839,"rank":9,"scalerank":6,"minzoom":6,"capital":0,"nation":"som"},"geometry":{"type":"Point","coordinates":[43.65,3.12]}},{"type":"Feature","properties":{"name":"Tokat","pop":129702,"rank":9,"scalerank":10,"minzoom":6,"capital":0,"nation":"tur"},"geometry":{"type":"Point","coordinates":[36.563,40.306]}},{"type":"Feature","properties":{"name":"Erzincan","pop":129407,"rank":9,"scalerank":7,"minzoom":6.1,"capital":0,"nation":"tur"},"geometry":{"type":"Point","coordinates":[39.493,39.753]}},{"type":"Feature","properties":{"name":"Andong","pop":129319,"rank":9,"scalerank":7,"minzoom":6.7,"capital":0,"nation":"kor"},"geometry":{"type":"Point","coordinates":[128.725,36.566]}},{"type":"Feature","properties":{"name":"Tete","pop":129316,"rank":9,"scalerank":4,"minzoom":5.6,"capital":0,"nation":"moz"},"geometry":{"type":"Point","coordinates":[33.58,-16.17]}},{"type":"Feature","properties":{"name":"Copiapó","pop":129280,"rank":9,"scalerank":4,"minzoom":5.6,"capital":0,"nation":"chl"},"geometry":{"type":"Point","coordinates":[-70.33,-27.372]}},{"type":"Feature","properties":{"name":"Batticaloa","pop":129222,"rank":9,"scalerank":7,"minzoom":6.7,"capital":0,"nation":"lka"},"geometry":{"type":"Point","coordinates":[81.7,7.717]}},{"type":"Feature","properties":{"name":"Shahre kord","pop":129153,"rank":9,"scalerank":9,"minzoom":6,"capital":0,"nation":"irn"},"geometry":{"type":"Point","coordinates":[50.854,32.321]}},{"type":"Feature","properties":{"name":"Bloomington","pop":128979,"rank":9,"scalerank":7,"minzoom":6.7,"capital":0,"nation":"usa"},"geometry":{"type":"Point","coordinates":[-88.994,40.485]}},{"type":"Feature","properties":{"name":"Kökşetaw","pop":128873,"rank":9,"scalerank":6,"minzoom":6,"capital":0,"nation":"kaz"},"geometry":{"type":"Point","coordinates":[69.42,53.3]}},{"type":"Feature","properties":{"name":"Idleb","pop":128840,"rank":9,"scalerank":8,"minzoom":7,"capital":0,"nation":"syr"},"geometry":{"type":"Point","coordinates":[36.632,35.93]}},{"type":"Feature","properties":{"name":"Xai-Xai","pop":128805,"rank":9,"scalerank":4,"minzoom":5.6,"capital":0,"nation":"moz"},"geometry":{"type":"Point","coordinates":[33.64,-25.04]}},{"type":"Feature","properties":{"name":"Kamina","pop":128803,"rank":9,"scalerank":6,"minzoom":6,"capital":0,"nation":"cod"},"geometry":{"type":"Point","coordinates":[25.01,-8.73]}},{"type":"Feature","properties":{"name":"Larissa","pop":128758,"rank":9,"scalerank":7,"minzoom":6.7,"capital":0,"nation":"grc"},"geometry":{"type":"Point","coordinates":[22.42,39.63]}},{"type":"Feature","properties":{"name":"Moroni","pop":128698,"rank":9,"scalerank":6,"minzoom":6,"capital":1,"nation":"com"},"geometry":{"type":"Point","coordinates":[43.24,-11.704]}},{"type":"Feature","properties":{"name":"Kamychine","pop":128626,"rank":9,"scalerank":7,"minzoom":6.7,"capital":0,"nation":"rus"},"geometry":{"type":"Point","coordinates":[45.4,50.08]}},{"type":"Feature","properties":{"name":"Karabük","pop":128564,"rank":9,"scalerank":8,"minzoom":6,"capital":0,"nation":"tur"},"geometry":{"type":"Point","coordinates":[32.6,41.2]}},{"type":"Feature","properties":{"name":"Cambridge","pop":128488,"rank":9,"scalerank":7,"minzoom":6.1,"capital":0,"nation":"gbr"},"geometry":{"type":"Point","coordinates":[0.117,52.2]}},{"type":"Feature","properties":{"name":"Besançon","pop":128426,"rank":9,"scalerank":8,"minzoom":7,"capital":0,"nation":"fra"},"geometry":{"type":"Point","coordinates":[6.03,47.23]}},{"type":"Feature","properties":{"name":"Sakaka","pop":128332,"rank":9,"scalerank":9,"minzoom":8,"capital":0,"nation":"sau"},"geometry":{"type":"Point","coordinates":[40.133,30]}},{"type":"Feature","properties":{"name":"Jimma","pop":128306,"rank":9,"scalerank":6,"minzoom":6,"capital":0,"nation":"eth"},"geometry":{"type":"Point","coordinates":[36.83,7.68]}},{"type":"Feature","properties":{"name":"Girga","pop":128250,"rank":9,"scalerank":7,"minzoom":6.7,"capital":0,"nation":"egy"},"geometry":{"type":"Point","coordinates":[31.88,26.33]}},{"type":"Feature","properties":{"name":"Manzanillo","pop":128188,"rank":9,"scalerank":7,"minzoom":6.7,"capital":0,"nation":"cub"},"geometry":{"type":"Point","coordinates":[-77.117,20.344]}},{"type":"Feature","properties":{"name":"Syrte","pop":128123,"rank":9,"scalerank":6,"minzoom":6,"capital":0,"nation":"lby"},"geometry":{"type":"Point","coordinates":[16.59,31.21]}},{"type":"Feature","properties":{"name":"Hassaké","pop":128100,"rank":9,"scalerank":8,"minzoom":6,"capital":0,"nation":"syr"},"geometry":{"type":"Point","coordinates":[40.75,36.483]}},{"type":"Feature","properties":{"name":"Derna","pop":127974,"rank":9,"scalerank":6,"minzoom":6,"capital":0,"nation":"lby"},"geometry":{"type":"Point","coordinates":[22.639,32.765]}},{"type":"Feature","properties":{"name":"Ekibastouz","pop":127868,"rank":9,"scalerank":4,"minzoom":5.6,"capital":0,"nation":"kaz"},"geometry":{"type":"Point","coordinates":[75.32,51.73]}},{"type":"Feature","properties":{"name":"Divo","pop":127867,"rank":9,"scalerank":10,"minzoom":7,"capital":0,"nation":"civ"},"geometry":{"type":"Point","coordinates":[-5.36,5.839]}},{"type":"Feature","properties":{"name":"San Nicolás de los Arroyos","pop":127742,"rank":9,"scalerank":8,"minzoom":7,"capital":0,"nation":"arg"},"geometry":{"type":"Point","coordinates":[-60.24,-33.33]}},{"type":"Feature","properties":{"name":"Bragança Paulista","pop":127676,"rank":9,"scalerank":8,"minzoom":7,"capital":0,"nation":"bra"},"geometry":{"type":"Point","coordinates":[-46.533,-22.953]}},{"type":"Feature","properties":{"name":"Worcester","pop":127597,"rank":9,"scalerank":4,"minzoom":5.6,"capital":0,"nation":"zaf"},"geometry":{"type":"Point","coordinates":[19.44,-33.64]}},{"type":"Feature","properties":{"name":"Tukuyu","pop":127570,"rank":9,"scalerank":7,"minzoom":6.7,"capital":0,"nation":"tza"},"geometry":{"type":"Point","coordinates":[33.64,-9.25]}},{"type":"Feature","properties":{"name":"Port Blair","pop":127562,"rank":9,"scalerank":7,"minzoom":6.1,"capital":0,"nation":"ind"},"geometry":{"type":"Point","coordinates":[92.736,11.667]}},{"type":"Feature","properties":{"name":"Elbląg","pop":127558,"rank":9,"scalerank":8,"minzoom":7,"capital":0,"nation":"pol"},"geometry":{"type":"Point","coordinates":[19.403,54.154]}},{"type":"Feature","properties":{"name":"Panevėžys","pop":127405,"rank":9,"scalerank":8,"minzoom":7,"capital":0,"nation":"ltu"},"geometry":{"type":"Point","coordinates":[24.37,55.74]}},{"type":"Feature","properties":{"name":"Wau","pop":127384,"rank":9,"scalerank":3,"minzoom":5,"capital":0,"nation":"ssd"},"geometry":{"type":"Point","coordinates":[27.99,7.7]}},{"type":"Feature","properties":{"name":"Alipurduar","pop":127342,"rank":9,"scalerank":7,"minzoom":6.7,"capital":0,"nation":"ind"},"geometry":{"type":"Point","coordinates":[89.567,26.484]}},{"type":"Feature","properties":{"name":"Alexandria","pop":127273,"rank":9,"scalerank":7,"minzoom":6.7,"capital":0,"nation":"usa"},"geometry":{"type":"Point","coordinates":[-77.055,38.804]}},{"type":"Feature","properties":{"name":"Lafia","pop":127236,"rank":9,"scalerank":7,"minzoom":6.7,"capital":0,"nation":"nga"},"geometry":{"type":"Point","coordinates":[8.52,8.49]}},{"type":"Feature","properties":{"name":"Sancti Spíritus","pop":127069,"rank":9,"scalerank":7,"minzoom":6.7,"capital":0,"nation":"cub"},"geometry":{"type":"Point","coordinates":[-79.442,21.93]}},{"type":"Feature","properties":{"name":"Pakokku","pop":126938,"rank":9,"scalerank":7,"minzoom":6.1,"capital":0,"nation":"mmr"},"geometry":{"type":"Point","coordinates":[95.087,21.332]}},{"type":"Feature","properties":{"name":"Hathras","pop":126882,"rank":9,"scalerank":8,"minzoom":7,"capital":0,"nation":"ind"},"geometry":{"type":"Point","coordinates":[78.05,27.6]}},{"type":"Feature","properties":{"name":"Bremerton","pop":126820,"rank":9,"scalerank":7,"minzoom":6.7,"capital":0,"nation":"usa"},"geometry":{"type":"Point","coordinates":[-122.642,47.574]}},{"type":"Feature","properties":{"name":"Neftekamsk","pop":126805,"rank":9,"scalerank":7,"minzoom":6.1,"capital":0,"nation":"rus"},"geometry":{"type":"Point","coordinates":[54.263,56.084]}},{"type":"Feature","properties":{"name":"Gafsa","pop":126803,"rank":9,"scalerank":7,"minzoom":6.7,"capital":0,"nation":"tun"},"geometry":{"type":"Point","coordinates":[8.78,34.42]}},{"type":"Feature","properties":{"name":"Sogamoso","pop":126551,"rank":9,"scalerank":8,"minzoom":7,"capital":0,"nation":"col"},"geometry":{"type":"Point","coordinates":[-72.94,5.72]}},{"type":"Feature","properties":{"name":"Edirne","pop":126470,"rank":9,"scalerank":7,"minzoom":6.1,"capital":0,"nation":"tur"},"geometry":{"type":"Point","coordinates":[26.57,41.67]}},{"type":"Feature","properties":{"name":"Songea","pop":126449,"rank":9,"scalerank":6,"minzoom":6,"capital":0,"nation":"tza"},"geometry":{"type":"Point","coordinates":[35.65,-10.68]}},{"type":"Feature","properties":{"name":"Tây Ninh","pop":126370,"rank":9,"scalerank":10,"minzoom":8,"capital":0,"nation":"vnm"},"geometry":{"type":"Point","coordinates":[106.147,11.323]}},{"type":"Feature","properties":{"name":"Loja","pop":126368,"rank":9,"scalerank":6,"minzoom":6,"capital":0,"nation":"ecu"},"geometry":{"type":"Point","coordinates":[-79.21,-3.99]}},{"type":"Feature","properties":{"name":"Macheng","pop":126366,"rank":9,"scalerank":6,"minzoom":6,"capital":0,"nation":"chn"},"geometry":{"type":"Point","coordinates":[115.03,31.18]}},{"type":"Feature","properties":{"name":"Carúpano","pop":126293,"rank":9,"scalerank":8,"minzoom":7,"capital":0,"nation":"ven"},"geometry":{"type":"Point","coordinates":[-63.23,10.67]}},{"type":"Feature","properties":{"name":"Tarragone","pop":126291,"rank":9,"scalerank":7,"minzoom":6.7,"capital":0,"nation":"esp"},"geometry":{"type":"Point","coordinates":[1.25,41.12]}},{"type":"Feature","properties":{"name":"Itapetininga","pop":126243,"rank":9,"scalerank":8,"minzoom":7,"capital":0,"nation":"bra"},"geometry":{"type":"Point","coordinates":[-48.04,-23.59]}},{"type":"Feature","properties":{"name":"Tengchong","pop":126058,"rank":9,"scalerank":8,"minzoom":7,"capital":0,"nation":"chn"},"geometry":{"type":"Point","coordinates":[98.467,25.033]}},{"type":"Feature","properties":{"name":"Montego Bay","pop":126008,"rank":9,"scalerank":6,"minzoom":6,"capital":0,"nation":"jam"},"geometry":{"type":"Point","coordinates":[-77.917,18.467]}},{"type":"Feature","properties":{"name":"Magwe","pop":125973,"rank":9,"scalerank":6,"minzoom":6,"capital":0,"nation":"mmr"},"geometry":{"type":"Point","coordinates":[94.92,20.145]}},{"type":"Feature","properties":{"name":"Pangkal Pinang","pop":125933,"rank":9,"scalerank":6,"minzoom":6,"capital":0,"nation":"idn"},"geometry":{"type":"Point","coordinates":[106.15,-2.08]}},{"type":"Feature","properties":{"name":"Malanje","pop":125856,"rank":9,"scalerank":4,"minzoom":5.6,"capital":0,"nation":"ago"},"geometry":{"type":"Point","coordinates":[16.34,-9.54]}},{"type":"Feature","properties":{"name":"Gashua","pop":125817,"rank":9,"scalerank":7,"minzoom":6.7,"capital":0,"nation":"nga"},"geometry":{"type":"Point","coordinates":[11.04,12.87]}},{"type":"Feature","properties":{"name":"Leeuwarden","pop":125778,"rank":9,"scalerank":7,"minzoom":7.7,"capital":0,"nation":"nld"},"geometry":{"type":"Point","coordinates":[5.783,53.25]}},{"type":"Feature","properties":{"name":"Lubango","pop":125632,"rank":9,"scalerank":4,"minzoom":5.6,"capital":0,"nation":"ago"},"geometry":{"type":"Point","coordinates":[13.49,-14.91]}},{"type":"Feature","properties":{"name":"Sorong","pop":125535,"rank":9,"scalerank":6,"minzoom":6,"capital":0,"nation":"idn"},"geometry":{"type":"Point","coordinates":[131.285,-0.855]}},{"type":"Feature","properties":{"name":"Kumbo","pop":125486,"rank":9,"scalerank":7,"minzoom":6.7,"capital":0,"nation":"cmr"},"geometry":{"type":"Point","coordinates":[10.68,6.22]}},{"type":"Feature","properties":{"name":"Ghardaïa","pop":125480,"rank":9,"scalerank":3,"minzoom":5,"capital":0,"nation":"dza"},"geometry":{"type":"Point","coordinates":[3.67,32.49]}},{"type":"Feature","properties":{"name":"Greeley","pop":125410,"rank":9,"scalerank":8,"minzoom":7,"capital":0,"nation":"usa"},"geometry":{"type":"Point","coordinates":[-104.74,40.419]}},{"type":"Feature","properties":{"name":"Kelowna","pop":125109,"rank":9,"scalerank":6,"minzoom":6,"capital":0,"nation":"can"},"geometry":{"type":"Point","coordinates":[-119.483,49.9]}},{"type":"Feature","properties":{"name":"Marvdasht","pop":125000,"rank":9,"scalerank":8,"minzoom":7,"capital":0,"nation":"irn"},"geometry":{"type":"Point","coordinates":[52.821,29.801]}},{"type":"Feature","properties":{"name":"Semnan","pop":124826,"rank":9,"scalerank":7,"minzoom":6.7,"capital":0,"nation":"irn"},"geometry":{"type":"Point","coordinates":[53.374,35.555]}},{"type":"Feature","properties":{"name":"Santa Tecla","pop":124694,"rank":9,"scalerank":10,"minzoom":9,"capital":0,"nation":"slv"},"geometry":{"type":"Point","coordinates":[-89.29,13.674]}},{"type":"Feature","properties":{"name":"Zlín","pop":124610,"rank":9,"scalerank":7,"minzoom":6.7,"capital":0,"nation":"cze"},"geometry":{"type":"Point","coordinates":[17.65,49.23]}},{"type":"Feature","properties":{"name":"Fasa","pop":124458,"rank":9,"scalerank":7,"minzoom":6.1,"capital":0,"nation":"irn"},"geometry":{"type":"Point","coordinates":[53.671,28.972]}},{"type":"Feature","properties":{"name":"Lyssytchansk","pop":124421,"rank":9,"scalerank":7,"minzoom":6.1,"capital":0,"nation":"ukr"},"geometry":{"type":"Point","coordinates":[38.427,48.92]}},{"type":"Feature","properties":{"name":"Monterey","pop":124288,"rank":9,"scalerank":6,"minzoom":6,"capital":0,"nation":"usa"},"geometry":{"type":"Point","coordinates":[-121.894,36.6]}},{"type":"Feature","properties":{"name":"Drohobytch","pop":124269,"rank":9,"scalerank":8,"minzoom":7,"capital":0,"nation":"ukr"},"geometry":{"type":"Point","coordinates":[23.499,49.344]}},{"type":"Feature","properties":{"name":"Mỹ Tho","pop":124143,"rank":9,"scalerank":7,"minzoom":8,"capital":0,"nation":"vnm"},"geometry":{"type":"Point","coordinates":[106.35,10.35]}},{"type":"Feature","properties":{"name":"Spartanburg","pop":124126,"rank":9,"scalerank":8,"minzoom":7,"capital":0,"nation":"usa"},"geometry":{"type":"Point","coordinates":[-81.932,34.949]}},{"type":"Feature","properties":{"name":"Laiwu","pop":124108,"rank":9,"scalerank":7,"minzoom":6.7,"capital":0,"nation":"chn"},"geometry":{"type":"Point","coordinates":[117.66,36.2]}},{"type":"Feature","properties":{"name":"Alagoinhas","pop":124070,"rank":9,"scalerank":6,"minzoom":6,"capital":0,"nation":"bra"},"geometry":{"type":"Point","coordinates":[-38.43,-12.14]}},{"type":"Feature","properties":{"name":"Roudny","pop":124000,"rank":9,"scalerank":4,"minzoom":5.6,"capital":0,"nation":"kaz"},"geometry":{"type":"Point","coordinates":[63.13,52.953]}},{"type":"Feature","properties":{"name":"Charleston","pop":123799,"rank":9,"scalerank":4,"minzoom":5.1,"capital":0,"nation":"usa"},"geometry":{"type":"Point","coordinates":[-81.633,38.35]}},{"type":"Feature","properties":{"name":"Higüey","pop":123787,"rank":9,"scalerank":10,"minzoom":9,"capital":0,"nation":"dom"},"geometry":{"type":"Point","coordinates":[-68.708,18.616]}},{"type":"Feature","properties":{"name":"Potchefstroom","pop":123669,"rank":9,"scalerank":7,"minzoom":6.7,"capital":0,"nation":"zaf"},"geometry":{"type":"Point","coordinates":[27.1,-26.7]}},{"type":"Feature","properties":{"name":"Syracuse","pop":123657,"rank":9,"scalerank":7,"minzoom":6.1,"capital":0,"nation":"ita"},"geometry":{"type":"Point","coordinates":[15.29,37.07]}},{"type":"Feature","properties":{"name":"Guelma","pop":123590,"rank":9,"scalerank":10,"minzoom":7,"capital":0,"nation":"dza"},"geometry":{"type":"Point","coordinates":[7.428,36.466]}},{"type":"Feature","properties":{"name":"Uruguaiana","pop":123480,"rank":9,"scalerank":7,"minzoom":6.7,"capital":0,"nation":"bra"},"geometry":{"type":"Point","coordinates":[-57.09,-29.77]}},{"type":"Feature","properties":{"name":"Indramayu","pop":123263,"rank":9,"scalerank":7,"minzoom":7,"capital":0,"nation":"idn"},"geometry":{"type":"Point","coordinates":[108.319,-6.336]}},{"type":"Feature","properties":{"name":"Gagnoa","pop":123184,"rank":9,"scalerank":7,"minzoom":6.7,"capital":0,"nation":"civ"},"geometry":{"type":"Point","coordinates":[-5.88,6.15]}},{"type":"Feature","properties":{"name":"Porto Seguro","pop":123173,"rank":9,"scalerank":7,"minzoom":6.7,"capital":0,"nation":"bra"},"geometry":{"type":"Point","coordinates":[-39.08,-16.43]}},{"type":"Feature","properties":{"name":"Jiaohe","pop":123018,"rank":9,"scalerank":7,"minzoom":6.7,"capital":0,"nation":"chn"},"geometry":{"type":"Point","coordinates":[127.346,43.716]}},{"type":"Feature","properties":{"name":"Ségou","pop":122952,"rank":9,"scalerank":4,"minzoom":5.6,"capital":0,"nation":"mli"},"geometry":{"type":"Point","coordinates":[-6.26,13.44]}},{"type":"Feature","properties":{"name":"Pati","pop":122785,"rank":9,"scalerank":7,"minzoom":8,"capital":0,"nation":"idn"},"geometry":{"type":"Point","coordinates":[111.035,-6.742]}},{"type":"Feature","properties":{"name":"San Fernando de Apure","pop":122701,"rank":9,"scalerank":6,"minzoom":6,"capital":0,"nation":"ven"},"geometry":{"type":"Point","coordinates":[-67.47,7.9]}},{"type":"Feature","properties":{"name":"Brits","pop":122497,"rank":9,"scalerank":7,"minzoom":6.7,"capital":0,"nation":"zaf"},"geometry":{"type":"Point","coordinates":[27.78,-25.63]}},{"type":"Feature","properties":{"name":"Hagåtña","pop":122411,"rank":9,"scalerank":6,"minzoom":6,"capital":0,"nation":"usa"},"geometry":{"type":"Point","coordinates":[144.75,13.47]}},{"type":"Feature","properties":{"name":"Maastricht","pop":122378,"rank":9,"scalerank":10,"minzoom":9,"capital":0,"nation":"nld"},"geometry":{"type":"Point","coordinates":[5.677,50.853]}},{"type":"Feature","properties":{"name":"Tekirdağ","pop":122287,"rank":9,"scalerank":7,"minzoom":6.7,"capital":0,"nation":"tur"},"geometry":{"type":"Point","coordinates":[27.51,40.991]}},{"type":"Feature","properties":{"name":"Boulder","pop":122274,"rank":9,"scalerank":7,"minzoom":6.1,"capital":0,"nation":"usa"},"geometry":{"type":"Point","coordinates":[-105.245,40.008]}},{"type":"Feature","properties":{"name":"Aalborg","pop":122219,"rank":9,"scalerank":7,"minzoom":6.1,"capital":0,"nation":"dnk"},"geometry":{"type":"Point","coordinates":[9.917,57.034]}},{"type":"Feature","properties":{"name":"Barbacena","pop":122211,"rank":9,"scalerank":8,"minzoom":7,"capital":0,"nation":"bra"},"geometry":{"type":"Point","coordinates":[-43.77,-21.22]}},{"type":"Feature","properties":{"name":"Visalia","pop":121968,"rank":9,"scalerank":7,"minzoom":6.1,"capital":0,"nation":"usa"},"geometry":{"type":"Point","coordinates":[-119.316,36.325]}},{"type":"Feature","properties":{"name":"Tauranga","pop":121500,"rank":9,"scalerank":6,"minzoom":6,"capital":0,"nation":"nzl"},"geometry":{"type":"Point","coordinates":[176.154,-37.696]}},{"type":"Feature","properties":{"name":"Saginaw","pop":121379,"rank":9,"scalerank":6,"minzoom":6,"capital":0,"nation":"usa"},"geometry":{"type":"Point","coordinates":[-83.951,43.419]}},{"type":"Feature","properties":{"name":"Tuscaloosa","pop":121373,"rank":9,"scalerank":7,"minzoom":6.1,"capital":0,"nation":"usa"},"geometry":{"type":"Point","coordinates":[-87.544,33.225]}},{"type":"Feature","properties":{"name":"Nancha","pop":121367,"rank":9,"scalerank":7,"minzoom":6.7,"capital":0,"nation":"chn"},"geometry":{"type":"Point","coordinates":[129.286,47.136]}},{"type":"Feature","properties":{"name":"Southaven","pop":121268,"rank":9,"scalerank":8,"minzoom":7,"capital":0,"nation":"usa"},"geometry":{"type":"Point","coordinates":[-90.003,34.969]}},{"type":"Feature","properties":{"name":"Almalyk","pop":121207,"rank":9,"scalerank":7,"minzoom":6.7,"capital":0,"nation":"uzb"},"geometry":{"type":"Point","coordinates":[69.595,40.85]}},{"type":"Feature","properties":{"name":"Xilinhot","pop":120965,"rank":9,"scalerank":6,"minzoom":6,"capital":0,"nation":"chn"},"geometry":{"type":"Point","coordinates":[116.044,43.944]}},{"type":"Feature","properties":{"name":"Sassari","pop":120729,"rank":9,"scalerank":6,"minzoom":6,"capital":0,"nation":"ita"},"geometry":{"type":"Point","coordinates":[8.57,40.73]}},{"type":"Feature","properties":{"name":"New Albany","pop":120625,"rank":9,"scalerank":8,"minzoom":7,"capital":0,"nation":"usa"},"geometry":{"type":"Point","coordinates":[-85.821,38.311]}},{"type":"Feature","properties":{"name":"Karaman","pop":120399,"rank":9,"scalerank":7,"minzoom":6.1,"capital":0,"nation":"tur"},"geometry":{"type":"Point","coordinates":[33.215,37.182]}},{"type":"Feature","properties":{"name":"Manbij","pop":120169,"rank":9,"scalerank":8,"minzoom":7,"capital":0,"nation":"syr"},"geometry":{"type":"Point","coordinates":[37.956,36.527]}},{"type":"Feature","properties":{"name":"Beaver Falls","pop":120125,"rank":9,"scalerank":8,"minzoom":7,"capital":0,"nation":"usa"},"geometry":{"type":"Point","coordinates":[-80.319,40.752]}},{"type":"Feature","properties":{"name":"Larache","pop":120082,"rank":9,"scalerank":7,"minzoom":6.1,"capital":0,"nation":"mar"},"geometry":{"type":"Point","coordinates":[-6.16,35.2]}},{"type":"Feature","properties":{"name":"Huanghua","pop":120000,"rank":9,"scalerank":7,"minzoom":6.7,"capital":0,"nation":"chn"},"geometry":{"type":"Point","coordinates":[117.33,38.37]}},{"type":"Feature","properties":{"name":"Puerto Plata","pop":119897,"rank":9,"scalerank":10,"minzoom":7,"capital":0,"nation":"dom"},"geometry":{"type":"Point","coordinates":[-70.69,19.79]}},{"type":"Feature","properties":{"name":"Maxixe","pop":119868,"rank":9,"scalerank":7,"minzoom":6.7,"capital":0,"nation":"moz"},"geometry":{"type":"Point","coordinates":[35.389,-23.866]}},{"type":"Feature","properties":{"name":"Trois-Rivières","pop":119693,"rank":9,"scalerank":6,"minzoom":6,"capital":0,"nation":"can"},"geometry":{"type":"Point","coordinates":[-72.55,46.35]}},{"type":"Feature","properties":{"name":"Jaú","pop":119206,"rank":9,"scalerank":7,"minzoom":6.7,"capital":0,"nation":"bra"},"geometry":{"type":"Point","coordinates":[-48.57,-22.29]}},{"type":"Feature","properties":{"name":"Tetovo","pop":119132,"rank":9,"scalerank":8,"minzoom":7,"capital":0,"nation":"mkd"},"geometry":{"type":"Point","coordinates":[20.97,42.009]}},{"type":"Feature","properties":{"name":"Udine","pop":119009,"rank":9,"scalerank":8,"minzoom":6.1,"capital":0,"nation":"ita"},"geometry":{"type":"Point","coordinates":[13.24,46.07]}},{"type":"Feature","properties":{"name":"Pleven","pop":118675,"rank":9,"scalerank":7,"minzoom":6.7,"capital":0,"nation":"bgr"},"geometry":{"type":"Point","coordinates":[24.613,43.424]}},{"type":"Feature","properties":{"name":"Petersburg","pop":118577,"rank":9,"scalerank":8,"minzoom":7,"capital":0,"nation":"usa"},"geometry":{"type":"Point","coordinates":[-77.402,37.228]}},{"type":"Feature","properties":{"name":"Zielona Góra","pop":118433,"rank":9,"scalerank":7,"minzoom":6.7,"capital":0,"nation":"pol"},"geometry":{"type":"Point","coordinates":[15.5,51.95]}},{"type":"Feature","properties":{"name":"Anurâdhapura","pop":118302,"rank":9,"scalerank":6,"minzoom":6,"capital":0,"nation":"lka"},"geometry":{"type":"Point","coordinates":[80.383,8.35]}},{"type":"Feature","properties":{"name":"Chahreza","pop":118301,"rank":9,"scalerank":7,"minzoom":6.7,"capital":0,"nation":"irn"},"geometry":{"type":"Point","coordinates":[51.86,32.011]}},{"type":"Feature","properties":{"name":"préfecture de Tongren","pop":118290,"rank":9,"scalerank":7,"minzoom":6.1,"capital":0,"nation":"chn"},"geometry":{"type":"Point","coordinates":[109.13,27.68]}},{"type":"Feature","properties":{"name":"Berdiansk","pop":118284,"rank":9,"scalerank":8,"minzoom":6.1,"capital":0,"nation":"ukr"},"geometry":{"type":"Point","coordinates":[36.787,46.757]}},{"type":"Feature","properties":{"name":"Bandundu","pop":118211,"rank":9,"scalerank":4,"minzoom":5.6,"capital":0,"nation":"cod"},"geometry":{"type":"Point","coordinates":[17.38,-3.31]}},{"type":"Feature","properties":{"name":"Bama","pop":118121,"rank":9,"scalerank":7,"minzoom":6.7,"capital":0,"nation":"nga"},"geometry":{"type":"Point","coordinates":[13.69,11.52]}},{"type":"Feature","properties":{"name":"Ourense","pop":118107,"rank":9,"scalerank":6,"minzoom":6.7,"capital":0,"nation":"esp"},"geometry":{"type":"Point","coordinates":[-7.87,42.33]}},{"type":"Feature","properties":{"name":"Setúbal","pop":117974,"rank":9,"scalerank":6,"minzoom":6.7,"capital":0,"nation":"prt"},"geometry":{"type":"Point","coordinates":[-8.9,38.53]}},{"type":"Feature","properties":{"name":"Nakhon Pathom","pop":117927,"rank":9,"scalerank":10,"minzoom":9,"capital":0,"nation":"tha"},"geometry":{"type":"Point","coordinates":[100.064,13.818]}},{"type":"Feature","properties":{"name":"Sokodé","pop":117811,"rank":9,"scalerank":7,"minzoom":6.7,"capital":0,"nation":"tgo"},"geometry":{"type":"Point","coordinates":[1.15,8.99]}},{"type":"Feature","properties":{"name":"Agadez","pop":117770,"rank":9,"scalerank":3,"minzoom":5,"capital":0,"nation":"ner"},"geometry":{"type":"Point","coordinates":[7.983,16.996]}},{"type":"Feature","properties":{"name":"Jalingo","pop":117757,"rank":9,"scalerank":7,"minzoom":6.7,"capital":0,"nation":"nga"},"geometry":{"type":"Point","coordinates":[11.36,8.9]}},{"type":"Feature","properties":{"name":"Dunedin","pop":117700,"rank":9,"scalerank":4,"minzoom":5,"capital":0,"nation":"nzl"},"geometry":{"type":"Point","coordinates":[170.491,-45.885]}},{"type":"Feature","properties":{"name":"Atchinsk","pop":117634,"rank":9,"scalerank":6,"minzoom":6,"capital":0,"nation":"rus"},"geometry":{"type":"Point","coordinates":[90.5,56.27]}},{"type":"Feature","properties":{"name":"Anaco","pop":117596,"rank":9,"scalerank":8,"minzoom":7,"capital":0,"nation":"ven"},"geometry":{"type":"Point","coordinates":[-64.46,9.44]}},{"type":"Feature","properties":{"name":"Punta Arenas","pop":117430,"rank":9,"scalerank":3,"minzoom":3,"capital":0,"nation":"chl"},"geometry":{"type":"Point","coordinates":[-70.94,-53.165]}},{"type":"Feature","properties":{"name":"San Martín","pop":117399,"rank":9,"scalerank":8,"minzoom":7,"capital":0,"nation":"arg"},"geometry":{"type":"Point","coordinates":[-68.49,-33.07]}},{"type":"Feature","properties":{"name":"Langsa","pop":117256,"rank":9,"scalerank":7,"minzoom":6.7,"capital":0,"nation":"idn"},"geometry":{"type":"Point","coordinates":[97.966,4.674]}},{"type":"Feature","properties":{"name":"Vyborg","pop":117201,"rank":9,"scalerank":6,"minzoom":6,"capital":0,"nation":"rus"},"geometry":{"type":"Point","coordinates":[28.755,60.704]}},{"type":"Feature","properties":{"name":"Calabozo","pop":117132,"rank":9,"scalerank":7,"minzoom":6.7,"capital":0,"nation":"ven"},"geometry":{"type":"Point","coordinates":[-67.44,8.93]}},{"type":"Feature","properties":{"name":"Chiang Rai","pop":117127,"rank":9,"scalerank":7,"minzoom":6.7,"capital":0,"nation":"tha"},"geometry":{"type":"Point","coordinates":[99.826,19.912]}},{"type":"Feature","properties":{"name":"Nkongsamba","pop":117063,"rank":9,"scalerank":7,"minzoom":6.7,"capital":0,"nation":"cmr"},"geometry":{"type":"Point","coordinates":[9.94,4.96]}},{"type":"Feature","properties":{"name":"Kindia","pop":117062,"rank":9,"scalerank":6,"minzoom":6,"capital":0,"nation":"gin"},"geometry":{"type":"Point","coordinates":[-12.87,10.06]}},{"type":"Feature","properties":{"name":"Gao","pop":116967,"rank":9,"scalerank":4,"minzoom":5.1,"capital":0,"nation":"mli"},"geometry":{"type":"Point","coordinates":[-0.05,16.267]}},{"type":"Feature","properties":{"name":"Port-Gentil","pop":116836,"rank":9,"scalerank":3,"minzoom":5,"capital":0,"nation":"gab"},"geometry":{"type":"Point","coordinates":[8.78,-0.72]}},{"type":"Feature","properties":{"name":"Huanren","pop":116621,"rank":9,"scalerank":7,"minzoom":6.7,"capital":0,"nation":"chn"},"geometry":{"type":"Point","coordinates":[125.346,41.256]}},{"type":"Feature","properties":{"name":"Taonan","pop":116611,"rank":9,"scalerank":7,"minzoom":6.7,"capital":0,"nation":"chn"},"geometry":{"type":"Point","coordinates":[122.78,45.33]}},{"type":"Feature","properties":{"name":"Puno","pop":116552,"rank":9,"scalerank":7,"minzoom":6.7,"capital":0,"nation":"per"},"geometry":{"type":"Point","coordinates":[-70.033,-15.833]}},{"type":"Feature","properties":{"name":"Jaén","pop":116400,"rank":9,"scalerank":7,"minzoom":6.7,"capital":0,"nation":"esp"},"geometry":{"type":"Point","coordinates":[-3.8,37.77]}},{"type":"Feature","properties":{"name":"Nijyne","pop":116288,"rank":9,"scalerank":7,"minzoom":6.7,"capital":0,"nation":"ukr"},"geometry":{"type":"Point","coordinates":[31.89,51.054]}},{"type":"Feature","properties":{"name":"Yakeshi","pop":116284,"rank":9,"scalerank":7,"minzoom":6.7,"capital":0,"nation":"chn"},"geometry":{"type":"Point","coordinates":[120.73,49.28]}},{"type":"Feature","properties":{"name":"Boké","pop":116270,"rank":9,"scalerank":6,"minzoom":6,"capital":0,"nation":"gin"},"geometry":{"type":"Point","coordinates":[-14.3,10.94]}},{"type":"Feature","properties":{"name":"Tcherkessk","pop":116224,"rank":9,"scalerank":7,"minzoom":6.7,"capital":0,"nation":"rus"},"geometry":{"type":"Point","coordinates":[42.06,44.29]}},{"type":"Feature","properties":{"name":"Yuba City","pop":116217,"rank":9,"scalerank":7,"minzoom":6.7,"capital":0,"nation":"usa"},"geometry":{"type":"Point","coordinates":[-121.616,39.141]}},{"type":"Feature","properties":{"name":"Navojoa","pop":116093,"rank":9,"scalerank":7,"minzoom":6.7,"capital":0,"nation":"mex"},"geometry":{"type":"Point","coordinates":[-109.455,27.082]}},{"type":"Feature","properties":{"name":"Columbia","pop":116091,"rank":9,"scalerank":8,"minzoom":7,"capital":0,"nation":"usa"},"geometry":{"type":"Point","coordinates":[-87.035,35.615]}},{"type":"Feature","properties":{"name":"Tahoua","pop":115956,"rank":9,"scalerank":4,"minzoom":5.6,"capital":0,"nation":"ner"},"geometry":{"type":"Point","coordinates":[5.26,14.9]}},{"type":"Feature","properties":{"name":"Ielets","pop":115919,"rank":9,"scalerank":8,"minzoom":6.1,"capital":0,"nation":"rus"},"geometry":{"type":"Point","coordinates":[38.5,52.58]}},{"type":"Feature","properties":{"name":"Binzhou","pop":115893,"rank":9,"scalerank":7,"minzoom":6.7,"capital":0,"nation":"chn"},"geometry":{"type":"Point","coordinates":[117.984,37.38]}},{"type":"Feature","properties":{"name":"Sri Jayawardenapura","pop":115826,"rank":9,"scalerank":4,"minzoom":5.6,"capital":0,"nation":"lka"},"geometry":{"type":"Point","coordinates":[79.95,6.9]}},{"type":"Feature","properties":{"name":"Inhambane","pop":115776,"rank":9,"scalerank":6,"minzoom":6,"capital":0,"nation":"moz"},"geometry":{"type":"Point","coordinates":[35.34,-23.858]}},{"type":"Feature","properties":{"name":"Murfreesboro","pop":115774,"rank":9,"scalerank":7,"minzoom":6.7,"capital":0,"nation":"usa"},"geometry":{"type":"Point","coordinates":[-86.39,35.846]}},{"type":"Feature","properties":{"name":"Macon","pop":115592,"rank":9,"scalerank":7,"minzoom":6.1,"capital":0,"nation":"usa"},"geometry":{"type":"Point","coordinates":[-83.63,32.85]}},{"type":"Feature","properties":{"name":"Toliara","pop":115319,"rank":9,"scalerank":4,"minzoom":5.1,"capital":0,"nation":"mdg"},"geometry":{"type":"Point","coordinates":[43.69,-23.357]}},{"type":"Feature","properties":{"name":"Guelmim","pop":115267,"rank":9,"scalerank":6,"minzoom":6,"capital":0,"nation":"mar"},"geometry":{"type":"Point","coordinates":[-10.07,28.98]}},{"type":"Feature","properties":{"name":"Pouso Alegre","pop":115201,"rank":9,"scalerank":8,"minzoom":7,"capital":0,"nation":"bra"},"geometry":{"type":"Point","coordinates":[-45.94,-22.22]}},{"type":"Feature","properties":{"name":"Las Cruces","pop":115167,"rank":9,"scalerank":7,"minzoom":6.1,"capital":0,"nation":"usa"},"geometry":{"type":"Point","coordinates":[-106.778,32.313]}},{"type":"Feature","properties":{"name":"Kulob","pop":115164,"rank":9,"scalerank":7,"minzoom":6.7,"capital":0,"nation":"tjk"},"geometry":{"type":"Point","coordinates":[69.776,37.921]}},{"type":"Feature","properties":{"name":"Nabeul","pop":115149,"rank":9,"scalerank":7,"minzoom":6.1,"capital":0,"nation":"tun"},"geometry":{"type":"Point","coordinates":[10.73,36.46]}},{"type":"Feature","properties":{"name":"Tuguegarao","pop":115105,"rank":9,"scalerank":6,"minzoom":6,"capital":0,"nation":"phl"},"geometry":{"type":"Point","coordinates":[121.727,17.613]}},{"type":"Feature","properties":{"name":"Ciudad Valles","pop":114964,"rank":9,"scalerank":8,"minzoom":7,"capital":0,"nation":"mex"},"geometry":{"type":"Point","coordinates":[-99.02,21.98]}},{"type":"Feature","properties":{"name":"Botoșani","pop":114783,"rank":9,"scalerank":7,"minzoom":6.7,"capital":0,"nation":"rou"},"geometry":{"type":"Point","coordinates":[26.66,47.748]}},{"type":"Feature","properties":{"name":"Delicias","pop":114783,"rank":9,"scalerank":6,"minzoom":6,"capital":0,"nation":"mex"},"geometry":{"type":"Point","coordinates":[-105.5,28.2]}},{"type":"Feature","properties":{"name":"Spring Hill","pop":114697,"rank":9,"scalerank":8,"minzoom":7,"capital":0,"nation":"usa"},"geometry":{"type":"Point","coordinates":[-82.548,28.479]}},{"type":"Feature","properties":{"name":"Kamianets-Podilskyï","pop":114658,"rank":9,"scalerank":8,"minzoom":7,"capital":0,"nation":"ukr"},"geometry":{"type":"Point","coordinates":[26.581,48.684]}},{"type":"Feature","properties":{"name":"Waliso","pop":114534,"rank":9,"scalerank":7,"minzoom":6.7,"capital":0,"nation":"eth"},"geometry":{"type":"Point","coordinates":[37.97,8.53]}},{"type":"Feature","properties":{"name":"Shashamané","pop":114350,"rank":9,"scalerank":7,"minzoom":6.1,"capital":0,"nation":"eth"},"geometry":{"type":"Point","coordinates":[38.59,7.2]}},{"type":"Feature","properties":{"name":"Valparai","pop":114308,"rank":9,"scalerank":7,"minzoom":6.7,"capital":0,"nation":"ind"},"geometry":{"type":"Point","coordinates":[76.97,10.32]}},{"type":"Feature","properties":{"name":"Kuito","pop":114286,"rank":9,"scalerank":6,"minzoom":6,"capital":0,"nation":"ago"},"geometry":{"type":"Point","coordinates":[16.94,-12.38]}},{"type":"Feature","properties":{"name":"Abilene","pop":114247,"rank":9,"scalerank":6,"minzoom":6,"capital":0,"nation":"usa"},"geometry":{"type":"Point","coordinates":[-99.733,32.449]}},{"type":"Feature","properties":{"name":"Maribor","pop":114228,"rank":9,"scalerank":7,"minzoom":6.7,"capital":0,"nation":"svn"},"geometry":{"type":"Point","coordinates":[15.65,46.54]}},{"type":"Feature","properties":{"name":"Kingston","pop":114195,"rank":9,"scalerank":7,"minzoom":6.7,"capital":0,"nation":"can"},"geometry":{"type":"Point","coordinates":[-76.483,44.234]}},{"type":"Feature","properties":{"name":"Siirt","pop":114034,"rank":9,"scalerank":10,"minzoom":7,"capital":0,"nation":"tur"},"geometry":{"type":"Point","coordinates":[41.933,37.944]}},{"type":"Feature","properties":{"name":"Kankan","pop":114009,"rank":9,"scalerank":4,"minzoom":5.1,"capital":0,"nation":"gin"},"geometry":{"type":"Point","coordinates":[-9.31,10.39]}},{"type":"Feature","properties":{"name":"Zhejiang","pop":113907,"rank":9,"scalerank":7,"minzoom":6.7,"capital":0,"nation":"chn"},"geometry":{"type":"Point","coordinates":[109.678,27.441]}},{"type":"Feature","properties":{"name":"Kecskemét","pop":113895,"rank":9,"scalerank":8,"minzoom":6,"capital":0,"nation":"hun"},"geometry":{"type":"Point","coordinates":[19.7,46.9]}},{"type":"Feature","properties":{"name":"Laghouat","pop":113872,"rank":9,"scalerank":6,"minzoom":6,"capital":0,"nation":"dza"},"geometry":{"type":"Point","coordinates":[2.88,33.81]}},{"type":"Feature","properties":{"name":"Botucatu","pop":113862,"rank":9,"scalerank":7,"minzoom":6.7,"capital":0,"nation":"bra"},"geometry":{"type":"Point","coordinates":[-48.45,-22.88]}},{"type":"Feature","properties":{"name":"Tobolsk","pop":113800,"rank":9,"scalerank":6,"minzoom":5.1,"capital":0,"nation":"rus"},"geometry":{"type":"Point","coordinates":[68.265,58.2]}},{"type":"Feature","properties":{"name":"Curicó","pop":113711,"rank":9,"scalerank":6,"minzoom":6,"capital":0,"nation":"chl"},"geometry":{"type":"Point","coordinates":[-71.24,-34.98]}},{"type":"Feature","properties":{"name":"Bærum","pop":113659,"rank":9,"scalerank":10,"minzoom":7,"capital":0,"nation":"nor"},"geometry":{"type":"Point","coordinates":[11.347,59.913]}},{"type":"Feature","properties":{"name":"Santa Cruz do Sul","pop":113625,"rank":9,"scalerank":8,"minzoom":7,"capital":0,"nation":"bra"},"geometry":{"type":"Point","coordinates":[-52.44,-29.71]}},{"type":"Feature","properties":{"name":"Norman","pop":113525,"rank":9,"scalerank":7,"minzoom":6.7,"capital":0,"nation":"usa"},"geometry":{"type":"Point","coordinates":[-97.442,35.22]}},{"type":"Feature","properties":{"name":"Praia","pop":113364,"rank":9,"scalerank":3,"minzoom":5,"capital":1,"nation":"cpv"},"geometry":{"type":"Point","coordinates":[-23.517,14.917]}},{"type":"Feature","properties":{"name":"Kipushi","pop":113347,"rank":9,"scalerank":7,"minzoom":6.7,"capital":0,"nation":"cod"},"geometry":{"type":"Point","coordinates":[27.25,-11.76]}},{"type":"Feature","properties":{"name":"Kitami","pop":113137,"rank":9,"scalerank":7,"minzoom":6.1,"capital":0,"nation":"jpn"},"geometry":{"type":"Point","coordinates":[143.9,43.85]}},{"type":"Feature","properties":{"name":"Exeter","pop":113118,"rank":9,"scalerank":7,"minzoom":5.1,"capital":0,"nation":"gbr"},"geometry":{"type":"Point","coordinates":[-3.53,50.7]}},{"type":"Feature","properties":{"name":"Malé","pop":112927,"rank":9,"scalerank":3,"minzoom":5,"capital":1,"nation":"mdv"},"geometry":{"type":"Point","coordinates":[73.509,4.172]}},{"type":"Feature","properties":{"name":"Tokmok","pop":112860,"rank":9,"scalerank":8,"minzoom":7,"capital":0,"nation":"kgz"},"geometry":{"type":"Point","coordinates":[75.285,42.83]}},{"type":"Feature","properties":{"name":"Saint Cloud","pop":112794,"rank":9,"scalerank":7,"minzoom":6.1,"capital":0,"nation":"usa"},"geometry":{"type":"Point","coordinates":[-94.162,45.561]}},{"type":"Feature","properties":{"name":"Nefteïougansk","pop":112632,"rank":9,"scalerank":8,"minzoom":7,"capital":0,"nation":"rus"},"geometry":{"type":"Point","coordinates":[72.608,61.092]}},{"type":"Feature","properties":{"name":"Shaowu","pop":112585,"rank":9,"scalerank":7,"minzoom":6.7,"capital":0,"nation":"chn"},"geometry":{"type":"Point","coordinates":[117.5,27.3]}},{"type":"Feature","properties":{"name":"Mojokerto","pop":112557,"rank":9,"scalerank":7,"minzoom":8,"capital":0,"nation":"idn"},"geometry":{"type":"Point","coordinates":[112.43,-7.47]}},{"type":"Feature","properties":{"name":"Satu Mare","pop":112490,"rank":9,"scalerank":10,"minzoom":6,"capital":0,"nation":"rou"},"geometry":{"type":"Point","coordinates":[22.885,47.792]}},{"type":"Feature","properties":{"name":"Tyler","pop":112245,"rank":9,"scalerank":6,"minzoom":6,"capital":0,"nation":"usa"},"geometry":{"type":"Point","coordinates":[-95.301,32.351]}},{"type":"Feature","properties":{"name":"Guanajuato","pop":112200,"rank":9,"scalerank":7,"minzoom":6.7,"capital":0,"nation":"mex"},"geometry":{"type":"Point","coordinates":[-101.28,21.02]}},{"type":"Feature","properties":{"name":"Pueblo","pop":112195,"rank":9,"scalerank":7,"minzoom":6.1,"capital":0,"nation":"usa"},"geometry":{"type":"Point","coordinates":[-104.63,38.28]}},{"type":"Feature","properties":{"name":"Mazyr","pop":112137,"rank":9,"scalerank":7,"minzoom":6.1,"capital":0,"nation":"blr"},"geometry":{"type":"Point","coordinates":[29.272,52.046]}},{"type":"Feature","properties":{"name":"Iguala","pop":112106,"rank":9,"scalerank":8,"minzoom":7,"capital":0,"nation":"mex"},"geometry":{"type":"Point","coordinates":[-99.54,18.37]}},{"type":"Feature","properties":{"name":"Djouba","pop":111975,"rank":9,"scalerank":4,"minzoom":5.1,"capital":0,"nation":"ssd"},"geometry":{"type":"Point","coordinates":[31.58,4.83]}},{"type":"Feature","properties":{"name":"Nakhon Sawan","pop":111915,"rank":9,"scalerank":6,"minzoom":6,"capital":0,"nation":"tha"},"geometry":{"type":"Point","coordinates":[100.07,15.7]}},{"type":"Feature","properties":{"name":"Iringa","pop":111820,"rank":9,"scalerank":7,"minzoom":6.1,"capital":0,"nation":"tza"},"geometry":{"type":"Point","coordinates":[35.69,-7.77]}},{"type":"Feature","properties":{"name":"Zwolle","pop":111805,"rank":9,"scalerank":10,"minzoom":7,"capital":0,"nation":"nld"},"geometry":{"type":"Point","coordinates":[6.097,52.524]}},{"type":"Feature","properties":{"name":"Kandy","pop":111701,"rank":9,"scalerank":4,"minzoom":5.6,"capital":0,"nation":"lka"},"geometry":{"type":"Point","coordinates":[80.67,7.28]}},{"type":"Feature","properties":{"name":"Conselheiro Lafaiete","pop":111596,"rank":9,"scalerank":8,"minzoom":7,"capital":0,"nation":"bra"},"geometry":{"type":"Point","coordinates":[-43.79,-20.67]}},{"type":"Feature","properties":{"name":"Daugavpils","pop":111564,"rank":9,"scalerank":6,"minzoom":6,"capital":0,"nation":"lva"},"geometry":{"type":"Point","coordinates":[26.51,55.88]}},{"type":"Feature","properties":{"name":"Beaumont","pop":111485,"rank":9,"scalerank":7,"minzoom":6.7,"capital":0,"nation":"usa"},"geometry":{"type":"Point","coordinates":[-94.102,30.086]}},{"type":"Feature","properties":{"name":"Magelang","pop":111461,"rank":9,"scalerank":7,"minzoom":8,"capital":0,"nation":"idn"},"geometry":{"type":"Point","coordinates":[110.18,-7.47]}},{"type":"Feature","properties":{"name":"Santa Rosa","pop":111424,"rank":9,"scalerank":4,"minzoom":5.1,"capital":0,"nation":"arg"},"geometry":{"type":"Point","coordinates":[-64.3,-36.62]}},{"type":"Feature","properties":{"name":"Jowhar","pop":111308,"rank":9,"scalerank":7,"minzoom":6.7,"capital":0,"nation":"som"},"geometry":{"type":"Point","coordinates":[45.517,2.767]}},{"type":"Feature","properties":{"name":"Algésiras","pop":111027,"rank":9,"scalerank":8,"minzoom":7,"capital":0,"nation":"esp"},"geometry":{"type":"Point","coordinates":[-5.453,36.132]}},{"type":"Feature","properties":{"name":"Nsukka","pop":111017,"rank":9,"scalerank":7,"minzoom":6.7,"capital":0,"nation":"nga"},"geometry":{"type":"Point","coordinates":[7.383,6.867]}},{"type":"Feature","properties":{"name":"Nguru","pop":111014,"rank":9,"scalerank":7,"minzoom":6.7,"capital":0,"nation":"nga"},"geometry":{"type":"Point","coordinates":[10.45,12.88]}},{"type":"Feature","properties":{"name":"Balkanabat","pop":110827,"rank":9,"scalerank":7,"minzoom":6.7,"capital":0,"nation":"tkm"},"geometry":{"type":"Point","coordinates":[54.365,39.512]}},{"type":"Feature","properties":{"name":"Manzanillo","pop":110735,"rank":9,"scalerank":6,"minzoom":6,"capital":0,"nation":"mex"},"geometry":{"type":"Point","coordinates":[-104.323,19.05]}},{"type":"Feature","properties":{"name":"Santa Maria","pop":110705,"rank":9,"scalerank":7,"minzoom":6.7,"capital":0,"nation":"usa"},"geometry":{"type":"Point","coordinates":[-120.437,34.94]}},{"type":"Feature","properties":{"name":"Pemba","pop":110643,"rank":9,"scalerank":4,"minzoom":5.6,"capital":0,"nation":"moz"},"geometry":{"type":"Point","coordinates":[40.532,-12.983]}},{"type":"Feature","properties":{"name":"Vólos","pop":110632,"rank":9,"scalerank":8,"minzoom":7,"capital":0,"nation":"grc"},"geometry":{"type":"Point","coordinates":[22.95,39.37]}},{"type":"Feature","properties":{"name":"Noïabrsk","pop":110572,"rank":9,"scalerank":6,"minzoom":6,"capital":0,"nation":"rus"},"geometry":{"type":"Point","coordinates":[75.617,63.167]}},{"type":"Feature","properties":{"name":"Yenangyaung","pop":110553,"rank":9,"scalerank":7,"minzoom":6.7,"capital":0,"nation":"mmr"},"geometry":{"type":"Point","coordinates":[94.881,20.461]}},{"type":"Feature","properties":{"name":"Manzini","pop":110537,"rank":9,"scalerank":10,"minzoom":9,"capital":0,"nation":"swz"},"geometry":{"type":"Point","coordinates":[31.388,-26.495]}},{"type":"Feature","properties":{"name":"Harlingen","pop":110339,"rank":9,"scalerank":8,"minzoom":7,"capital":0,"nation":"usa"},"geometry":{"type":"Point","coordinates":[-97.69,26.198]}},{"type":"Feature","properties":{"name":"Athens","pop":110301,"rank":9,"scalerank":7,"minzoom":6.1,"capital":0,"nation":"usa"},"geometry":{"type":"Point","coordinates":[-83.378,33.961]}},{"type":"Feature","properties":{"name":"Mzuzu","pop":110201,"rank":9,"scalerank":4,"minzoom":5.6,"capital":0,"nation":"mwi"},"geometry":{"type":"Point","coordinates":[34.02,-11.46]}},{"type":"Feature","properties":{"name":"Bouira","pop":110144,"rank":9,"scalerank":7,"minzoom":6.7,"capital":0,"nation":"dza"},"geometry":{"type":"Point","coordinates":[3.9,36.38]}},{"type":"Feature","properties":{"name":"Garanhuns","pop":110085,"rank":9,"scalerank":6,"minzoom":6,"capital":0,"nation":"bra"},"geometry":{"type":"Point","coordinates":[-36.5,-8.89]}},{"type":"Feature","properties":{"name":"Linqing","pop":110046,"rank":9,"scalerank":7,"minzoom":6.7,"capital":0,"nation":"chn"},"geometry":{"type":"Point","coordinates":[115.68,36.85]}},{"type":"Feature","properties":{"name":"David","pop":110037,"rank":9,"scalerank":4,"minzoom":5.6,"capital":0,"nation":"pan"},"geometry":{"type":"Point","coordinates":[-82.433,8.433]}},{"type":"Feature","properties":{"name":"San Francisco de Milagro","pop":109970,"rank":9,"scalerank":7,"minzoom":6.7,"capital":0,"nation":"ecu"},"geometry":{"type":"Point","coordinates":[-79.6,-2.18]}},{"type":"Feature","properties":{"name":"Bataïsk","pop":109962,"rank":9,"scalerank":8,"minzoom":7,"capital":0,"nation":"rus"},"geometry":{"type":"Point","coordinates":[39.745,47.137]}},{"type":"Feature","properties":{"name":"Hailun","pop":109881,"rank":9,"scalerank":7,"minzoom":6.7,"capital":0,"nation":"chn"},"geometry":{"type":"Point","coordinates":[126.93,47.45]}},{"type":"Feature","properties":{"name":"Lichinga","pop":109839,"rank":9,"scalerank":6,"minzoom":6,"capital":0,"nation":"moz"},"geometry":{"type":"Point","coordinates":[35.24,-13.3]}},{"type":"Feature","properties":{"name":"Kandi","pop":109701,"rank":9,"scalerank":7,"minzoom":6.7,"capital":0,"nation":"ben"},"geometry":{"type":"Point","coordinates":[2.94,11.13]}},{"type":"Feature","properties":{"name":"Dali","pop":109696,"rank":9,"scalerank":8,"minzoom":7,"capital":0,"nation":"chn"},"geometry":{"type":"Point","coordinates":[109.938,34.795]}},{"type":"Feature","properties":{"name":"Tieli","pop":109636,"rank":9,"scalerank":7,"minzoom":6.1,"capital":0,"nation":"chn"},"geometry":{"type":"Point","coordinates":[128.05,46.95]}},{"type":"Feature","properties":{"name":"Ipiales","pop":109618,"rank":9,"scalerank":7,"minzoom":6.7,"capital":0,"nation":"col"},"geometry":{"type":"Point","coordinates":[-77.65,0.83]}},{"type":"Feature","properties":{"name":"Catanduva","pop":109612,"rank":9,"scalerank":8,"minzoom":7,"capital":0,"nation":"bra"},"geometry":{"type":"Point","coordinates":[-48.98,-21.14]}},{"type":"Feature","properties":{"name":"Szombathely","pop":109518,"rank":9,"scalerank":8,"minzoom":7,"capital":0,"nation":"hun"},"geometry":{"type":"Point","coordinates":[16.629,47.225]}},{"type":"Feature","properties":{"name":"Heihe","pop":109427,"rank":9,"scalerank":6,"minzoom":6,"capital":0,"nation":"chn"},"geometry":{"type":"Point","coordinates":[127.446,50.25]}},{"type":"Feature","properties":{"name":"Siem Reap","pop":109398,"rank":9,"scalerank":4,"minzoom":5.6,"capital":0,"nation":"khm"},"geometry":{"type":"Point","coordinates":[103.85,13.367]}},{"type":"Feature","properties":{"name":"Szolnok","pop":109261,"rank":9,"scalerank":7,"minzoom":6.7,"capital":0,"nation":"hun"},"geometry":{"type":"Point","coordinates":[20.179,47.186]}},{"type":"Feature","properties":{"name":"Serguiev Possad","pop":109252,"rank":9,"scalerank":8,"minzoom":7,"capital":0,"nation":"rus"},"geometry":{"type":"Point","coordinates":[38.17,56.33]}},{"type":"Feature","properties":{"name":"Tumbes","pop":109223,"rank":9,"scalerank":6,"minzoom":6,"capital":0,"nation":"per"},"geometry":{"type":"Point","coordinates":[-80.46,-3.57]}},{"type":"Feature","properties":{"name":"San Rafael","pop":109163,"rank":9,"scalerank":6,"minzoom":6,"capital":0,"nation":"arg"},"geometry":{"type":"Point","coordinates":[-68.333,-34.6]}},{"type":"Feature","properties":{"name":"Matagalpa","pop":109089,"rank":9,"scalerank":7,"minzoom":6.7,"capital":0,"nation":"nic"},"geometry":{"type":"Point","coordinates":[-85.917,12.917]}},{"type":"Feature","properties":{"name":"Tuxpan","pop":109049,"rank":9,"scalerank":7,"minzoom":6.7,"capital":0,"nation":"mex"},"geometry":{"type":"Point","coordinates":[-97.41,20.96]}},{"type":"Feature","properties":{"name":"Leninsk-Kouznetski","pop":109023,"rank":9,"scalerank":8,"minzoom":7,"capital":0,"nation":"rus"},"geometry":{"type":"Point","coordinates":[86.17,54.66]}},{"type":"Feature","properties":{"name":"Soubré","pop":108933,"rank":9,"scalerank":7,"minzoom":6.7,"capital":0,"nation":"civ"},"geometry":{"type":"Point","coordinates":[-6.61,5.79]}},{"type":"Feature","properties":{"name":"Winter Haven","pop":108932,"rank":9,"scalerank":8,"minzoom":7,"capital":0,"nation":"usa"},"geometry":{"type":"Point","coordinates":[-81.733,28.022]}},{"type":"Feature","properties":{"name":"Kaposvár","pop":108528,"rank":9,"scalerank":7,"minzoom":6.7,"capital":0,"nation":"hun"},"geometry":{"type":"Point","coordinates":[17.8,46.367]}},{"type":"Feature","properties":{"name":"Medford","pop":108525,"rank":9,"scalerank":6,"minzoom":6,"capital":0,"nation":"usa"},"geometry":{"type":"Point","coordinates":[-122.874,42.327]}},{"type":"Feature","properties":{"name":"Rochester","pop":108511,"rank":9,"scalerank":7,"minzoom":6.7,"capital":0,"nation":"usa"},"geometry":{"type":"Point","coordinates":[-92.47,44.022]}},{"type":"Feature","properties":{"name":"Mopti","pop":108456,"rank":9,"scalerank":6,"minzoom":6,"capital":0,"nation":"mli"},"geometry":{"type":"Point","coordinates":[-4.18,14.49]}},{"type":"Feature","properties":{"name":"Trinquemalay","pop":108420,"rank":9,"scalerank":10,"minzoom":7,"capital":0,"nation":"lka"},"geometry":{"type":"Point","coordinates":[81.233,8.569]}},{"type":"Feature","properties":{"name":"Nehe","pop":108253,"rank":9,"scalerank":6,"minzoom":6,"capital":0,"nation":"chn"},"geometry":{"type":"Point","coordinates":[124.88,48.49]}},{"type":"Feature","properties":{"name":"Kyzyl","pop":108240,"rank":9,"scalerank":4,"minzoom":5.6,"capital":0,"nation":"rus"},"geometry":{"type":"Point","coordinates":[94.383,51.707]}},{"type":"Feature","properties":{"name":"Mascara","pop":108230,"rank":9,"scalerank":7,"minzoom":6.7,"capital":0,"nation":"dza"},"geometry":{"type":"Point","coordinates":[0.14,35.4]}},{"type":"Feature","properties":{"name":"Oktiabrski","pop":108200,"rank":9,"scalerank":8,"minzoom":7,"capital":0,"nation":"rus"},"geometry":{"type":"Point","coordinates":[53.46,54.46]}},{"type":"Feature","properties":{"name":"Birnin Kebbi","pop":108164,"rank":9,"scalerank":7,"minzoom":6.7,"capital":0,"nation":"nga"},"geometry":{"type":"Point","coordinates":[4.2,12.45]}},{"type":"Feature","properties":{"name":"En Nahud","pop":108008,"rank":9,"scalerank":7,"minzoom":6.1,"capital":0,"nation":"sdn"},"geometry":{"type":"Point","coordinates":[28.42,12.69]}},{"type":"Feature","properties":{"name":"Estelí","pop":107839,"rank":9,"scalerank":8,"minzoom":7,"capital":0,"nation":"nic"},"geometry":{"type":"Point","coordinates":[-86.36,13.09]}},{"type":"Feature","properties":{"name":"Barletta","pop":107830,"rank":9,"scalerank":8,"minzoom":6.1,"capital":0,"nation":"ita"},"geometry":{"type":"Point","coordinates":[16.27,41.32]}},{"type":"Feature","properties":{"name":"Trente","pop":107808,"rank":9,"scalerank":7,"minzoom":6.1,"capital":0,"nation":"ita"},"geometry":{"type":"Point","coordinates":[11.12,46.08]}},{"type":"Feature","properties":{"name":"Escuintla","pop":107638,"rank":9,"scalerank":8,"minzoom":7,"capital":0,"nation":"mex"},"geometry":{"type":"Point","coordinates":[-92.63,15.33]}},{"type":"Feature","properties":{"name":"Escuintla","pop":107638,"rank":9,"scalerank":7,"minzoom":6.7,"capital":0,"nation":"gtm"},"geometry":{"type":"Point","coordinates":[-90.78,14.3]}},{"type":"Feature","properties":{"name":"Kogon","pop":107566,"rank":9,"scalerank":7,"minzoom":6.1,"capital":0,"nation":"uzb"},"geometry":{"type":"Point","coordinates":[64.546,39.721]}},{"type":"Feature","properties":{"name":"Râmnicu Vâlcea","pop":107558,"rank":9,"scalerank":10,"minzoom":9,"capital":0,"nation":"rou"},"geometry":{"type":"Point","coordinates":[24.383,45.11]}},{"type":"Feature","properties":{"name":"Koszalin","pop":107450,"rank":9,"scalerank":8,"minzoom":6.1,"capital":0,"nation":"pol"},"geometry":{"type":"Point","coordinates":[16.183,54.2]}},{"type":"Feature","properties":{"name":"Obninsk","pop":107392,"rank":9,"scalerank":7,"minzoom":6.7,"capital":0,"nation":"rus"},"geometry":{"type":"Point","coordinates":[36.62,55.08]}},{"type":"Feature","properties":{"name":"Shinyanga","pop":107362,"rank":9,"scalerank":7,"minzoom":6.7,"capital":0,"nation":"tza"},"geometry":{"type":"Point","coordinates":[33.42,-3.66]}},{"type":"Feature","properties":{"name":"Luxembourg","pop":107260,"rank":9,"scalerank":6,"minzoom":6,"capital":1,"nation":"lux"},"geometry":{"type":"Point","coordinates":[6.13,49.612]}},{"type":"Feature","properties":{"name":"Västerås","pop":107194,"rank":9,"scalerank":8,"minzoom":6.1,"capital":0,"nation":"swe"},"geometry":{"type":"Point","coordinates":[16.558,59.609]}},{"type":"Feature","properties":{"name":"Tchapaïevsk","pop":107164,"rank":9,"scalerank":8,"minzoom":7,"capital":0,"nation":"rus"},"geometry":{"type":"Point","coordinates":[49.724,52.974]}},{"type":"Feature","properties":{"name":"Luang Prabang","pop":107142,"rank":9,"scalerank":7,"minzoom":6.7,"capital":0,"nation":"lao"},"geometry":{"type":"Point","coordinates":[102.142,19.885]}},{"type":"Feature","properties":{"name":"Ilebo","pop":107093,"rank":9,"scalerank":7,"minzoom":6.1,"capital":0,"nation":"cod"},"geometry":{"type":"Point","coordinates":[20.61,-4.32]}},{"type":"Feature","properties":{"name":"Golmud","pop":107092,"rank":9,"scalerank":4,"minzoom":5,"capital":0,"nation":"chn"},"geometry":{"type":"Point","coordinates":[94.883,36.417]}},{"type":"Feature","properties":{"name":"Apucarana","pop":107085,"rank":9,"scalerank":8,"minzoom":7,"capital":0,"nation":"bra"},"geometry":{"type":"Point","coordinates":[-51.47,-23.55]}},{"type":"Feature","properties":{"name":"Pardubice","pop":107064,"rank":9,"scalerank":7,"minzoom":6.7,"capital":0,"nation":"cze"},"geometry":{"type":"Point","coordinates":[15.76,50.04]}},{"type":"Feature","properties":{"name":"Ratchaburi","pop":106996,"rank":9,"scalerank":7,"minzoom":8,"capital":0,"nation":"tha"},"geometry":{"type":"Point","coordinates":[99.822,13.542]}},{"type":"Feature","properties":{"name":"Elista","pop":106971,"rank":9,"scalerank":6,"minzoom":6,"capital":0,"nation":"rus"},"geometry":{"type":"Point","coordinates":[44.209,46.329]}},{"type":"Feature","properties":{"name":"Taungû","pop":106945,"rank":9,"scalerank":7,"minzoom":6.7,"capital":0,"nation":"mmr"},"geometry":{"type":"Point","coordinates":[96.418,18.948]}},{"type":"Feature","properties":{"name":"Touliu","pop":106653,"rank":9,"scalerank":8,"minzoom":7,"capital":0,"nation":"twn"},"geometry":{"type":"Point","coordinates":[120.544,23.708]}},{"type":"Feature","properties":{"name":"Burao","pop":106593,"rank":9,"scalerank":7,"minzoom":6.1,"capital":0,"nation":"sol"},"geometry":{"type":"Point","coordinates":[45.54,9.52]}},{"type":"Feature","properties":{"name":"Coimbra","pop":106582,"rank":9,"scalerank":7,"minzoom":6.7,"capital":0,"nation":"prt"},"geometry":{"type":"Point","coordinates":[-8.417,40.2]}},{"type":"Feature","properties":{"name":"Drobeta-Turnu Severin","pop":106578,"rank":9,"scalerank":8,"minzoom":7,"capital":0,"nation":"rou"},"geometry":{"type":"Point","coordinates":[22.666,44.646]}},{"type":"Feature","properties":{"name":"Longjiang","pop":106384,"rank":9,"scalerank":7,"minzoom":6.7,"capital":0,"nation":"chn"},"geometry":{"type":"Point","coordinates":[123.18,47.34]}},{"type":"Feature","properties":{"name":"Namur","pop":106284,"rank":9,"scalerank":7,"minzoom":8,"capital":0,"nation":"bel"},"geometry":{"type":"Point","coordinates":[4.87,50.47]}},{"type":"Feature","properties":{"name":"Novotroïtsk","pop":106186,"rank":9,"scalerank":8,"minzoom":7,"capital":0,"nation":"rus"},"geometry":{"type":"Point","coordinates":[58.33,51.2]}},{"type":"Feature","properties":{"name":"Raba","pop":106101,"rank":9,"scalerank":4,"minzoom":5.6,"capital":0,"nation":"idn"},"geometry":{"type":"Point","coordinates":[118.767,-8.45]}},{"type":"Feature","properties":{"name":"Bagé","pop":106098,"rank":9,"scalerank":6,"minzoom":6,"capital":0,"nation":"bra"},"geometry":{"type":"Point","coordinates":[-54.1,-31.32]}},{"type":"Feature","properties":{"name":"Odessa","pop":106054,"rank":9,"scalerank":6,"minzoom":6,"capital":0,"nation":"usa"},"geometry":{"type":"Point","coordinates":[-102.367,31.846]}},{"type":"Feature","properties":{"name":"Derbent","pop":105965,"rank":9,"scalerank":7,"minzoom":6.1,"capital":0,"nation":"rus"},"geometry":{"type":"Point","coordinates":[48.277,42.058]}},{"type":"Feature","properties":{"name":"Suceava","pop":105796,"rank":9,"scalerank":8,"minzoom":7,"capital":0,"nation":"rou"},"geometry":{"type":"Point","coordinates":[26.259,47.638]}},{"type":"Feature","properties":{"name":"Annecy","pop":105749,"rank":9,"scalerank":8,"minzoom":7,"capital":0,"nation":"fra"},"geometry":{"type":"Point","coordinates":[6.117,45.9]}},{"type":"Feature","properties":{"name":"Salto","pop":105690,"rank":9,"scalerank":6,"minzoom":6,"capital":0,"nation":"ury"},"geometry":{"type":"Point","coordinates":[-57.969,-31.39]}},{"type":"Feature","properties":{"name":"Azare","pop":105687,"rank":9,"scalerank":7,"minzoom":6.7,"capital":0,"nation":"nga"},"geometry":{"type":"Point","coordinates":[10.19,11.68]}},{"type":"Feature","properties":{"name":"Lahad Datu","pop":105622,"rank":9,"scalerank":7,"minzoom":6.7,"capital":0,"nation":"mys"},"geometry":{"type":"Point","coordinates":[118.336,5.046]}},{"type":"Feature","properties":{"name":"Sa'dah","pop":105542,"rank":9,"scalerank":6,"minzoom":6,"capital":0,"nation":"yem"},"geometry":{"type":"Point","coordinates":[43.85,16.94]}},{"type":"Feature","properties":{"name":"Assab","pop":105496,"rank":9,"scalerank":4,"minzoom":5.6,"capital":0,"nation":"eri"},"geometry":{"type":"Point","coordinates":[42.73,13.01]}},{"type":"Feature","properties":{"name":"Kon Tum","pop":105489,"rank":9,"scalerank":7,"minzoom":6.7,"capital":0,"nation":"vnm"},"geometry":{"type":"Point","coordinates":[107.983,14.384]}},{"type":"Feature","properties":{"name":"Fresnillo","pop":105488,"rank":9,"scalerank":7,"minzoom":6.7,"capital":0,"nation":"mex"},"geometry":{"type":"Point","coordinates":[-102.86,23.17]}},{"type":"Feature","properties":{"name":"Lugano","pop":105388,"rank":9,"scalerank":7,"minzoom":6.1,"capital":0,"nation":"che"},"geometry":{"type":"Point","coordinates":[8.967,46]}},{"type":"Feature","properties":{"name":"Queenstown","pop":105309,"rank":9,"scalerank":7,"minzoom":6.7,"capital":0,"nation":"zaf"},"geometry":{"type":"Point","coordinates":[26.88,-31.9]}},{"type":"Feature","properties":{"name":"Hòa Bình","pop":105260,"rank":9,"scalerank":7,"minzoom":8,"capital":0,"nation":"vnm"},"geometry":{"type":"Point","coordinates":[105.338,20.814]}},{"type":"Feature","properties":{"name":"Eupatoria","pop":105223,"rank":9,"scalerank":7,"minzoom":6.7,"capital":0,"nation":"rus"},"geometry":{"type":"Point","coordinates":[33.363,45.197]}},{"type":"Feature","properties":{"name":"Granada","pop":105219,"rank":9,"scalerank":7,"minzoom":6.7,"capital":0,"nation":"nic"},"geometry":{"type":"Point","coordinates":[-85.95,11.934]}},{"type":"Feature","properties":{"name":"Kongolo","pop":105202,"rank":9,"scalerank":7,"minzoom":6.7,"capital":0,"nation":"cod"},"geometry":{"type":"Point","coordinates":[26.98,-5.379]}},{"type":"Feature","properties":{"name":"Jizan","pop":105198,"rank":9,"scalerank":6,"minzoom":6,"capital":0,"nation":"sau"},"geometry":{"type":"Point","coordinates":[42.557,16.907]}},{"type":"Feature","properties":{"name":"Pejë","pop":105163,"rank":9,"scalerank":7,"minzoom":6.1,"capital":0,"nation":"xkx"},"geometry":{"type":"Point","coordinates":[20.311,42.66]}},{"type":"Feature","properties":{"name":"Utica","pop":105150,"rank":9,"scalerank":7,"minzoom":6.7,"capital":0,"nation":"usa"},"geometry":{"type":"Point","coordinates":[-75.233,43.101]}},{"type":"Feature","properties":{"name":"Focșani","pop":105112,"rank":9,"scalerank":8,"minzoom":7,"capital":0,"nation":"rou"},"geometry":{"type":"Point","coordinates":[27.187,45.697]}},{"type":"Feature","properties":{"name":"Linhares","pop":105075,"rank":9,"scalerank":6,"minzoom":6,"capital":0,"nation":"bra"},"geometry":{"type":"Point","coordinates":[-40.05,-19.39]}},{"type":"Feature","properties":{"name":"Cottbus","pop":105067,"rank":9,"scalerank":7,"minzoom":6.7,"capital":0,"nation":"deu"},"geometry":{"type":"Point","coordinates":[14.33,51.77]}},{"type":"Feature","properties":{"name":"Koutiala","pop":104927,"rank":9,"scalerank":7,"minzoom":6.7,"capital":0,"nation":"mli"},"geometry":{"type":"Point","coordinates":[-5.47,12.39]}},{"type":"Feature","properties":{"name":"Prijedor","pop":104858,"rank":9,"scalerank":7,"minzoom":6.7,"capital":0,"nation":"bih"},"geometry":{"type":"Point","coordinates":[16.7,44.98]}},{"type":"Feature","properties":{"name":"Iéna","pop":104712,"rank":9,"scalerank":7,"minzoom":6.7,"capital":0,"nation":"deu"},"geometry":{"type":"Point","coordinates":[11.58,50.93]}},{"type":"Feature","properties":{"name":"Gera","pop":104659,"rank":9,"scalerank":7,"minzoom":6.7,"capital":0,"nation":"deu"},"geometry":{"type":"Point","coordinates":[12.07,50.87]}},{"type":"Feature","properties":{"name":"Torbat-e Jam","pop":104578,"rank":9,"scalerank":7,"minzoom":6.7,"capital":0,"nation":"irn"},"geometry":{"type":"Point","coordinates":[60.613,35.223]}},{"type":"Feature","properties":{"name":"Billings","pop":104552,"rank":9,"scalerank":4,"minzoom":5.6,"capital":0,"nation":"usa"},"geometry":{"type":"Point","coordinates":[-108.54,45.788]}},{"type":"Feature","properties":{"name":"Nong Khai","pop":104505,"rank":9,"scalerank":7,"minzoom":6.7,"capital":0,"nation":"tha"},"geometry":{"type":"Point","coordinates":[102.748,17.873]}},{"type":"Feature","properties":{"name":"Brindisi","pop":104437,"rank":9,"scalerank":7,"minzoom":6.1,"capital":0,"nation":"ita"},"geometry":{"type":"Point","coordinates":[17.93,40.64]}},{"type":"Feature","properties":{"name":"Mmabatho","pop":104428,"rank":9,"scalerank":6,"minzoom":6,"capital":0,"nation":"zaf"},"geometry":{"type":"Point","coordinates":[25.61,-25.83]}},{"type":"Feature","properties":{"name":"Djezkazgan","pop":104357,"rank":9,"scalerank":6,"minzoom":6,"capital":0,"nation":"kaz"},"geometry":{"type":"Point","coordinates":[67.77,47.78]}},{"type":"Feature","properties":{"name":"Tandil","pop":104325,"rank":9,"scalerank":6,"minzoom":6,"capital":0,"nation":"arg"},"geometry":{"type":"Point","coordinates":[-59.15,-37.32]}},{"type":"Feature","properties":{"name":"San Antonio","pop":104292,"rank":9,"scalerank":7,"minzoom":6.7,"capital":0,"nation":"chl"},"geometry":{"type":"Point","coordinates":[-71.61,-33.6]}},{"type":"Feature","properties":{"name":"Maumere","pop":104285,"rank":9,"scalerank":7,"minzoom":6.7,"capital":0,"nation":"idn"},"geometry":{"type":"Point","coordinates":[122.212,-8.619]}},{"type":"Feature","properties":{"name":"Albury","pop":104258,"rank":9,"scalerank":6,"minzoom":6,"capital":0,"nation":"aus"},"geometry":{"type":"Point","coordinates":[146.92,-36.06]}},{"type":"Feature","properties":{"name":"Grand Junction","pop":104214,"rank":9,"scalerank":6,"minzoom":6,"capital":0,"nation":"usa"},"geometry":{"type":"Point","coordinates":[-108.55,39.094]}},{"type":"Feature","properties":{"name":"Qamichli","pop":104107,"rank":9,"scalerank":8,"minzoom":7,"capital":0,"nation":"syr"},"geometry":{"type":"Point","coordinates":[41.23,37.03]}},{"type":"Feature","properties":{"name":"Adigrat","pop":104021,"rank":9,"scalerank":7,"minzoom":6.7,"capital":0,"nation":"eth"},"geometry":{"type":"Point","coordinates":[39.47,14.28]}},{"type":"Feature","properties":{"name":"Abengourou","pop":104020,"rank":9,"scalerank":7,"minzoom":6.7,"capital":0,"nation":"civ"},"geometry":{"type":"Point","coordinates":[-3.49,6.73]}},{"type":"Feature","properties":{"name":"Kisseliovsk","pop":104000,"rank":9,"scalerank":8,"minzoom":7,"capital":0,"nation":"rus"},"geometry":{"type":"Point","coordinates":[86.64,54]}},{"type":"Feature","properties":{"name":"Kroonstad","pop":103992,"rank":9,"scalerank":6,"minzoom":6,"capital":0,"nation":"zaf"},"geometry":{"type":"Point","coordinates":[27.21,-27.66]}},{"type":"Feature","properties":{"name":"Ad-Damir","pop":103941,"rank":9,"scalerank":6,"minzoom":6,"capital":0,"nation":"sdn"},"geometry":{"type":"Point","coordinates":[33.96,17.59]}},{"type":"Feature","properties":{"name":"Dolisie","pop":103894,"rank":9,"scalerank":7,"minzoom":6.7,"capital":0,"nation":"cog"},"geometry":{"type":"Point","coordinates":[12.67,-4.18]}},{"type":"Feature","properties":{"name":"Lynchburg","pop":103893,"rank":9,"scalerank":6,"minzoom":6.7,"capital":0,"nation":"usa"},"geometry":{"type":"Point","coordinates":[-79.142,37.414]}},{"type":"Feature","properties":{"name":"Kilinochchi","pop":103717,"rank":9,"scalerank":7,"minzoom":6.7,"capital":0,"nation":"lka"},"geometry":{"type":"Point","coordinates":[80.4,9.4]}},{"type":"Feature","properties":{"name":"Ahar","pop":103639,"rank":9,"scalerank":8,"minzoom":7,"capital":0,"nation":"irn"},"geometry":{"type":"Point","coordinates":[47.063,38.483]}},{"type":"Feature","properties":{"name":"Biak","pop":103610,"rank":9,"scalerank":7,"minzoom":6.1,"capital":0,"nation":"idn"},"geometry":{"type":"Point","coordinates":[136.048,-1.161]}},{"type":"Feature","properties":{"name":"Gardêz","pop":103601,"rank":9,"scalerank":7,"minzoom":6.7,"capital":0,"nation":"afg"},"geometry":{"type":"Point","coordinates":[69.215,33.6]}},{"type":"Feature","properties":{"name":"Konotop","pop":103547,"rank":9,"scalerank":8,"minzoom":7,"capital":0,"nation":"ukr"},"geometry":{"type":"Point","coordinates":[33.209,51.242]}},{"type":"Feature","properties":{"name":"Marsa Matruh","pop":103470,"rank":9,"scalerank":7,"minzoom":6.1,"capital":0,"nation":"egy"},"geometry":{"type":"Point","coordinates":[27.23,31.35]}},{"type":"Feature","properties":{"name":"Prabumulih","pop":103470,"rank":9,"scalerank":7,"minzoom":6.7,"capital":0,"nation":"idn"},"geometry":{"type":"Point","coordinates":[104.231,-3.443]}},{"type":"Feature","properties":{"name":"Guaymas","pop":103449,"rank":9,"scalerank":4,"minzoom":5.6,"capital":0,"nation":"mex"},"geometry":{"type":"Point","coordinates":[-110.89,27.93]}},{"type":"Feature","properties":{"name":"Parral","pop":103378,"rank":9,"scalerank":8,"minzoom":7,"capital":0,"nation":"mex"},"geometry":{"type":"Point","coordinates":[-105.667,26.933]}},{"type":"Feature","properties":{"name":"Vinh Long","pop":103314,"rank":9,"scalerank":10,"minzoom":9,"capital":0,"nation":"vnm"},"geometry":{"type":"Point","coordinates":[105.964,10.256]}},{"type":"Feature","properties":{"name":"Velikié Louki","pop":103149,"rank":9,"scalerank":6,"minzoom":6,"capital":0,"nation":"rus"},"geometry":{"type":"Point","coordinates":[30.52,56.32]}},{"type":"Feature","properties":{"name":"Palma Soriano","pop":102826,"rank":9,"scalerank":8,"minzoom":7,"capital":0,"nation":"cub"},"geometry":{"type":"Point","coordinates":[-75.999,20.217]}},{"type":"Feature","properties":{"name":"Pedro Juan Caballero","pop":102787,"rank":9,"scalerank":7,"minzoom":6.7,"capital":0,"nation":"pry"},"geometry":{"type":"Point","coordinates":[-55.76,-22.545]}},{"type":"Feature","properties":{"name":"Paksé","pop":102775,"rank":9,"scalerank":7,"minzoom":6.7,"capital":0,"nation":"lao"},"geometry":{"type":"Point","coordinates":[105.818,15.122]}},{"type":"Feature","properties":{"name":"Piatra Neamț","pop":102688,"rank":9,"scalerank":10,"minzoom":7,"capital":0,"nation":"rou"},"geometry":{"type":"Point","coordinates":[26.383,46.94]}},{"type":"Feature","properties":{"name":"Roxas","pop":102688,"rank":9,"scalerank":6,"minzoom":6,"capital":0,"nation":"phl"},"geometry":{"type":"Point","coordinates":[122.751,11.585]}},{"type":"Feature","properties":{"name":"Kennewick","pop":102504,"rank":9,"scalerank":8,"minzoom":7,"capital":0,"nation":"usa"},"geometry":{"type":"Point","coordinates":[-119.136,46.211]}},{"type":"Feature","properties":{"name":"Grudziądz","pop":102443,"rank":9,"scalerank":7,"minzoom":6.7,"capital":0,"nation":"pol"},"geometry":{"type":"Point","coordinates":[18.75,53.48]}},{"type":"Feature","properties":{"name":"Houma","pop":102400,"rank":9,"scalerank":4,"minzoom":5.1,"capital":0,"nation":"chn"},"geometry":{"type":"Point","coordinates":[111.21,35.62]}},{"type":"Feature","properties":{"name":"Lower Hutt","pop":102400,"rank":9,"scalerank":8,"minzoom":7,"capital":0,"nation":"nzl"},"geometry":{"type":"Point","coordinates":[174.912,-41.204]}},{"type":"Feature","properties":{"name":"Oukhta","pop":102187,"rank":9,"scalerank":6,"minzoom":6,"capital":0,"nation":"rus"},"geometry":{"type":"Point","coordinates":[53.69,63.56]}},{"type":"Feature","properties":{"name":"Liberec","pop":102175,"rank":9,"scalerank":8,"minzoom":7,"capital":0,"nation":"cze"},"geometry":{"type":"Point","coordinates":[15.08,50.8]}},{"type":"Feature","properties":{"name":"Bethal","pop":101919,"rank":9,"scalerank":7,"minzoom":6.7,"capital":0,"nation":"zaf"},"geometry":{"type":"Point","coordinates":[29.45,-26.47]}},{"type":"Feature","properties":{"name":"Council Bluffs","pop":101805,"rank":9,"scalerank":7,"minzoom":6.7,"capital":0,"nation":"usa"},"geometry":{"type":"Point","coordinates":[-95.861,41.262]}},{"type":"Feature","properties":{"name":"Monroe","pop":101724,"rank":9,"scalerank":7,"minzoom":6.1,"capital":0,"nation":"usa"},"geometry":{"type":"Point","coordinates":[-92.119,32.51]}},{"type":"Feature","properties":{"name":"Bontang","pop":101691,"rank":9,"scalerank":6,"minzoom":6,"capital":0,"nation":"idn"},"geometry":{"type":"Point","coordinates":[117.5,0.133]}},{"type":"Feature","properties":{"name":"Teluk Intan","pop":101659,"rank":9,"scalerank":7,"minzoom":6.7,"capital":0,"nation":"mys"},"geometry":{"type":"Point","coordinates":[101.031,4.012]}},{"type":"Feature","properties":{"name":"Ibri","pop":101640,"rank":9,"scalerank":7,"minzoom":6.7,"capital":0,"nation":"omn"},"geometry":{"type":"Point","coordinates":[56.517,23.225]}},{"type":"Feature","properties":{"name":"Dera Ismail Khan","pop":101616,"rank":9,"scalerank":7,"minzoom":6.7,"capital":0,"nation":"pak"},"geometry":{"type":"Point","coordinates":[70.899,31.829]}},{"type":"Feature","properties":{"name":"Kansk","pop":101502,"rank":9,"scalerank":6,"minzoom":6,"capital":0,"nation":"rus"},"geometry":{"type":"Point","coordinates":[95.71,56.19]}},{"type":"Feature","properties":{"name":"Sarapoul","pop":101344,"rank":9,"scalerank":7,"minzoom":6.7,"capital":0,"nation":"rus"},"geometry":{"type":"Point","coordinates":[53.799,56.479]}},{"type":"Feature","properties":{"name":"Maladetchna","pop":101300,"rank":9,"scalerank":8,"minzoom":7,"capital":0,"nation":"blr"},"geometry":{"type":"Point","coordinates":[26.865,54.319]}},{"type":"Feature","properties":{"name":"Olomouc","pop":101268,"rank":9,"scalerank":8,"minzoom":7,"capital":0,"nation":"cze"},"geometry":{"type":"Point","coordinates":[17.257,49.587]}},{"type":"Feature","properties":{"name":"Barretos","pop":101220,"rank":9,"scalerank":8,"minzoom":7,"capital":0,"nation":"bra"},"geometry":{"type":"Point","coordinates":[-48.58,-20.55]}},{"type":"Feature","properties":{"name":"Wichita Falls","pop":101212,"rank":9,"scalerank":6,"minzoom":6,"capital":0,"nation":"usa"},"geometry":{"type":"Point","coordinates":[-98.493,33.914]}},{"type":"Feature","properties":{"name":"Muskegon","pop":101177,"rank":9,"scalerank":7,"minzoom":6.7,"capital":0,"nation":"usa"},"geometry":{"type":"Point","coordinates":[-86.248,43.235]}},{"type":"Feature","properties":{"name":"Teófilo Otoni","pop":101170,"rank":9,"scalerank":6,"minzoom":6,"capital":0,"nation":"bra"},"geometry":{"type":"Point","coordinates":[-41.5,-17.87]}},{"type":"Feature","properties":{"name":"Kilju","pop":101165,"rank":9,"scalerank":7,"minzoom":6.7,"capital":0,"nation":"prk"},"geometry":{"type":"Point","coordinates":[129.32,40.96]}},{"type":"Feature","properties":{"name":"Duitama","pop":101156,"rank":9,"scalerank":7,"minzoom":6.7,"capital":0,"nation":"col"},"geometry":{"type":"Point","coordinates":[-73.02,5.83]}},{"type":"Feature","properties":{"name":"Vanadzor","pop":101098,"rank":9,"scalerank":8,"minzoom":7,"capital":0,"nation":"arm"},"geometry":{"type":"Point","coordinates":[44.488,40.813]}},{"type":"Feature","properties":{"name":"Tartu","pop":101092,"rank":9,"scalerank":6,"minzoom":6,"capital":0,"nation":"est"},"geometry":{"type":"Point","coordinates":[26.71,58.384]}},{"type":"Feature","properties":{"name":"Novare","pop":100910,"rank":9,"scalerank":8,"minzoom":8,"capital":0,"nation":"ita"},"geometry":{"type":"Point","coordinates":[8.62,45.45]}},{"type":"Feature","properties":{"name":"Oum El Bouaghi","pop":100821,"rank":9,"scalerank":10,"minzoom":9,"capital":0,"nation":"dza"},"geometry":{"type":"Point","coordinates":[7.15,35.85]}},{"type":"Feature","properties":{"name":"Solikamsk","pop":100812,"rank":9,"scalerank":8,"minzoom":7,"capital":0,"nation":"rus"},"geometry":{"type":"Point","coordinates":[56.75,59.67]}},{"type":"Feature","properties":{"name":"Glazov","pop":100676,"rank":9,"scalerank":7,"minzoom":6.1,"capital":0,"nation":"rus"},"geometry":{"type":"Point","coordinates":[52.629,58.123]}},{"type":"Feature","properties":{"name":"Ancône","pop":100507,"rank":9,"scalerank":7,"minzoom":6.1,"capital":0,"nation":"ita"},"geometry":{"type":"Point","coordinates":[13.5,43.6]}},{"type":"Feature","properties":{"name":"Bukoba","pop":100504,"rank":9,"scalerank":7,"minzoom":6.7,"capital":0,"nation":"tza"},"geometry":{"type":"Point","coordinates":[31.8,-1.32]}},{"type":"Feature","properties":{"name":"Kpalimé","pop":100479,"rank":9,"scalerank":7,"minzoom":6.7,"capital":0,"nation":"tgo"},"geometry":{"type":"Point","coordinates":[0.63,6.9]}},{"type":"Feature","properties":{"name":"Sakata","pop":100446,"rank":9,"scalerank":4,"minzoom":5.6,"capital":0,"nation":"jpn"},"geometry":{"type":"Point","coordinates":[139.85,38.92]}},{"type":"Feature","properties":{"name":"Magangué","pop":100313,"rank":9,"scalerank":8,"minzoom":7,"capital":0,"nation":"col"},"geometry":{"type":"Point","coordinates":[-74.74,9.23]}},{"type":"Feature","properties":{"name":"Bloomington","pop":100310,"rank":9,"scalerank":7,"minzoom":6.7,"capital":0,"nation":"usa"},"geometry":{"type":"Point","coordinates":[-86.526,39.166]}},{"type":"Feature","properties":{"name":"Oust-Ilimsk","pop":100271,"rank":9,"scalerank":4,"minzoom":5.6,"capital":0,"nation":"rus"},"geometry":{"type":"Point","coordinates":[102.633,57.99]}},{"type":"Feature","properties":{"name":"Sebha","pop":100249,"rank":9,"scalerank":3,"minzoom":5,"capital":0,"nation":"lby"},"geometry":{"type":"Point","coordinates":[14.433,27.033]}},{"type":"Feature","properties":{"name":"Lida","pop":100216,"rank":9,"scalerank":7,"minzoom":6.1,"capital":0,"nation":"blr"},"geometry":{"type":"Point","coordinates":[25.285,53.888]}},{"type":"Feature","properties":{"name":"Panama City","pop":100072,"rank":9,"scalerank":8,"minzoom":7,"capital":0,"nation":"usa"},"geometry":{"type":"Point","coordinates":[-85.655,30.159]}},{"type":"Feature","properties":{"name":"Arlit","pop":100000,"rank":8,"scalerank":6,"minzoom":6,"capital":0,"nation":"ner"},"geometry":{"type":"Point","coordinates":[7.389,18.736]}},{"type":"Feature","properties":{"name":"préfecture de Qamdo","pop":100000,"rank":8,"scalerank":6,"minzoom":6,"capital":0,"nation":"chn"},"geometry":{"type":"Point","coordinates":[97.181,31.141]}},{"type":"Feature","properties":{"name":"Esna","pop":100000,"rank":8,"scalerank":7,"minzoom":6.7,"capital":0,"nation":"egy"},"geometry":{"type":"Point","coordinates":[32.55,25.29]}},{"type":"Feature","properties":{"name":"Subotica","pop":100000,"rank":8,"scalerank":8,"minzoom":6.1,"capital":0,"nation":"srb"},"geometry":{"type":"Point","coordinates":[19.68,46.07]}},{"type":"Feature","properties":{"name":"Thimphou","pop":98676,"rank":8,"scalerank":3,"minzoom":5,"capital":1,"nation":"btn"},"geometry":{"type":"Point","coordinates":[89.639,27.473]}},{"type":"Feature","properties":{"name":"Mbabane","pop":90138,"rank":8,"scalerank":4,"minzoom":5.6,"capital":1,"nation":"swz"},"geometry":{"type":"Point","coordinates":[31.133,-26.317]}},{"type":"Feature","properties":{"name":"São Tomé","pop":88219,"rank":8,"scalerank":3,"minzoom":5,"capital":1,"nation":"stp"},"geometry":{"type":"Point","coordinates":[6.73,0.337]}},{"type":"Feature","properties":{"name":"Honiara","pop":76328,"rank":8,"scalerank":3,"minzoom":5,"capital":1,"nation":"slb"},"geometry":{"type":"Point","coordinates":[159.95,-9.438]}},{"type":"Feature","properties":{"name":"Apia","pop":61916,"rank":8,"scalerank":3,"minzoom":5,"capital":1,"nation":"wsm"},"geometry":{"type":"Point","coordinates":[-171.769,-13.836]}},{"type":"Feature","properties":{"name":"Andorre-la-Vieille","pop":53998,"rank":8,"scalerank":6,"minzoom":6,"capital":1,"nation":"and"},"geometry":{"type":"Point","coordinates":[1.527,42.511]}},{"type":"Feature","properties":{"name":"Hamilton","pop":52320,"rank":8,"scalerank":3,"minzoom":5,"capital":1,"nation":"gbr"},"geometry":{"type":"Point","coordinates":[-64.784,32.294]}},{"type":"Feature","properties":{"name":"Kingstown","pop":49485,"rank":7,"scalerank":4,"minzoom":5.1,"capital":1,"nation":"vct"},"geometry":{"type":"Point","coordinates":[-61.22,13.156]}},{"type":"Feature","properties":{"name":"Port-Vila","pop":44040,"rank":7,"scalerank":3,"minzoom":4,"capital":1,"nation":"vut"},"geometry":{"type":"Point","coordinates":[168.317,-17.733]}},{"type":"Feature","properties":{"name":"Banjul","pop":43094,"rank":7,"scalerank":4,"minzoom":5.6,"capital":1,"nation":"gmb"},"geometry":{"type":"Point","coordinates":[-16.592,13.454]}},{"type":"Feature","properties":{"name":"Nukuʻalofa","pop":42620,"rank":7,"scalerank":3,"minzoom":5,"capital":1,"nation":"ton"},"geometry":{"type":"Point","coordinates":[-175.221,-21.139]}},{"type":"Feature","properties":{"name":"Castries","pop":37963,"rank":7,"scalerank":4,"minzoom":5.6,"capital":1,"nation":"lca"},"geometry":{"type":"Point","coordinates":[-60.993,14.008]}},{"type":"Feature","properties":{"name":"Monaco","pop":36371,"rank":7,"scalerank":6,"minzoom":5.1,"capital":1,"nation":"mco"},"geometry":{"type":"Point","coordinates":[7.407,43.74]}},{"type":"Feature","properties":{"name":"Vaduz","pop":36281,"rank":7,"scalerank":7,"minzoom":6.7,"capital":1,"nation":"lie"},"geometry":{"type":"Point","coordinates":[9.517,47.134]}},{"type":"Feature","properties":{"name":"Saint John's","pop":35499,"rank":7,"scalerank":4,"minzoom":5.1,"capital":1,"nation":"atg"},"geometry":{"type":"Point","coordinates":[-61.85,17.118]}},{"type":"Feature","properties":{"name":"Saint-Georges","pop":33734,"rank":7,"scalerank":4,"minzoom":5.1,"capital":1,"nation":"grd"},"geometry":{"type":"Point","coordinates":[-61.742,12.053]}},{"type":"Feature","properties":{"name":"Victoria","pop":33576,"rank":7,"scalerank":3,"minzoom":5,"capital":1,"nation":"syc"},"geometry":{"type":"Point","coordinates":[55.45,-4.617]}},{"type":"Feature","properties":{"name":"Saint-Marin","pop":29579,"rank":7,"scalerank":7,"minzoom":6.1,"capital":1,"nation":"smr"},"geometry":{"type":"Point","coordinates":[12.442,43.936]}},{"type":"Feature","properties":{"name":"Tarawa-Sud","pop":28802,"rank":7,"scalerank":6,"minzoom":6,"capital":1,"nation":"kir"},"geometry":{"type":"Point","coordinates":[173.018,1.338]}},{"type":"Feature","properties":{"name":"Majuro","pop":25400,"rank":7,"scalerank":6,"minzoom":6,"capital":1,"nation":"mhl"},"geometry":{"type":"Point","coordinates":[171.38,7.103]}},{"type":"Feature","properties":{"name":"Roseau","pop":23336,"rank":7,"scalerank":4,"minzoom":5.1,"capital":1,"nation":"dma"},"geometry":{"type":"Point","coordinates":[-61.387,15.301]}},{"type":"Feature","properties":{"name":"Basseterre","pop":21887,"rank":7,"scalerank":4,"minzoom":5.6,"capital":1,"nation":"kna"},"geometry":{"type":"Point","coordinates":[-62.717,17.302]}},{"type":"Feature","properties":{"name":"Belmopan","pop":15220,"rank":6,"scalerank":3,"minzoom":5,"capital":1,"nation":"blz"},"geometry":{"type":"Point","coordinates":[-88.767,17.252]}},{"type":"Feature","properties":{"name":"Melekeok","pop":7026,"rank":5,"scalerank":6,"minzoom":6,"capital":1,"nation":"plw"},"geometry":{"type":"Point","coordinates":[134.627,7.487]}},{"type":"Feature","properties":{"name":"Funafuti","pop":4749,"rank":4,"scalerank":6,"minzoom":6,"capital":1,"nation":"tuv"},"geometry":{"type":"Point","coordinates":[179.217,-8.517]}},{"type":"Feature","properties":{"name":"Palikir","pop":4645,"rank":4,"scalerank":6,"minzoom":6,"capital":1,"nation":"fsm"},"geometry":{"type":"Point","coordinates":[158.15,6.917]}},{"type":"Feature","properties":{"name":"Cité du Vatican","pop":832,"rank":2,"scalerank":8,"minzoom":7,"capital":1,"nation":"vat"},"geometry":{"type":"Point","coordinates":[12.453,41.903]}}]}
